trajectory_id,target
te000000,1.750117769681555
te000001,1.750117769681555
te000002,1.750117769681555
te000003,1.750117769681555
te000004,1.750117769681555
te000005,1.750117769681555
te000006,1.750117769681555
te000007,1.750117769681555
te000008,1.750117769681555
te000009,1.750117769681555
te000010,1.750117769681555
te000011,1.750117769681555
te000012,1.750117769681555
te000013,1.750117769681555
te000014,1.750117769681555
te000015,1.750117769681555
te000016,1.750117769681555
te000017,1.750117769681555
te000018,1.750117769681555
te000019,1.750117769681555
te000020,1.750117769681555
te000021,1.750117769681555
te000022,1.750117769681555
te000023,1.750117769681555
te000024,1.750117769681555
te000025,1.750117769681555
te000026,1.750117769681555
te000027,1.750117769681555
te000028,1.750117769681555
te000029,1.750117769681555
te000030,1.750117769681555
te000031,1.750117769681555
te000032,1.750117769681555
te000033,1.750117769681555
te000034,1.750117769681555
te000035,1.750117769681555
te000036,1.750117769681555
te000037,1.750117769681555
te000038,1.750117769681555
te000039,1.750117769681555
te000040,1.750117769681555
te000041,1.750117769681555
te000042,1.750117769681555
te000043,1.750117769681555
te000044,1.750117769681555
te000045,1.750117769681555
te000046,1.750117769681555
te000047,1.750117769681555
te000048,1.750117769681555
te000049,1.750117769681555
te000050,1.750117769681555
te000051,1.750117769681555
te000052,1.750117769681555
te000053,1.750117769681555
te000054,1.750117769681555
te000055,1.750117769681555
te000056,1.750117769681555
te000057,1.750117769681555
te000058,1.750117769681555
te000059,1.750117769681555
te000060,1.750117769681555
te000061,1.750117769681555
te000062,1.750117769681555
te000063,1.750117769681555
te000064,1.750117769681555
te000065,1.750117769681555
te000066,1.750117769681555
te000067,1.750117769681555
te000068,1.750117769681555
te000069,1.750117769681555
te000070,1.750117769681555
te000071,1.750117769681555
te000072,1.750117769681555
te000073,1.750117769681555
te000074,1.750117769681555
te000075,1.750117769681555
te000076,1.750117769681555
te000077,1.750117769681555
te000078,1.750117769681555
te000079,1.750117769681555
te000080,1.750117769681555
te000081,1.750117769681555
te000082,1.750117769681555
te000083,1.750117769681555
te000084,1.750117769681555
te000085,1.750117769681555
te000086,1.750117769681555
te000087,1.750117769681555
te000088,1.750117769681555
te000089,1.750117769681555
te000090,1.750117769681555
te000091,1.750117769681555
te000092,1.750117769681555
te000093,1.750117769681555
te000094,1.750117769681555
te000095,1.750117769681555
te000096,1.750117769681555
te000097,1.750117769681555
te000098,1.750117769681555
te000099,1.750117769681555
te000100,1.750117769681555
te000101,1.750117769681555
te000102,1.750117769681555
te000103,1.750117769681555
te000104,1.750117769681555
te000105,1.750117769681555
te000106,1.750117769681555
te000107,1.750117769681555
te000108,1.750117769681555
te000109,1.750117769681555
te000110,1.750117769681555
te000111,1.750117769681555
te000112,1.750117769681555
te000113,1.750117769681555
te000114,1.750117769681555
te000115,1.750117769681555
te000116,1.750117769681555
te000117,1.750117769681555
te000118,1.750117769681555
te000119,1.750117769681555
te000120,1.750117769681555
te000121,1.750117769681555
te000122,1.750117769681555
te000123,1.750117769681555
te000124,1.750117769681555
te000125,1.750117769681555
te000126,1.750117769681555
te000127,1.750117769681555
te000128,1.750117769681555
te000129,1.750117769681555
te000130,1.750117769681555
te000131,1.750117769681555
te000132,1.750117769681555
te000133,1.750117769681555
te000134,1.750117769681555
te000135,1.750117769681555
te000136,1.750117769681555
te000137,1.750117769681555
te000138,1.750117769681555
te000139,1.750117769681555
te000140,1.750117769681555
te000141,1.750117769681555
te000142,1.750117769681555
te000143,1.750117769681555
te000144,1.750117769681555
te000145,1.750117769681555
te000146,1.750117769681555
te000147,1.750117769681555
te000148,1.750117769681555
te000149,1.750117769681555
te000150,1.750117769681555
te000151,1.750117769681555
te000152,1.750117769681555
te000153,1.750117769681555
te000154,1.750117769681555
te000155,1.750117769681555
te000156,1.750117769681555
te000157,1.750117769681555
te000158,1.750117769681555
te000159,1.750117769681555
te000160,1.750117769681555
te000161,1.750117769681555
te000162,1.750117769681555
te000163,1.750117769681555
te000164,1.750117769681555
te000165,1.750117769681555
te000166,1.750117769681555
te000167,1.750117769681555
te000168,1.750117769681555
te000169,1.750117769681555
te000170,1.750117769681555
te000171,1.750117769681555
te000172,1.750117769681555
te000173,1.750117769681555
te000174,1.750117769681555
te000175,1.750117769681555
te000176,1.750117769681555
te000177,1.750117769681555
te000178,1.750117769681555
te000179,1.750117769681555
te000180,1.750117769681555
te000181,1.750117769681555
te000182,1.750117769681555
te000183,1.750117769681555
te000184,1.750117769681555
te000185,1.750117769681555
te000186,1.750117769681555
te000187,1.750117769681555
te000188,1.750117769681555
te000189,1.750117769681555
te000190,1.750117769681555
te000191,1.750117769681555
te000192,1.750117769681555
te000193,1.750117769681555
te000194,1.750117769681555
te000195,1.750117769681555
te000196,1.750117769681555
te000197,1.750117769681555
te000198,1.750117769681555
te000199,1.750117769681555
te000200,1.750117769681555
te000201,1.750117769681555
te000202,1.750117769681555
te000203,1.750117769681555
te000204,1.750117769681555
te000205,1.750117769681555
te000206,1.750117769681555
te000207,1.750117769681555
te000208,1.750117769681555
te000209,1.750117769681555
te000210,1.750117769681555
te000211,1.750117769681555
te000212,1.750117769681555
te000213,1.750117769681555
te000214,1.750117769681555
te000215,1.750117769681555
te000216,1.750117769681555
te000217,1.750117769681555
te000218,1.750117769681555
te000219,1.750117769681555
te000220,1.750117769681555
te000221,1.750117769681555
te000222,1.750117769681555
te000223,1.750117769681555
te000224,1.750117769681555
te000225,1.750117769681555
te000226,1.750117769681555
te000227,1.750117769681555
te000228,1.750117769681555
te000229,1.750117769681555
te000230,1.750117769681555
te000231,1.750117769681555
te000232,1.750117769681555
te000233,1.750117769681555
te000234,1.750117769681555
te000235,1.750117769681555
te000236,1.750117769681555
te000237,1.750117769681555
te000238,1.750117769681555
te000239,1.750117769681555
te000240,1.750117769681555
te000241,1.750117769681555
te000242,1.750117769681555
te000243,1.750117769681555
te000244,1.750117769681555
te000245,1.750117769681555
te000246,1.750117769681555
te000247,1.750117769681555
te000248,1.750117769681555
te000249,1.750117769681555
te000250,1.750117769681555
te000251,1.750117769681555
te000252,1.750117769681555
te000253,1.750117769681555
te000254,1.750117769681555
te000255,1.750117769681555
te000256,1.750117769681555
te000257,1.750117769681555
te000258,1.750117769681555
te000259,1.750117769681555
te000260,1.750117769681555
te000261,1.750117769681555
te000262,1.750117769681555
te000263,1.750117769681555
te000264,1.750117769681555
te000265,1.750117769681555
te000266,1.750117769681555
te000267,1.750117769681555
te000268,1.750117769681555
te000269,1.750117769681555
te000270,1.750117769681555
te000271,1.750117769681555
te000272,1.750117769681555
te000273,1.750117769681555
te000274,1.750117769681555
te000275,1.750117769681555
te000276,1.750117769681555
te000277,1.750117769681555
te000278,1.750117769681555
te000279,1.750117769681555
te000280,1.750117769681555
te000281,1.750117769681555
te000282,1.750117769681555
te000283,1.750117769681555
te000284,1.750117769681555
te000285,1.750117769681555
te000286,1.750117769681555
te000287,1.750117769681555
te000288,1.750117769681555
te000289,1.750117769681555
te000290,1.750117769681555
te000291,1.750117769681555
te000292,1.750117769681555
te000293,1.750117769681555
te000294,1.750117769681555
te000295,1.750117769681555
te000296,1.750117769681555
te000297,1.750117769681555
te000298,1.750117769681555
te000299,1.750117769681555
te000300,1.750117769681555
te000301,1.750117769681555
te000302,1.750117769681555
te000303,1.750117769681555
te000304,1.750117769681555
te000305,1.750117769681555
te000306,1.750117769681555
te000307,1.750117769681555
te000308,1.750117769681555
te000309,1.750117769681555
te000310,1.750117769681555
te000311,1.750117769681555
te000312,1.750117769681555
te000313,1.750117769681555
te000314,1.750117769681555
te000315,1.750117769681555
te000316,1.750117769681555
te000317,1.750117769681555
te000318,1.750117769681555
te000319,1.750117769681555
te000320,1.750117769681555
te000321,1.750117769681555
te000322,1.750117769681555
te000323,1.750117769681555
te000324,1.750117769681555
te000325,1.750117769681555
te000326,1.750117769681555
te000327,1.750117769681555
te000328,1.750117769681555
te000329,1.750117769681555
te000330,1.750117769681555
te000331,1.750117769681555
te000332,1.750117769681555
te000333,1.750117769681555
te000334,1.750117769681555
te000335,1.750117769681555
te000336,1.750117769681555
te000337,1.750117769681555
te000338,1.750117769681555
te000339,1.750117769681555
te000340,1.750117769681555
te000341,1.750117769681555
te000342,1.750117769681555
te000343,1.750117769681555
te000344,1.750117769681555
te000345,1.750117769681555
te000346,1.750117769681555
te000347,1.750117769681555
te000348,1.750117769681555
te000349,1.750117769681555
te000350,1.750117769681555
te000351,1.750117769681555
te000352,1.750117769681555
te000353,1.750117769681555
te000354,1.750117769681555
te000355,1.750117769681555
te000356,1.750117769681555
te000357,1.750117769681555
te000358,1.750117769681555
te000359,1.750117769681555
te000360,1.750117769681555
te000361,1.750117769681555
te000362,1.750117769681555
te000363,1.750117769681555
te000364,1.750117769681555
te000365,1.750117769681555
te000366,1.750117769681555
te000367,1.750117769681555
te000368,1.750117769681555
te000369,1.750117769681555
te000370,1.750117769681555
te000371,1.750117769681555
te000372,1.750117769681555
te000373,1.750117769681555
te000374,1.750117769681555
te000375,1.750117769681555
te000376,1.750117769681555
te000377,1.750117769681555
te000378,1.750117769681555
te000379,1.750117769681555
te000380,1.750117769681555
te000381,1.750117769681555
te000382,1.750117769681555
te000383,1.750117769681555
te000384,1.750117769681555
te000385,1.750117769681555
te000386,1.750117769681555
te000387,1.750117769681555
te000388,1.750117769681555
te000389,1.750117769681555
te000390,1.750117769681555
te000391,1.750117769681555
te000392,1.750117769681555
te000393,1.750117769681555
te000394,1.750117769681555
te000395,1.750117769681555
te000396,1.750117769681555
te000397,1.750117769681555
te000398,1.750117769681555
te000399,1.750117769681555
te000400,1.750117769681555
te000401,1.750117769681555
te000402,1.750117769681555
te000403,1.750117769681555
te000404,1.750117769681555
te000405,1.750117769681555
te000406,1.750117769681555
te000407,1.750117769681555
te000408,1.750117769681555
te000409,1.750117769681555
te000410,1.750117769681555
te000411,1.750117769681555
te000412,1.750117769681555
te000413,1.750117769681555
te000414,1.750117769681555
te000415,1.750117769681555
te000416,1.750117769681555
te000417,1.750117769681555
te000418,1.750117769681555
te000419,1.750117769681555
te000420,1.750117769681555
te000421,1.750117769681555
te000422,1.750117769681555
te000423,1.750117769681555
te000424,1.750117769681555
te000425,1.750117769681555
te000426,1.750117769681555
te000427,1.750117769681555
te000428,1.750117769681555
te000429,1.750117769681555
te000430,1.750117769681555
te000431,1.750117769681555
te000432,1.750117769681555
te000433,1.750117769681555
te000434,1.750117769681555
te000435,1.750117769681555
te000436,1.750117769681555
te000437,1.750117769681555
te000438,1.750117769681555
te000439,1.750117769681555
te000440,1.750117769681555
te000441,1.750117769681555
te000442,1.750117769681555
te000443,1.750117769681555
te000444,1.750117769681555
te000445,1.750117769681555
te000446,1.750117769681555
te000447,1.750117769681555
te000448,1.750117769681555
te000449,1.750117769681555
te000450,1.750117769681555
te000451,1.750117769681555
te000452,1.750117769681555
te000453,1.750117769681555
te000454,1.750117769681555
te000455,1.750117769681555
te000456,1.750117769681555
te000457,1.750117769681555
te000458,1.750117769681555
te000459,1.750117769681555
te000460,1.750117769681555
te000461,1.750117769681555
te000462,1.750117769681555
te000463,1.750117769681555
te000464,1.750117769681555
te000465,1.750117769681555
te000466,1.750117769681555
te000467,1.750117769681555
te000468,1.750117769681555
te000469,1.750117769681555
te000470,1.750117769681555
te000471,1.750117769681555
te000472,1.750117769681555
te000473,1.750117769681555
te000474,1.750117769681555
te000475,1.750117769681555
te000476,1.750117769681555
te000477,1.750117769681555
te000478,1.750117769681555
te000479,1.750117769681555
te000480,1.750117769681555
te000481,1.750117769681555
te000482,1.750117769681555
te000483,1.750117769681555
te000484,1.750117769681555
te000485,1.750117769681555
te000486,1.750117769681555
te000487,1.750117769681555
te000488,1.750117769681555
te000489,1.750117769681555
te000490,1.750117769681555
te000491,1.750117769681555
te000492,1.750117769681555
te000493,1.750117769681555
te000494,1.750117769681555
te000495,1.750117769681555
te000496,1.750117769681555
te000497,1.750117769681555
te000498,1.750117769681555
te000499,1.750117769681555
te000500,1.750117769681555
te000501,1.750117769681555
te000502,1.750117769681555
te000503,1.750117769681555
te000504,1.750117769681555
te000505,1.750117769681555
te000506,1.750117769681555
te000507,1.750117769681555
te000508,1.750117769681555
te000509,1.750117769681555
te000510,1.750117769681555
te000511,1.750117769681555
te000512,1.750117769681555
te000513,1.750117769681555
te000514,1.750117769681555
te000515,1.750117769681555
te000516,1.750117769681555
te000517,1.750117769681555
te000518,1.750117769681555
te000519,1.750117769681555
te000520,1.750117769681555
te000521,1.750117769681555
te000522,1.750117769681555
te000523,1.750117769681555
te000524,1.750117769681555
te000525,1.750117769681555
te000526,1.750117769681555
te000527,1.750117769681555
te000528,1.750117769681555
te000529,1.750117769681555
te000530,1.750117769681555
te000531,1.750117769681555
te000532,1.750117769681555
te000533,1.750117769681555
te000534,1.750117769681555
te000535,1.750117769681555
te000536,1.750117769681555
te000537,1.750117769681555
te000538,1.750117769681555
te000539,1.750117769681555
te000540,1.750117769681555
te000541,1.750117769681555
te000542,1.750117769681555
te000543,1.750117769681555
te000544,1.750117769681555
te000545,1.750117769681555
te000546,1.750117769681555
te000547,1.750117769681555
te000548,1.750117769681555
te000549,1.750117769681555
te000550,1.750117769681555
te000551,1.750117769681555
te000552,1.750117769681555
te000553,1.750117769681555
te000554,1.750117769681555
te000555,1.750117769681555
te000556,1.750117769681555
te000557,1.750117769681555
te000558,1.750117769681555
te000559,1.750117769681555
te000560,1.750117769681555
te000561,1.750117769681555
te000562,1.750117769681555
te000563,1.750117769681555
te000564,1.750117769681555
te000565,1.750117769681555
te000566,1.750117769681555
te000567,1.750117769681555
te000568,1.750117769681555
te000569,1.750117769681555
te000570,1.750117769681555
te000571,1.750117769681555
te000572,1.750117769681555
te000573,1.750117769681555
te000574,1.750117769681555
te000575,1.750117769681555
te000576,1.750117769681555
te000577,1.750117769681555
te000578,1.750117769681555
te000579,1.750117769681555
te000580,1.750117769681555
te000581,1.750117769681555
te000582,1.750117769681555
te000583,1.750117769681555
te000584,1.750117769681555
te000585,1.750117769681555
te000586,1.750117769681555
te000587,1.750117769681555
te000588,1.750117769681555
te000589,1.750117769681555
te000590,1.750117769681555
te000591,1.750117769681555
te000592,1.750117769681555
te000593,1.750117769681555
te000594,1.750117769681555
te000595,1.750117769681555
te000596,1.750117769681555
te000597,1.750117769681555
te000598,1.750117769681555
te000599,1.750117769681555
te000600,1.750117769681555
te000601,1.750117769681555
te000602,1.750117769681555
te000603,1.750117769681555
te000604,1.750117769681555
te000605,1.750117769681555
te000606,1.750117769681555
te000607,1.750117769681555
te000608,1.750117769681555
te000609,1.750117769681555
te000610,1.750117769681555
te000611,1.750117769681555
te000612,1.750117769681555
te000613,1.750117769681555
te000614,1.750117769681555
te000615,1.750117769681555
te000616,1.750117769681555
te000617,1.750117769681555
te000618,1.750117769681555
te000619,1.750117769681555
te000620,1.750117769681555
te000621,1.750117769681555
te000622,1.750117769681555
te000623,1.750117769681555
te000624,1.750117769681555
te000625,1.750117769681555
te000626,1.750117769681555
te000627,1.750117769681555
te000628,1.750117769681555
te000629,1.750117769681555
te000630,1.750117769681555
te000631,1.750117769681555
te000632,1.750117769681555
te000633,1.750117769681555
te000634,1.750117769681555
te000635,1.750117769681555
te000636,1.750117769681555
te000637,1.750117769681555
te000638,1.750117769681555
te000639,1.750117769681555
te000640,1.750117769681555
te000641,1.750117769681555
te000642,1.750117769681555
te000643,1.750117769681555
te000644,1.750117769681555
te000645,1.750117769681555
te000646,1.750117769681555
te000647,1.750117769681555
te000648,1.750117769681555
te000649,1.750117769681555
te000650,1.750117769681555
te000651,1.750117769681555
te000652,1.750117769681555
te000653,1.750117769681555
te000654,1.750117769681555
te000655,1.750117769681555
te000656,1.750117769681555
te000657,1.750117769681555
te000658,1.750117769681555
te000659,1.750117769681555
te000660,1.750117769681555
te000661,1.750117769681555
te000662,1.750117769681555
te000663,1.750117769681555
te000664,1.750117769681555
te000665,1.750117769681555
te000666,1.750117769681555
te000667,1.750117769681555
te000668,1.750117769681555
te000669,1.750117769681555
te000670,1.750117769681555
te000671,1.750117769681555
te000672,1.750117769681555
te000673,1.750117769681555
te000674,1.750117769681555
te000675,1.750117769681555
te000676,1.750117769681555
te000677,1.750117769681555
te000678,1.750117769681555
te000679,1.750117769681555
te000680,1.750117769681555
te000681,1.750117769681555
te000682,1.750117769681555
te000683,1.750117769681555
te000684,1.750117769681555
te000685,1.750117769681555
te000686,1.750117769681555
te000687,1.750117769681555
te000688,1.750117769681555
te000689,1.750117769681555
te000690,1.750117769681555
te000691,1.750117769681555
te000692,1.750117769681555
te000693,1.750117769681555
te000694,1.750117769681555
te000695,1.750117769681555
te000696,1.750117769681555
te000697,1.750117769681555
te000698,1.750117769681555
te000699,1.750117769681555
te000700,1.750117769681555
te000701,1.750117769681555
te000702,1.750117769681555
te000703,1.750117769681555
te000704,1.750117769681555
te000705,1.750117769681555
te000706,1.750117769681555
te000707,1.750117769681555
te000708,1.750117769681555
te000709,1.750117769681555
te000710,1.750117769681555
te000711,1.750117769681555
te000712,1.750117769681555
te000713,1.750117769681555
te000714,1.750117769681555
te000715,1.750117769681555
te000716,1.750117769681555
te000717,1.750117769681555
te000718,1.750117769681555
te000719,1.750117769681555
te000720,1.750117769681555
te000721,1.750117769681555
te000722,1.750117769681555
te000723,1.750117769681555
te000724,1.750117769681555
te000725,1.750117769681555
te000726,1.750117769681555
te000727,1.750117769681555
te000728,1.750117769681555
te000729,1.750117769681555
te000730,1.750117769681555
te000731,1.750117769681555
te000732,1.750117769681555
te000733,1.750117769681555
te000734,1.750117769681555
te000735,1.750117769681555
te000736,1.750117769681555
te000737,1.750117769681555
te000738,1.750117769681555
te000739,1.750117769681555
te000740,1.750117769681555
te000741,1.750117769681555
te000742,1.750117769681555
te000743,1.750117769681555
te000744,1.750117769681555
te000745,1.750117769681555
te000746,1.750117769681555
te000747,1.750117769681555
te000748,1.750117769681555
te000749,1.750117769681555
te000750,1.750117769681555
te000751,1.750117769681555
te000752,1.750117769681555
te000753,1.750117769681555
te000754,1.750117769681555
te000755,1.750117769681555
te000756,1.750117769681555
te000757,1.750117769681555
te000758,1.750117769681555
te000759,1.750117769681555
te000760,1.750117769681555
te000761,1.750117769681555
te000762,1.750117769681555
te000763,1.750117769681555
te000764,1.750117769681555
te000765,1.750117769681555
te000766,1.750117769681555
te000767,1.750117769681555
te000768,1.750117769681555
te000769,1.750117769681555
te000770,1.750117769681555
te000771,1.750117769681555
te000772,1.750117769681555
te000773,1.750117769681555
te000774,1.750117769681555
te000775,1.750117769681555
te000776,1.750117769681555
te000777,1.750117769681555
te000778,1.750117769681555
te000779,1.750117769681555
te000780,1.750117769681555
te000781,1.750117769681555
te000782,1.750117769681555
te000783,1.750117769681555
te000784,1.750117769681555
te000785,1.750117769681555
te000786,1.750117769681555
te000787,1.750117769681555
te000788,1.750117769681555
te000789,1.750117769681555
te000790,1.750117769681555
te000791,1.750117769681555
te000792,1.750117769681555
te000793,1.750117769681555
te000794,1.750117769681555
te000795,1.750117769681555
te000796,1.750117769681555
te000797,1.750117769681555
te000798,1.750117769681555
te000799,1.750117769681555
te000800,1.750117769681555
te000801,1.750117769681555
te000802,1.750117769681555
te000803,1.750117769681555
te000804,1.750117769681555
te000805,1.750117769681555
te000806,1.750117769681555
te000807,1.750117769681555
te000808,1.750117769681555
te000809,1.750117769681555
te000810,1.750117769681555
te000811,1.750117769681555
te000812,1.750117769681555
te000813,1.750117769681555
te000814,1.750117769681555
te000815,1.750117769681555
te000816,1.750117769681555
te000817,1.750117769681555
te000818,1.750117769681555
te000819,1.750117769681555
te000820,1.750117769681555
te000821,1.750117769681555
te000822,1.750117769681555
te000823,1.750117769681555
te000824,1.750117769681555
te000825,1.750117769681555
te000826,1.750117769681555
te000827,1.750117769681555
te000828,1.750117769681555
te000829,1.750117769681555
te000830,1.750117769681555
te000831,1.750117769681555
te000832,1.750117769681555
te000833,1.750117769681555
te000834,1.750117769681555
te000835,1.750117769681555
te000836,1.750117769681555
te000837,1.750117769681555
te000838,1.750117769681555
te000839,1.750117769681555
te000840,1.750117769681555
te000841,1.750117769681555
te000842,1.750117769681555
te000843,1.750117769681555
te000844,1.750117769681555
te000845,1.750117769681555
te000846,1.750117769681555
te000847,1.750117769681555
te000848,1.750117769681555
te000849,1.750117769681555
te000850,1.750117769681555
te000851,1.750117769681555
te000852,1.750117769681555
te000853,1.750117769681555
te000854,1.750117769681555
te000855,1.750117769681555
te000856,1.750117769681555
te000857,1.750117769681555
te000858,1.750117769681555
te000859,1.750117769681555
te000860,1.750117769681555
te000861,1.750117769681555
te000862,1.750117769681555
te000863,1.750117769681555
te000864,1.750117769681555
te000865,1.750117769681555
te000866,1.750117769681555
te000867,1.750117769681555
te000868,1.750117769681555
te000869,1.750117769681555
te000870,1.750117769681555
te000871,1.750117769681555
te000872,1.750117769681555
te000873,1.750117769681555
te000874,1.750117769681555
te000875,1.750117769681555
te000876,1.750117769681555
te000877,1.750117769681555
te000878,1.750117769681555
te000879,1.750117769681555
te000880,1.750117769681555
te000881,1.750117769681555
te000882,1.750117769681555
te000883,1.750117769681555
te000884,1.750117769681555
te000885,1.750117769681555
te000886,1.750117769681555
te000887,1.750117769681555
te000888,1.750117769681555
te000889,1.750117769681555
te000890,1.750117769681555
te000891,1.750117769681555
te000892,1.750117769681555
te000893,1.750117769681555
te000894,1.750117769681555
te000895,1.750117769681555
te000896,1.750117769681555
te000897,1.750117769681555
te000898,1.750117769681555
te000899,1.750117769681555
te000900,1.750117769681555
te000901,1.750117769681555
te000902,1.750117769681555
te000903,1.750117769681555
te000904,1.750117769681555
te000905,1.750117769681555
te000906,1.750117769681555
te000907,1.750117769681555
te000908,1.750117769681555
te000909,1.750117769681555
te000910,1.750117769681555
te000911,1.750117769681555
te000912,1.750117769681555
te000913,1.750117769681555
te000914,1.750117769681555
te000915,1.750117769681555
te000916,1.750117769681555
te000917,1.750117769681555
te000918,1.750117769681555
te000919,1.750117769681555
te000920,1.750117769681555
te000921,1.750117769681555
te000922,1.750117769681555
te000923,1.750117769681555
te000924,1.750117769681555
te000925,1.750117769681555
te000926,1.750117769681555
te000927,1.750117769681555
te000928,1.750117769681555
te000929,1.750117769681555
te000930,1.750117769681555
te000931,1.750117769681555
te000932,1.750117769681555
te000933,1.750117769681555
te000934,1.750117769681555
te000935,1.750117769681555
te000936,1.750117769681555
te000937,1.750117769681555
te000938,1.750117769681555
te000939,1.750117769681555
te000940,1.750117769681555
te000941,1.750117769681555
te000942,1.750117769681555
te000943,1.750117769681555
te000944,1.750117769681555
te000945,1.750117769681555
te000946,1.750117769681555
te000947,1.750117769681555
te000948,1.750117769681555
te000949,1.750117769681555
te000950,1.750117769681555
te000951,1.750117769681555
te000952,1.750117769681555
te000953,1.750117769681555
te000954,1.750117769681555
te000955,1.750117769681555
te000956,1.750117769681555
te000957,1.750117769681555
te000958,1.750117769681555
te000959,1.750117769681555
te000960,1.750117769681555
te000961,1.750117769681555
te000962,1.750117769681555
te000963,1.750117769681555
te000964,1.750117769681555
te000965,1.750117769681555
te000966,1.750117769681555
te000967,1.750117769681555
te000968,1.750117769681555
te000969,1.750117769681555
te000970,1.750117769681555
te000971,1.750117769681555
te000972,1.750117769681555
te000973,1.750117769681555
te000974,1.750117769681555
te000975,1.750117769681555
te000976,1.750117769681555
te000977,1.750117769681555
te000978,1.750117769681555
te000979,1.750117769681555
te000980,1.750117769681555
te000981,1.750117769681555
te000982,1.750117769681555
te000983,1.750117769681555
te000984,1.750117769681555
te000985,1.750117769681555
te000986,1.750117769681555
te000987,1.750117769681555
te000988,1.750117769681555
te000989,1.750117769681555
te000990,1.750117769681555
te000991,1.750117769681555
te000992,1.750117769681555
te000993,1.750117769681555
te000994,1.750117769681555
te000995,1.750117769681555
te000996,1.750117769681555
te000997,1.750117769681555
te000998,1.750117769681555
te000999,1.750117769681555
te001000,1.750117769681555
te001001,1.750117769681555
te001002,1.750117769681555
te001003,1.750117769681555
te001004,1.750117769681555
te001005,1.750117769681555
te001006,1.750117769681555
te001007,1.750117769681555
te001008,1.750117769681555
te001009,1.750117769681555
te001010,1.750117769681555
te001011,1.750117769681555
te001012,1.750117769681555
te001013,1.750117769681555
te001014,1.750117769681555
te001015,1.750117769681555
te001016,1.750117769681555
te001017,1.750117769681555
te001018,1.750117769681555
te001019,1.750117769681555
te001020,1.750117769681555
te001021,1.750117769681555
te001022,1.750117769681555
te001023,1.750117769681555
te001024,1.750117769681555
te001025,1.750117769681555
te001026,1.750117769681555
te001027,1.750117769681555
te001028,1.750117769681555
te001029,1.750117769681555
te001030,1.750117769681555
te001031,1.750117769681555
te001032,1.750117769681555
te001033,1.750117769681555
te001034,1.750117769681555
te001035,1.750117769681555
te001036,1.750117769681555
te001037,1.750117769681555
te001038,1.750117769681555
te001039,1.750117769681555
te001040,1.750117769681555
te001041,1.750117769681555
te001042,1.750117769681555
te001043,1.750117769681555
te001044,1.750117769681555
te001045,1.750117769681555
te001046,1.750117769681555
te001047,1.750117769681555
te001048,1.750117769681555
te001049,1.750117769681555
te001050,1.750117769681555
te001051,1.750117769681555
te001052,1.750117769681555
te001053,1.750117769681555
te001054,1.750117769681555
te001055,1.750117769681555
te001056,1.750117769681555
te001057,1.750117769681555
te001058,1.750117769681555
te001059,1.750117769681555
te001060,1.750117769681555
te001061,1.750117769681555
te001062,1.750117769681555
te001063,1.750117769681555
te001064,1.750117769681555
te001065,1.750117769681555
te001066,1.750117769681555
te001067,1.750117769681555
te001068,1.750117769681555
te001069,1.750117769681555
te001070,1.750117769681555
te001071,1.750117769681555
te001072,1.750117769681555
te001073,1.750117769681555
te001074,1.750117769681555
te001075,1.750117769681555
te001076,1.750117769681555
te001077,1.750117769681555
te001078,1.750117769681555
te001079,1.750117769681555
te001080,1.750117769681555
te001081,1.750117769681555
te001082,1.750117769681555
te001083,1.750117769681555
te001084,1.750117769681555
te001085,1.750117769681555
te001086,1.750117769681555
te001087,1.750117769681555
te001088,1.750117769681555
te001089,1.750117769681555
te001090,1.750117769681555
te001091,1.750117769681555
te001092,1.750117769681555
te001093,1.750117769681555
te001094,1.750117769681555
te001095,1.750117769681555
te001096,1.750117769681555
te001097,1.750117769681555
te001098,1.750117769681555
te001099,1.750117769681555
te001100,1.750117769681555
te001101,1.750117769681555
te001102,1.750117769681555
te001103,1.750117769681555
te001104,1.750117769681555
te001105,1.750117769681555
te001106,1.750117769681555
te001107,1.750117769681555
te001108,1.750117769681555
te001109,1.750117769681555
te001110,1.750117769681555
te001111,1.750117769681555
te001112,1.750117769681555
te001113,1.750117769681555
te001114,1.750117769681555
te001115,1.750117769681555
te001116,1.750117769681555
te001117,1.750117769681555
te001118,1.750117769681555
te001119,1.750117769681555
te001120,1.750117769681555
te001121,1.750117769681555
te001122,1.750117769681555
te001123,1.750117769681555
te001124,1.750117769681555
te001125,1.750117769681555
te001126,1.750117769681555
te001127,1.750117769681555
te001128,1.750117769681555
te001129,1.750117769681555
te001130,1.750117769681555
te001131,1.750117769681555
te001132,1.750117769681555
te001133,1.750117769681555
te001134,1.750117769681555
te001135,1.750117769681555
te001136,1.750117769681555
te001137,1.750117769681555
te001138,1.750117769681555
te001139,1.750117769681555
te001140,1.750117769681555
te001141,1.750117769681555
te001142,1.750117769681555
te001143,1.750117769681555
te001144,1.750117769681555
te001145,1.750117769681555
te001146,1.750117769681555
te001147,1.750117769681555
te001148,1.750117769681555
te001149,1.750117769681555
te001150,1.750117769681555
te001151,1.750117769681555
te001152,1.750117769681555
te001153,1.750117769681555
te001154,1.750117769681555
te001155,1.750117769681555
te001156,1.750117769681555
te001157,1.750117769681555
te001158,1.750117769681555
te001159,1.750117769681555
te001160,1.750117769681555
te001161,1.750117769681555
te001162,1.750117769681555
te001163,1.750117769681555
te001164,1.750117769681555
te001165,1.750117769681555
te001166,1.750117769681555
te001167,1.750117769681555
te001168,1.750117769681555
te001169,1.750117769681555
te001170,1.750117769681555
te001171,1.750117769681555
te001172,1.750117769681555
te001173,1.750117769681555
te001174,1.750117769681555
te001175,1.750117769681555
te001176,1.750117769681555
te001177,1.750117769681555
te001178,1.750117769681555
te001179,1.750117769681555
te001180,1.750117769681555
te001181,1.750117769681555
te001182,1.750117769681555
te001183,1.750117769681555
te001184,1.750117769681555
te001185,1.750117769681555
te001186,1.750117769681555
te001187,1.750117769681555
te001188,1.750117769681555
te001189,1.750117769681555
te001190,1.750117769681555
te001191,1.750117769681555
te001192,1.750117769681555
te001193,1.750117769681555
te001194,1.750117769681555
te001195,1.750117769681555
te001196,1.750117769681555
te001197,1.750117769681555
te001198,1.750117769681555
te001199,1.750117769681555
te001200,1.750117769681555
te001201,1.750117769681555
te001202,1.750117769681555
te001203,1.750117769681555
te001204,1.750117769681555
te001205,1.750117769681555
te001206,1.750117769681555
te001207,1.750117769681555
te001208,1.750117769681555
te001209,1.750117769681555
te001210,1.750117769681555
te001211,1.750117769681555
te001212,1.750117769681555
te001213,1.750117769681555
te001214,1.750117769681555
te001215,1.750117769681555
te001216,1.750117769681555
te001217,1.750117769681555
te001218,1.750117769681555
te001219,1.750117769681555
te001220,1.750117769681555
te001221,1.750117769681555
te001222,1.750117769681555
te001223,1.750117769681555
te001224,1.750117769681555
te001225,1.750117769681555
te001226,1.750117769681555
te001227,1.750117769681555
te001228,1.750117769681555
te001229,1.750117769681555
te001230,1.750117769681555
te001231,1.750117769681555
te001232,1.750117769681555
te001233,1.750117769681555
te001234,1.750117769681555
te001235,1.750117769681555
te001236,1.750117769681555
te001237,1.750117769681555
te001238,1.750117769681555
te001239,1.750117769681555
te001240,1.750117769681555
te001241,1.750117769681555
te001242,1.750117769681555
te001243,1.750117769681555
te001244,1.750117769681555
te001245,1.750117769681555
te001246,1.750117769681555
te001247,1.750117769681555
te001248,1.750117769681555
te001249,1.750117769681555
te001250,1.750117769681555
te001251,1.750117769681555
te001252,1.750117769681555
te001253,1.750117769681555
te001254,1.750117769681555
te001255,1.750117769681555
te001256,1.750117769681555
te001257,1.750117769681555
te001258,1.750117769681555
te001259,1.750117769681555
te001260,1.750117769681555
te001261,1.750117769681555
te001262,1.750117769681555
te001263,1.750117769681555
te001264,1.750117769681555
te001265,1.750117769681555
te001266,1.750117769681555
te001267,1.750117769681555
te001268,1.750117769681555
te001269,1.750117769681555
te001270,1.750117769681555
te001271,1.750117769681555
te001272,1.750117769681555
te001273,1.750117769681555
te001274,1.750117769681555
te001275,1.750117769681555
te001276,1.750117769681555
te001277,1.750117769681555
te001278,1.750117769681555
te001279,1.750117769681555
te001280,1.750117769681555
te001281,1.750117769681555
te001282,1.750117769681555
te001283,1.750117769681555
te001284,1.750117769681555
te001285,1.750117769681555
te001286,1.750117769681555
te001287,1.750117769681555
te001288,1.750117769681555
te001289,1.750117769681555
te001290,1.750117769681555
te001291,1.750117769681555
te001292,1.750117769681555
te001293,1.750117769681555
te001294,1.750117769681555
te001295,1.750117769681555
te001296,1.750117769681555
te001297,1.750117769681555
te001298,1.750117769681555
te001299,1.750117769681555
te001300,1.750117769681555
te001301,1.750117769681555
te001302,1.750117769681555
te001303,1.750117769681555
te001304,1.750117769681555
te001305,1.750117769681555
te001306,1.750117769681555
te001307,1.750117769681555
te001308,1.750117769681555
te001309,1.750117769681555
te001310,1.750117769681555
te001311,1.750117769681555
te001312,1.750117769681555
te001313,1.750117769681555
te001314,1.750117769681555
te001315,1.750117769681555
te001316,1.750117769681555
te001317,1.750117769681555
te001318,1.750117769681555
te001319,1.750117769681555
te001320,1.750117769681555
te001321,1.750117769681555
te001322,1.750117769681555
te001323,1.750117769681555
te001324,1.750117769681555
te001325,1.750117769681555
te001326,1.750117769681555
te001327,1.750117769681555
te001328,1.750117769681555
te001329,1.750117769681555
te001330,1.750117769681555
te001331,1.750117769681555
te001332,1.750117769681555
te001333,1.750117769681555
te001334,1.750117769681555
te001335,1.750117769681555
te001336,1.750117769681555
te001337,1.750117769681555
te001338,1.750117769681555
te001339,1.750117769681555
te001340,1.750117769681555
te001341,1.750117769681555
te001342,1.750117769681555
te001343,1.750117769681555
te001344,1.750117769681555
te001345,1.750117769681555
te001346,1.750117769681555
te001347,1.750117769681555
te001348,1.750117769681555
te001349,1.750117769681555
te001350,1.750117769681555
te001351,1.750117769681555
te001352,1.750117769681555
te001353,1.750117769681555
te001354,1.750117769681555
te001355,1.750117769681555
te001356,1.750117769681555
te001357,1.750117769681555
te001358,1.750117769681555
te001359,1.750117769681555
te001360,1.750117769681555
te001361,1.750117769681555
te001362,1.750117769681555
te001363,1.750117769681555
te001364,1.750117769681555
te001365,1.750117769681555
te001366,1.750117769681555
te001367,1.750117769681555
te001368,1.750117769681555
te001369,1.750117769681555
te001370,1.750117769681555
te001371,1.750117769681555
te001372,1.750117769681555
te001373,1.750117769681555
te001374,1.750117769681555
te001375,1.750117769681555
te001376,1.750117769681555
te001377,1.750117769681555
te001378,1.750117769681555
te001379,1.750117769681555
te001380,1.750117769681555
te001381,1.750117769681555
te001382,1.750117769681555
te001383,1.750117769681555
te001384,1.750117769681555
te001385,1.750117769681555
te001386,1.750117769681555
te001387,1.750117769681555
te001388,1.750117769681555
te001389,1.750117769681555
te001390,1.750117769681555
te001391,1.750117769681555
te001392,1.750117769681555
te001393,1.750117769681555
te001394,1.750117769681555
te001395,1.750117769681555
te001396,1.750117769681555
te001397,1.750117769681555
te001398,1.750117769681555
te001399,1.750117769681555
te001400,1.750117769681555
te001401,1.750117769681555
te001402,1.750117769681555
te001403,1.750117769681555
te001404,1.750117769681555
te001405,1.750117769681555
te001406,1.750117769681555
te001407,1.750117769681555
te001408,1.750117769681555
te001409,1.750117769681555
te001410,1.750117769681555
te001411,1.750117769681555
te001412,1.750117769681555
te001413,1.750117769681555
te001414,1.750117769681555
te001415,1.750117769681555
te001416,1.750117769681555
te001417,1.750117769681555
te001418,1.750117769681555
te001419,1.750117769681555
te001420,1.750117769681555
te001421,1.750117769681555
te001422,1.750117769681555
te001423,1.750117769681555
te001424,1.750117769681555
te001425,1.750117769681555
te001426,1.750117769681555
te001427,1.750117769681555
te001428,1.750117769681555
te001429,1.750117769681555
te001430,1.750117769681555
te001431,1.750117769681555
te001432,1.750117769681555
te001433,1.750117769681555
te001434,1.750117769681555
te001435,1.750117769681555
te001436,1.750117769681555
te001437,1.750117769681555
te001438,1.750117769681555
te001439,1.750117769681555
te001440,1.750117769681555
te001441,1.750117769681555
te001442,1.750117769681555
te001443,1.750117769681555
te001444,1.750117769681555
te001445,1.750117769681555
te001446,1.750117769681555
te001447,1.750117769681555
te001448,1.750117769681555
te001449,1.750117769681555
te001450,1.750117769681555
te001451,1.750117769681555
te001452,1.750117769681555
te001453,1.750117769681555
te001454,1.750117769681555
te001455,1.750117769681555
te001456,1.750117769681555
te001457,1.750117769681555
te001458,1.750117769681555
te001459,1.750117769681555
te001460,1.750117769681555
te001461,1.750117769681555
te001462,1.750117769681555
te001463,1.750117769681555
te001464,1.750117769681555
te001465,1.750117769681555
te001466,1.750117769681555
te001467,1.750117769681555
te001468,1.750117769681555
te001469,1.750117769681555
te001470,1.750117769681555
te001471,1.750117769681555
te001472,1.750117769681555
te001473,1.750117769681555
te001474,1.750117769681555
te001475,1.750117769681555
te001476,1.750117769681555
te001477,1.750117769681555
te001478,1.750117769681555
te001479,1.750117769681555
te001480,1.750117769681555
te001481,1.750117769681555
te001482,1.750117769681555
te001483,1.750117769681555
te001484,1.750117769681555
te001485,1.750117769681555
te001486,1.750117769681555
te001487,1.750117769681555
te001488,1.750117769681555
te001489,1.750117769681555
te001490,1.750117769681555
te001491,1.750117769681555
te001492,1.750117769681555
te001493,1.750117769681555
te001494,1.750117769681555
te001495,1.750117769681555
te001496,1.750117769681555
te001497,1.750117769681555
te001498,1.750117769681555
te001499,1.750117769681555
te001500,1.750117769681555
te001501,1.750117769681555
te001502,1.750117769681555
te001503,1.750117769681555
te001504,1.750117769681555
te001505,1.750117769681555
te001506,1.750117769681555
te001507,1.750117769681555
te001508,1.750117769681555
te001509,1.750117769681555
te001510,1.750117769681555
te001511,1.750117769681555
te001512,1.750117769681555
te001513,1.750117769681555
te001514,1.750117769681555
te001515,1.750117769681555
te001516,1.750117769681555
te001517,1.750117769681555
te001518,1.750117769681555
te001519,1.750117769681555
te001520,1.750117769681555
te001521,1.750117769681555
te001522,1.750117769681555
te001523,1.750117769681555
te001524,1.750117769681555
te001525,1.750117769681555
te001526,1.750117769681555
te001527,1.750117769681555
te001528,1.750117769681555
te001529,1.750117769681555
te001530,1.750117769681555
te001531,1.750117769681555
te001532,1.750117769681555
te001533,1.750117769681555
te001534,1.750117769681555
te001535,1.750117769681555
te001536,1.750117769681555
te001537,1.750117769681555
te001538,1.750117769681555
te001539,1.750117769681555
te001540,1.750117769681555
te001541,1.750117769681555
te001542,1.750117769681555
te001543,1.750117769681555
te001544,1.750117769681555
te001545,1.750117769681555
te001546,1.750117769681555
te001547,1.750117769681555
te001548,1.750117769681555
te001549,1.750117769681555
te001550,1.750117769681555
te001551,1.750117769681555
te001552,1.750117769681555
te001553,1.750117769681555
te001554,1.750117769681555
te001555,1.750117769681555
te001556,1.750117769681555
te001557,1.750117769681555
te001558,1.750117769681555
te001559,1.750117769681555
te001560,1.750117769681555
te001561,1.750117769681555
te001562,1.750117769681555
te001563,1.750117769681555
te001564,1.750117769681555
te001565,1.750117769681555
te001566,1.750117769681555
te001567,1.750117769681555
te001568,1.750117769681555
te001569,1.750117769681555
te001570,1.750117769681555
te001571,1.750117769681555
te001572,1.750117769681555
te001573,1.750117769681555
te001574,1.750117769681555
te001575,1.750117769681555
te001576,1.750117769681555
te001577,1.750117769681555
te001578,1.750117769681555
te001579,1.750117769681555
te001580,1.750117769681555
te001581,1.750117769681555
te001582,1.750117769681555
te001583,1.750117769681555
te001584,1.750117769681555
te001585,1.750117769681555
te001586,1.750117769681555
te001587,1.750117769681555
te001588,1.750117769681555
te001589,1.750117769681555
te001590,1.750117769681555
te001591,1.750117769681555
te001592,1.750117769681555
te001593,1.750117769681555
te001594,1.750117769681555
te001595,1.750117769681555
te001596,1.750117769681555
te001597,1.750117769681555
te001598,1.750117769681555
te001599,1.750117769681555
te001600,1.750117769681555
te001601,1.750117769681555
te001602,1.750117769681555
te001603,1.750117769681555
te001604,1.750117769681555
te001605,1.750117769681555
te001606,1.750117769681555
te001607,1.750117769681555
te001608,1.750117769681555
te001609,1.750117769681555
te001610,1.750117769681555
te001611,1.750117769681555
te001612,1.750117769681555
te001613,1.750117769681555
te001614,1.750117769681555
te001615,1.750117769681555
te001616,1.750117769681555
te001617,1.750117769681555
te001618,1.750117769681555
te001619,1.750117769681555
te001620,1.750117769681555
te001621,1.750117769681555
te001622,1.750117769681555
te001623,1.750117769681555
te001624,1.750117769681555
te001625,1.750117769681555
te001626,1.750117769681555
te001627,1.750117769681555
te001628,1.750117769681555
te001629,1.750117769681555
te001630,1.750117769681555
te001631,1.750117769681555
te001632,1.750117769681555
te001633,1.750117769681555
te001634,1.750117769681555
te001635,1.750117769681555
te001636,1.750117769681555
te001637,1.750117769681555
te001638,1.750117769681555
te001639,1.750117769681555
te001640,1.750117769681555
te001641,1.750117769681555
te001642,1.750117769681555
te001643,1.750117769681555
te001644,1.750117769681555
te001645,1.750117769681555
te001646,1.750117769681555
te001647,1.750117769681555
te001648,1.750117769681555
te001649,1.750117769681555
te001650,1.750117769681555
te001651,1.750117769681555
te001652,1.750117769681555
te001653,1.750117769681555
te001654,1.750117769681555
te001655,1.750117769681555
te001656,1.750117769681555
te001657,1.750117769681555
te001658,1.750117769681555
te001659,1.750117769681555
te001660,1.750117769681555
te001661,1.750117769681555
te001662,1.750117769681555
te001663,1.750117769681555
te001664,1.750117769681555
te001665,1.750117769681555
te001666,1.750117769681555
te001667,1.750117769681555
te001668,1.750117769681555
te001669,1.750117769681555
te001670,1.750117769681555
te001671,1.750117769681555
te001672,1.750117769681555
te001673,1.750117769681555
te001674,1.750117769681555
te001675,1.750117769681555
te001676,1.750117769681555
te001677,1.750117769681555
te001678,1.750117769681555
te001679,1.750117769681555
te001680,1.750117769681555
te001681,1.750117769681555
te001682,1.750117769681555
te001683,1.750117769681555
te001684,1.750117769681555
te001685,1.750117769681555
te001686,1.750117769681555
te001687,1.750117769681555
te001688,1.750117769681555
te001689,1.750117769681555
te001690,1.750117769681555
te001691,1.750117769681555
te001692,1.750117769681555
te001693,1.750117769681555
te001694,1.750117769681555
te001695,1.750117769681555
te001696,1.750117769681555
te001697,1.750117769681555
te001698,1.750117769681555
te001699,1.750117769681555
te001700,1.750117769681555
te001701,1.750117769681555
te001702,1.750117769681555
te001703,1.750117769681555
te001704,1.750117769681555
te001705,1.750117769681555
te001706,1.750117769681555
te001707,1.750117769681555
te001708,1.750117769681555
te001709,1.750117769681555
te001710,1.750117769681555
te001711,1.750117769681555
te001712,1.750117769681555
te001713,1.750117769681555
te001714,1.750117769681555
te001715,1.750117769681555
te001716,1.750117769681555
te001717,1.750117769681555
te001718,1.750117769681555
te001719,1.750117769681555
te001720,1.750117769681555
te001721,1.750117769681555
te001722,1.750117769681555
te001723,1.750117769681555
te001724,1.750117769681555
te001725,1.750117769681555
te001726,1.750117769681555
te001727,1.750117769681555
te001728,1.750117769681555
te001729,1.750117769681555
te001730,1.750117769681555
te001731,1.750117769681555
te001732,1.750117769681555
te001733,1.750117769681555
te001734,1.750117769681555
te001735,1.750117769681555
te001736,1.750117769681555
te001737,1.750117769681555
te001738,1.750117769681555
te001739,1.750117769681555
te001740,1.750117769681555
te001741,1.750117769681555
te001742,1.750117769681555
te001743,1.750117769681555
te001744,1.750117769681555
te001745,1.750117769681555
te001746,1.750117769681555
te001747,1.750117769681555
te001748,1.750117769681555
te001749,1.750117769681555
te001750,1.750117769681555
te001751,1.750117769681555
te001752,1.750117769681555
te001753,1.750117769681555
te001754,1.750117769681555
te001755,1.750117769681555
te001756,1.750117769681555
te001757,1.750117769681555
te001758,1.750117769681555
te001759,1.750117769681555
te001760,1.750117769681555
te001761,1.750117769681555
te001762,1.750117769681555
te001763,1.750117769681555
te001764,1.750117769681555
te001765,1.750117769681555
te001766,1.750117769681555
te001767,1.750117769681555
te001768,1.750117769681555
te001769,1.750117769681555
te001770,1.750117769681555
te001771,1.750117769681555
te001772,1.750117769681555
te001773,1.750117769681555
te001774,1.750117769681555
te001775,1.750117769681555
te001776,1.750117769681555
te001777,1.750117769681555
te001778,1.750117769681555
te001779,1.750117769681555
te001780,1.750117769681555
te001781,1.750117769681555
te001782,1.750117769681555
te001783,1.750117769681555
te001784,1.750117769681555
te001785,1.750117769681555
te001786,1.750117769681555
te001787,1.750117769681555
te001788,1.750117769681555
te001789,1.750117769681555
te001790,1.750117769681555
te001791,1.750117769681555
te001792,1.750117769681555
te001793,1.750117769681555
te001794,1.750117769681555
te001795,1.750117769681555
te001796,1.750117769681555
te001797,1.750117769681555
te001798,1.750117769681555
te001799,1.750117769681555
te001800,1.750117769681555
te001801,1.750117769681555
te001802,1.750117769681555
te001803,1.750117769681555
te001804,1.750117769681555
te001805,1.750117769681555
te001806,1.750117769681555
te001807,1.750117769681555
te001808,1.750117769681555
te001809,1.750117769681555
te001810,1.750117769681555
te001811,1.750117769681555
te001812,1.750117769681555
te001813,1.750117769681555
te001814,1.750117769681555
te001815,1.750117769681555
te001816,1.750117769681555
te001817,1.750117769681555
te001818,1.750117769681555
te001819,1.750117769681555
te001820,1.750117769681555
te001821,1.750117769681555
te001822,1.750117769681555
te001823,1.750117769681555
te001824,1.750117769681555
te001825,1.750117769681555
te001826,1.750117769681555
te001827,1.750117769681555
te001828,1.750117769681555
te001829,1.750117769681555
te001830,1.750117769681555
te001831,1.750117769681555
te001832,1.750117769681555
te001833,1.750117769681555
te001834,1.750117769681555
te001835,1.750117769681555
te001836,1.750117769681555
te001837,1.750117769681555
te001838,1.750117769681555
te001839,1.750117769681555
te001840,1.750117769681555
te001841,1.750117769681555
te001842,1.750117769681555
te001843,1.750117769681555
te001844,1.750117769681555
te001845,1.750117769681555
te001846,1.750117769681555
te001847,1.750117769681555
te001848,1.750117769681555
te001849,1.750117769681555
te001850,1.750117769681555
te001851,1.750117769681555
te001852,1.750117769681555
te001853,1.750117769681555
te001854,1.750117769681555
te001855,1.750117769681555
te001856,1.750117769681555
te001857,1.750117769681555
te001858,1.750117769681555
te001859,1.750117769681555
te001860,1.750117769681555
te001861,1.750117769681555
te001862,1.750117769681555
te001863,1.750117769681555
te001864,1.750117769681555
te001865,1.750117769681555
te001866,1.750117769681555
te001867,1.750117769681555
te001868,1.750117769681555
te001869,1.750117769681555
te001870,1.750117769681555
te001871,1.750117769681555
te001872,1.750117769681555
te001873,1.750117769681555
te001874,1.750117769681555
te001875,1.750117769681555
te001876,1.750117769681555
te001877,1.750117769681555
te001878,1.750117769681555
te001879,1.750117769681555
te001880,1.750117769681555
te001881,1.750117769681555
te001882,1.750117769681555
te001883,1.750117769681555
te001884,1.750117769681555
te001885,1.750117769681555
te001886,1.750117769681555
te001887,1.750117769681555
te001888,1.750117769681555
te001889,1.750117769681555
te001890,1.750117769681555
te001891,1.750117769681555
te001892,1.750117769681555
te001893,1.750117769681555
te001894,1.750117769681555
te001895,1.750117769681555
te001896,1.750117769681555
te001897,1.750117769681555
te001898,1.750117769681555
te001899,1.750117769681555
te001900,1.750117769681555
te001901,1.750117769681555
te001902,1.750117769681555
te001903,1.750117769681555
te001904,1.750117769681555
te001905,1.750117769681555
te001906,1.750117769681555
te001907,1.750117769681555
te001908,1.750117769681555
te001909,1.750117769681555
te001910,1.750117769681555
te001911,1.750117769681555
te001912,1.750117769681555
te001913,1.750117769681555
te001914,1.750117769681555
te001915,1.750117769681555
te001916,1.750117769681555
te001917,1.750117769681555
te001918,1.750117769681555
te001919,1.750117769681555
te001920,1.750117769681555
te001921,1.750117769681555
te001922,1.750117769681555
te001923,1.750117769681555
te001924,1.750117769681555
te001925,1.750117769681555
te001926,1.750117769681555
te001927,1.750117769681555
te001928,1.750117769681555
te001929,1.750117769681555
te001930,1.750117769681555
te001931,1.750117769681555
te001932,1.750117769681555
te001933,1.750117769681555
te001934,1.750117769681555
te001935,1.750117769681555
te001936,1.750117769681555
te001937,1.750117769681555
te001938,1.750117769681555
te001939,1.750117769681555
te001940,1.750117769681555
te001941,1.750117769681555
te001942,1.750117769681555
te001943,1.750117769681555
te001944,1.750117769681555
te001945,1.750117769681555
te001946,1.750117769681555
te001947,1.750117769681555
te001948,1.750117769681555
te001949,1.750117769681555
te001950,1.750117769681555
te001951,1.750117769681555
te001952,1.750117769681555
te001953,1.750117769681555
te001954,1.750117769681555
te001955,1.750117769681555
te001956,1.750117769681555
te001957,1.750117769681555
te001958,1.750117769681555
te001959,1.750117769681555
te001960,1.750117769681555
te001961,1.750117769681555
te001962,1.750117769681555
te001963,1.750117769681555
te001964,1.750117769681555
te001965,1.750117769681555
te001966,1.750117769681555
te001967,1.750117769681555
te001968,1.750117769681555
te001969,1.750117769681555
te001970,1.750117769681555
te001971,1.750117769681555
te001972,1.750117769681555
te001973,1.750117769681555
te001974,1.750117769681555
te001975,1.750117769681555
te001976,1.750117769681555
te001977,1.750117769681555
te001978,1.750117769681555
te001979,1.750117769681555
te001980,1.750117769681555
te001981,1.750117769681555
te001982,1.750117769681555
te001983,1.750117769681555
te001984,1.750117769681555
te001985,1.750117769681555
te001986,1.750117769681555
te001987,1.750117769681555
te001988,1.750117769681555
te001989,1.750117769681555
te001990,1.750117769681555
te001991,1.750117769681555
te001992,1.750117769681555
te001993,1.750117769681555
te001994,1.750117769681555
te001995,1.750117769681555
te001996,1.750117769681555
te001997,1.750117769681555
te001998,1.750117769681555
te001999,1.750117769681555
te002000,1.750117769681555
te002001,1.750117769681555
te002002,1.750117769681555
te002003,1.750117769681555
te002004,1.750117769681555
te002005,1.750117769681555
te002006,1.750117769681555
te002007,1.750117769681555
te002008,1.750117769681555
te002009,1.750117769681555
te002010,1.750117769681555
te002011,1.750117769681555
te002012,1.750117769681555
te002013,1.750117769681555
te002014,1.750117769681555
te002015,1.750117769681555
te002016,1.750117769681555
te002017,1.750117769681555
te002018,1.750117769681555
te002019,1.750117769681555
te002020,1.750117769681555
te002021,1.750117769681555
te002022,1.750117769681555
te002023,1.750117769681555
te002024,1.750117769681555
te002025,1.750117769681555
te002026,1.750117769681555
te002027,1.750117769681555
te002028,1.750117769681555
te002029,1.750117769681555
te002030,1.750117769681555
te002031,1.750117769681555
te002032,1.750117769681555
te002033,1.750117769681555
te002034,1.750117769681555
te002035,1.750117769681555
te002036,1.750117769681555
te002037,1.750117769681555
te002038,1.750117769681555
te002039,1.750117769681555
te002040,1.750117769681555
te002041,1.750117769681555
te002042,1.750117769681555
te002043,1.750117769681555
te002044,1.750117769681555
te002045,1.750117769681555
te002046,1.750117769681555
te002047,1.750117769681555
te002048,1.750117769681555
te002049,1.750117769681555
te002050,1.750117769681555
te002051,1.750117769681555
te002052,1.750117769681555
te002053,1.750117769681555
te002054,1.750117769681555
te002055,1.750117769681555
te002056,1.750117769681555
te002057,1.750117769681555
te002058,1.750117769681555
te002059,1.750117769681555
te002060,1.750117769681555
te002061,1.750117769681555
te002062,1.750117769681555
te002063,1.750117769681555
te002064,1.750117769681555
te002065,1.750117769681555
te002066,1.750117769681555
te002067,1.750117769681555
te002068,1.750117769681555
te002069,1.750117769681555
te002070,1.750117769681555
te002071,1.750117769681555
te002072,1.750117769681555
te002073,1.750117769681555
te002074,1.750117769681555
te002075,1.750117769681555
te002076,1.750117769681555
te002077,1.750117769681555
te002078,1.750117769681555
te002079,1.750117769681555
te002080,1.750117769681555
te002081,1.750117769681555
te002082,1.750117769681555
te002083,1.750117769681555
te002084,1.750117769681555
te002085,1.750117769681555
te002086,1.750117769681555
te002087,1.750117769681555
te002088,1.750117769681555
te002089,1.750117769681555
te002090,1.750117769681555
te002091,1.750117769681555
te002092,1.750117769681555
te002093,1.750117769681555
te002094,1.750117769681555
te002095,1.750117769681555
te002096,1.750117769681555
te002097,1.750117769681555
te002098,1.750117769681555
te002099,1.750117769681555
te002100,1.750117769681555
te002101,1.750117769681555
te002102,1.750117769681555
te002103,1.750117769681555
te002104,1.750117769681555
te002105,1.750117769681555
te002106,1.750117769681555
te002107,1.750117769681555
te002108,1.750117769681555
te002109,1.750117769681555
te002110,1.750117769681555
te002111,1.750117769681555
te002112,1.750117769681555
te002113,1.750117769681555
te002114,1.750117769681555
te002115,1.750117769681555
te002116,1.750117769681555
te002117,1.750117769681555
te002118,1.750117769681555
te002119,1.750117769681555
te002120,1.750117769681555
te002121,1.750117769681555
te002122,1.750117769681555
te002123,1.750117769681555
te002124,1.750117769681555
te002125,1.750117769681555
te002126,1.750117769681555
te002127,1.750117769681555
te002128,1.750117769681555
te002129,1.750117769681555
te002130,1.750117769681555
te002131,1.750117769681555
te002132,1.750117769681555
te002133,1.750117769681555
te002134,1.750117769681555
te002135,1.750117769681555
te002136,1.750117769681555
te002137,1.750117769681555
te002138,1.750117769681555
te002139,1.750117769681555
te002140,1.750117769681555
te002141,1.750117769681555
te002142,1.750117769681555
te002143,1.750117769681555
te002144,1.750117769681555
te002145,1.750117769681555
te002146,1.750117769681555
te002147,1.750117769681555
te002148,1.750117769681555
te002149,1.750117769681555
te002150,1.750117769681555
te002151,1.750117769681555
te002152,1.750117769681555
te002153,1.750117769681555
te002154,1.750117769681555
te002155,1.750117769681555
te002156,1.750117769681555
te002157,1.750117769681555
te002158,1.750117769681555
te002159,1.750117769681555
te002160,1.750117769681555
te002161,1.750117769681555
te002162,1.750117769681555
te002163,1.750117769681555
te002164,1.750117769681555
te002165,1.750117769681555
te002166,1.750117769681555
te002167,1.750117769681555
te002168,1.750117769681555
te002169,1.750117769681555
te002170,1.750117769681555
te002171,1.750117769681555
te002172,1.750117769681555
te002173,1.750117769681555
te002174,1.750117769681555
te002175,1.750117769681555
te002176,1.750117769681555
te002177,1.750117769681555
te002178,1.750117769681555
te002179,1.750117769681555
te002180,1.750117769681555
te002181,1.750117769681555
te002182,1.750117769681555
te002183,1.750117769681555
te002184,1.750117769681555
te002185,1.750117769681555
te002186,1.750117769681555
te002187,1.750117769681555
te002188,1.750117769681555
te002189,1.750117769681555
te002190,1.750117769681555
te002191,1.750117769681555
te002192,1.750117769681555
te002193,1.750117769681555
te002194,1.750117769681555
te002195,1.750117769681555
te002196,1.750117769681555
te002197,1.750117769681555
te002198,1.750117769681555
te002199,1.750117769681555
te002200,1.750117769681555
te002201,1.750117769681555
te002202,1.750117769681555
te002203,1.750117769681555
te002204,1.750117769681555
te002205,1.750117769681555
te002206,1.750117769681555
te002207,1.750117769681555
te002208,1.750117769681555
te002209,1.750117769681555
te002210,1.750117769681555
te002211,1.750117769681555
te002212,1.750117769681555
te002213,1.750117769681555
te002214,1.750117769681555
te002215,1.750117769681555
te002216,1.750117769681555
te002217,1.750117769681555
te002218,1.750117769681555
te002219,1.750117769681555
te002220,1.750117769681555
te002221,1.750117769681555
te002222,1.750117769681555
te002223,1.750117769681555
te002224,1.750117769681555
te002225,1.750117769681555
te002226,1.750117769681555
te002227,1.750117769681555
te002228,1.750117769681555
te002229,1.750117769681555
te002230,1.750117769681555
te002231,1.750117769681555
te002232,1.750117769681555
te002233,1.750117769681555
te002234,1.750117769681555
te002235,1.750117769681555
te002236,1.750117769681555
te002237,1.750117769681555
te002238,1.750117769681555
te002239,1.750117769681555
te002240,1.750117769681555
te002241,1.750117769681555
te002242,1.750117769681555
te002243,1.750117769681555
te002244,1.750117769681555
te002245,1.750117769681555
te002246,1.750117769681555
te002247,1.750117769681555
te002248,1.750117769681555
te002249,1.750117769681555
te002250,1.750117769681555
te002251,1.750117769681555
te002252,1.750117769681555
te002253,1.750117769681555
te002254,1.750117769681555
te002255,1.750117769681555
te002256,1.750117769681555
te002257,1.750117769681555
te002258,1.750117769681555
te002259,1.750117769681555
te002260,1.750117769681555
te002261,1.750117769681555
te002262,1.750117769681555
te002263,1.750117769681555
te002264,1.750117769681555
te002265,1.750117769681555
te002266,1.750117769681555
te002267,1.750117769681555
te002268,1.750117769681555
te002269,1.750117769681555
te002270,1.750117769681555
te002271,1.750117769681555
te002272,1.750117769681555
te002273,1.750117769681555
te002274,1.750117769681555
te002275,1.750117769681555
te002276,1.750117769681555
te002277,1.750117769681555
te002278,1.750117769681555
te002279,1.750117769681555
te002280,1.750117769681555
te002281,1.750117769681555
te002282,1.750117769681555
te002283,1.750117769681555
te002284,1.750117769681555
te002285,1.750117769681555
te002286,1.750117769681555
te002287,1.750117769681555
te002288,1.750117769681555
te002289,1.750117769681555
te002290,1.750117769681555
te002291,1.750117769681555
te002292,1.750117769681555
te002293,1.750117769681555
te002294,1.750117769681555
te002295,1.750117769681555
te002296,1.750117769681555
te002297,1.750117769681555
te002298,1.750117769681555
te002299,1.750117769681555
te002300,1.750117769681555
te002301,1.750117769681555
te002302,1.750117769681555
te002303,1.750117769681555
te002304,1.750117769681555
te002305,1.750117769681555
te002306,1.750117769681555
te002307,1.750117769681555
te002308,1.750117769681555
te002309,1.750117769681555
te002310,1.750117769681555
te002311,1.750117769681555
te002312,1.750117769681555
te002313,1.750117769681555
te002314,1.750117769681555
te002315,1.750117769681555
te002316,1.750117769681555
te002317,1.750117769681555
te002318,1.750117769681555
te002319,1.750117769681555
te002320,1.750117769681555
te002321,1.750117769681555
te002322,1.750117769681555
te002323,1.750117769681555
te002324,1.750117769681555
te002325,1.750117769681555
te002326,1.750117769681555
te002327,1.750117769681555
te002328,1.750117769681555
te002329,1.750117769681555
te002330,1.750117769681555
te002331,1.750117769681555
te002332,1.750117769681555
te002333,1.750117769681555
te002334,1.750117769681555
te002335,1.750117769681555
te002336,1.750117769681555
te002337,1.750117769681555
te002338,1.750117769681555
te002339,1.750117769681555
te002340,1.750117769681555
te002341,1.750117769681555
te002342,1.750117769681555
te002343,1.750117769681555
te002344,1.750117769681555
te002345,1.750117769681555
te002346,1.750117769681555
te002347,1.750117769681555
te002348,1.750117769681555
te002349,1.750117769681555
te002350,1.750117769681555
te002351,1.750117769681555
te002352,1.750117769681555
te002353,1.750117769681555
te002354,1.750117769681555
te002355,1.750117769681555
te002356,1.750117769681555
te002357,1.750117769681555
te002358,1.750117769681555
te002359,1.750117769681555
te002360,1.750117769681555
te002361,1.750117769681555
te002362,1.750117769681555
te002363,1.750117769681555
te002364,1.750117769681555
te002365,1.750117769681555
te002366,1.750117769681555
te002367,1.750117769681555
te002368,1.750117769681555
te002369,1.750117769681555
te002370,1.750117769681555
te002371,1.750117769681555
te002372,1.750117769681555
te002373,1.750117769681555
te002374,1.750117769681555
te002375,1.750117769681555
te002376,1.750117769681555
te002377,1.750117769681555
te002378,1.750117769681555
te002379,1.750117769681555
te002380,1.750117769681555
te002381,1.750117769681555
te002382,1.750117769681555
te002383,1.750117769681555
te002384,1.750117769681555
te002385,1.750117769681555
te002386,1.750117769681555
te002387,1.750117769681555
te002388,1.750117769681555
te002389,1.750117769681555
te002390,1.750117769681555
te002391,1.750117769681555
te002392,1.750117769681555
te002393,1.750117769681555
te002394,1.750117769681555
te002395,1.750117769681555
te002396,1.750117769681555
te002397,1.750117769681555
te002398,1.750117769681555
te002399,1.750117769681555
te002400,1.750117769681555
te002401,1.750117769681555
te002402,1.750117769681555
te002403,1.750117769681555
te002404,1.750117769681555
te002405,1.750117769681555
te002406,1.750117769681555
te002407,1.750117769681555
te002408,1.750117769681555
te002409,1.750117769681555
te002410,1.750117769681555
te002411,1.750117769681555
te002412,1.750117769681555
te002413,1.750117769681555
te002414,1.750117769681555
te002415,1.750117769681555
te002416,1.750117769681555
te002417,1.750117769681555
te002418,1.750117769681555
te002419,1.750117769681555
te002420,1.750117769681555
te002421,1.750117769681555
te002422,1.750117769681555
te002423,1.750117769681555
te002424,1.750117769681555
te002425,1.750117769681555
te002426,1.750117769681555
te002427,1.750117769681555
te002428,1.750117769681555
te002429,1.750117769681555
te002430,1.750117769681555
te002431,1.750117769681555
te002432,1.750117769681555
te002433,1.750117769681555
te002434,1.750117769681555
te002435,1.750117769681555
te002436,1.750117769681555
te002437,1.750117769681555
te002438,1.750117769681555
te002439,1.750117769681555
te002440,1.750117769681555
te002441,1.750117769681555
te002442,1.750117769681555
te002443,1.750117769681555
te002444,1.750117769681555
te002445,1.750117769681555
te002446,1.750117769681555
te002447,1.750117769681555
te002448,1.750117769681555
te002449,1.750117769681555
te002450,1.750117769681555
te002451,1.750117769681555
te002452,1.750117769681555
te002453,1.750117769681555
te002454,1.750117769681555
te002455,1.750117769681555
te002456,1.750117769681555
te002457,1.750117769681555
te002458,1.750117769681555
te002459,1.750117769681555
te002460,1.750117769681555
te002461,1.750117769681555
te002462,1.750117769681555
te002463,1.750117769681555
te002464,1.750117769681555
te002465,1.750117769681555
te002466,1.750117769681555
te002467,1.750117769681555
te002468,1.750117769681555
te002469,1.750117769681555
te002470,1.750117769681555
te002471,1.750117769681555
te002472,1.750117769681555
te002473,1.750117769681555
te002474,1.750117769681555
te002475,1.750117769681555
te002476,1.750117769681555
te002477,1.750117769681555
te002478,1.750117769681555
te002479,1.750117769681555
te002480,1.750117769681555
te002481,1.750117769681555
te002482,1.750117769681555
te002483,1.750117769681555
te002484,1.750117769681555
te002485,1.750117769681555
te002486,1.750117769681555
te002487,1.750117769681555
te002488,1.750117769681555
te002489,1.750117769681555
te002490,1.750117769681555
te002491,1.750117769681555
te002492,1.750117769681555
te002493,1.750117769681555
te002494,1.750117769681555
te002495,1.750117769681555
te002496,1.750117769681555
te002497,1.750117769681555
te002498,1.750117769681555
te002499,1.750117769681555
te002500,1.750117769681555
te002501,1.750117769681555
te002502,1.750117769681555
te002503,1.750117769681555
te002504,1.750117769681555
te002505,1.750117769681555
te002506,1.750117769681555
te002507,1.750117769681555
te002508,1.750117769681555
te002509,1.750117769681555
te002510,1.750117769681555
te002511,1.750117769681555
te002512,1.750117769681555
te002513,1.750117769681555
te002514,1.750117769681555
te002515,1.750117769681555
te002516,1.750117769681555
te002517,1.750117769681555
te002518,1.750117769681555
te002519,1.750117769681555
te002520,1.750117769681555
te002521,1.750117769681555
te002522,1.750117769681555
te002523,1.750117769681555
te002524,1.750117769681555
te002525,1.750117769681555
te002526,1.750117769681555
te002527,1.750117769681555
te002528,1.750117769681555
te002529,1.750117769681555
te002530,1.750117769681555
te002531,1.750117769681555
te002532,1.750117769681555
te002533,1.750117769681555
te002534,1.750117769681555
te002535,1.750117769681555
te002536,1.750117769681555
te002537,1.750117769681555
te002538,1.750117769681555
te002539,1.750117769681555
te002540,1.750117769681555
te002541,1.750117769681555
te002542,1.750117769681555
te002543,1.750117769681555
te002544,1.750117769681555
te002545,1.750117769681555
te002546,1.750117769681555
te002547,1.750117769681555
te002548,1.750117769681555
te002549,1.750117769681555
te002550,1.750117769681555
te002551,1.750117769681555
te002552,1.750117769681555
te002553,1.750117769681555
te002554,1.750117769681555
te002555,1.750117769681555
te002556,1.750117769681555
te002557,1.750117769681555
te002558,1.750117769681555
te002559,1.750117769681555
te002560,1.750117769681555
te002561,1.750117769681555
te002562,1.750117769681555
te002563,1.750117769681555
te002564,1.750117769681555
te002565,1.750117769681555
te002566,1.750117769681555
te002567,1.750117769681555
te002568,1.750117769681555
te002569,1.750117769681555
te002570,1.750117769681555
te002571,1.750117769681555
te002572,1.750117769681555
te002573,1.750117769681555
te002574,1.750117769681555
te002575,1.750117769681555
te002576,1.750117769681555
te002577,1.750117769681555
te002578,1.750117769681555
te002579,1.750117769681555
te002580,1.750117769681555
te002581,1.750117769681555
te002582,1.750117769681555
te002583,1.750117769681555
te002584,1.750117769681555
te002585,1.750117769681555
te002586,1.750117769681555
te002587,1.750117769681555
te002588,1.750117769681555
te002589,1.750117769681555
te002590,1.750117769681555
te002591,1.750117769681555
te002592,1.750117769681555
te002593,1.750117769681555
te002594,1.750117769681555
te002595,1.750117769681555
te002596,1.750117769681555
te002597,1.750117769681555
te002598,1.750117769681555
te002599,1.750117769681555
te002600,1.750117769681555
te002601,1.750117769681555
te002602,1.750117769681555
te002603,1.750117769681555
te002604,1.750117769681555
te002605,1.750117769681555
te002606,1.750117769681555
te002607,1.750117769681555
te002608,1.750117769681555
te002609,1.750117769681555
te002610,1.750117769681555
te002611,1.750117769681555
te002612,1.750117769681555
te002613,1.750117769681555
te002614,1.750117769681555
te002615,1.750117769681555
te002616,1.750117769681555
te002617,1.750117769681555
te002618,1.750117769681555
te002619,1.750117769681555
te002620,1.750117769681555
te002621,1.750117769681555
te002622,1.750117769681555
te002623,1.750117769681555
te002624,1.750117769681555
te002625,1.750117769681555
te002626,1.750117769681555
te002627,1.750117769681555
te002628,1.750117769681555
te002629,1.750117769681555
te002630,1.750117769681555
te002631,1.750117769681555
te002632,1.750117769681555
te002633,1.750117769681555
te002634,1.750117769681555
te002635,1.750117769681555
te002636,1.750117769681555
te002637,1.750117769681555
te002638,1.750117769681555
te002639,1.750117769681555
te002640,1.750117769681555
te002641,1.750117769681555
te002642,1.750117769681555
te002643,1.750117769681555
te002644,1.750117769681555
te002645,1.750117769681555
te002646,1.750117769681555
te002647,1.750117769681555
te002648,1.750117769681555
te002649,1.750117769681555
te002650,1.750117769681555
te002651,1.750117769681555
te002652,1.750117769681555
te002653,1.750117769681555
te002654,1.750117769681555
te002655,1.750117769681555
te002656,1.750117769681555
te002657,1.750117769681555
te002658,1.750117769681555
te002659,1.750117769681555
te002660,1.750117769681555
te002661,1.750117769681555
te002662,1.750117769681555
te002663,1.750117769681555
te002664,1.750117769681555
te002665,1.750117769681555
te002666,1.750117769681555
te002667,1.750117769681555
te002668,1.750117769681555
te002669,1.750117769681555
te002670,1.750117769681555
te002671,1.750117769681555
te002672,1.750117769681555
te002673,1.750117769681555
te002674,1.750117769681555
te002675,1.750117769681555
te002676,1.750117769681555
te002677,1.750117769681555
te002678,1.750117769681555
te002679,1.750117769681555
te002680,1.750117769681555
te002681,1.750117769681555
te002682,1.750117769681555
te002683,1.750117769681555
te002684,1.750117769681555
te002685,1.750117769681555
te002686,1.750117769681555
te002687,1.750117769681555
te002688,1.750117769681555
te002689,1.750117769681555
te002690,1.750117769681555
te002691,1.750117769681555
te002692,1.750117769681555
te002693,1.750117769681555
te002694,1.750117769681555
te002695,1.750117769681555
te002696,1.750117769681555
te002697,1.750117769681555
te002698,1.750117769681555
te002699,1.750117769681555
te002700,1.750117769681555
te002701,1.750117769681555
te002702,1.750117769681555
te002703,1.750117769681555
te002704,1.750117769681555
te002705,1.750117769681555
te002706,1.750117769681555
te002707,1.750117769681555
te002708,1.750117769681555
te002709,1.750117769681555
te002710,1.750117769681555
te002711,1.750117769681555
te002712,1.750117769681555
te002713,1.750117769681555
te002714,1.750117769681555
te002715,1.750117769681555
te002716,1.750117769681555
te002717,1.750117769681555
te002718,1.750117769681555
te002719,1.750117769681555
te002720,1.750117769681555
te002721,1.750117769681555
te002722,1.750117769681555
te002723,1.750117769681555
te002724,1.750117769681555
te002725,1.750117769681555
te002726,1.750117769681555
te002727,1.750117769681555
te002728,1.750117769681555
te002729,1.750117769681555
te002730,1.750117769681555
te002731,1.750117769681555
te002732,1.750117769681555
te002733,1.750117769681555
te002734,1.750117769681555
te002735,1.750117769681555
te002736,1.750117769681555
te002737,1.750117769681555
te002738,1.750117769681555
te002739,1.750117769681555
te002740,1.750117769681555
te002741,1.750117769681555
te002742,1.750117769681555
te002743,1.750117769681555
te002744,1.750117769681555
te002745,1.750117769681555
te002746,1.750117769681555
te002747,1.750117769681555
te002748,1.750117769681555
te002749,1.750117769681555
te002750,1.750117769681555
te002751,1.750117769681555
te002752,1.750117769681555
te002753,1.750117769681555
te002754,1.750117769681555
te002755,1.750117769681555
te002756,1.750117769681555
te002757,1.750117769681555
te002758,1.750117769681555
te002759,1.750117769681555
te002760,1.750117769681555
te002761,1.750117769681555
te002762,1.750117769681555
te002763,1.750117769681555
te002764,1.750117769681555
te002765,1.750117769681555
te002766,1.750117769681555
te002767,1.750117769681555
te002768,1.750117769681555
te002769,1.750117769681555
te002770,1.750117769681555
te002771,1.750117769681555
te002772,1.750117769681555
te002773,1.750117769681555
te002774,1.750117769681555
te002775,1.750117769681555
te002776,1.750117769681555
te002777,1.750117769681555
te002778,1.750117769681555
te002779,1.750117769681555
te002780,1.750117769681555
te002781,1.750117769681555
te002782,1.750117769681555
te002783,1.750117769681555
te002784,1.750117769681555
te002785,1.750117769681555
te002786,1.750117769681555
te002787,1.750117769681555
te002788,1.750117769681555
te002789,1.750117769681555
te002790,1.750117769681555
te002791,1.750117769681555
te002792,1.750117769681555
te002793,1.750117769681555
te002794,1.750117769681555
te002795,1.750117769681555
te002796,1.750117769681555
te002797,1.750117769681555
te002798,1.750117769681555
te002799,1.750117769681555
te002800,1.750117769681555
te002801,1.750117769681555
te002802,1.750117769681555
te002803,1.750117769681555
te002804,1.750117769681555
te002805,1.750117769681555
te002806,1.750117769681555
te002807,1.750117769681555
te002808,1.750117769681555
te002809,1.750117769681555
te002810,1.750117769681555
te002811,1.750117769681555
te002812,1.750117769681555
te002813,1.750117769681555
te002814,1.750117769681555
te002815,1.750117769681555
te002816,1.750117769681555
te002817,1.750117769681555
te002818,1.750117769681555
te002819,1.750117769681555
te002820,1.750117769681555
te002821,1.750117769681555
te002822,1.750117769681555
te002823,1.750117769681555
te002824,1.750117769681555
te002825,1.750117769681555
te002826,1.750117769681555
te002827,1.750117769681555
te002828,1.750117769681555
te002829,1.750117769681555
te002830,1.750117769681555
te002831,1.750117769681555
te002832,1.750117769681555
te002833,1.750117769681555
te002834,1.750117769681555
te002835,1.750117769681555
te002836,1.750117769681555
te002837,1.750117769681555
te002838,1.750117769681555
te002839,1.750117769681555
te002840,1.750117769681555
te002841,1.750117769681555
te002842,1.750117769681555
te002843,1.750117769681555
te002844,1.750117769681555
te002845,1.750117769681555
te002846,1.750117769681555
te002847,1.750117769681555
te002848,1.750117769681555
te002849,1.750117769681555
te002850,1.750117769681555
te002851,1.750117769681555
te002852,1.750117769681555
te002853,1.750117769681555
te002854,1.750117769681555
te002855,1.750117769681555
te002856,1.750117769681555
te002857,1.750117769681555
te002858,1.750117769681555
te002859,1.750117769681555
te002860,1.750117769681555
te002861,1.750117769681555
te002862,1.750117769681555
te002863,1.750117769681555
te002864,1.750117769681555
te002865,1.750117769681555
te002866,1.750117769681555
te002867,1.750117769681555
te002868,1.750117769681555
te002869,1.750117769681555
te002870,1.750117769681555
te002871,1.750117769681555
te002872,1.750117769681555
te002873,1.750117769681555
te002874,1.750117769681555
te002875,1.750117769681555
te002876,1.750117769681555
te002877,1.750117769681555
te002878,1.750117769681555
te002879,1.750117769681555
te002880,1.750117769681555
te002881,1.750117769681555
te002882,1.750117769681555
te002883,1.750117769681555
te002884,1.750117769681555
te002885,1.750117769681555
te002886,1.750117769681555
te002887,1.750117769681555
te002888,1.750117769681555
te002889,1.750117769681555
te002890,1.750117769681555
te002891,1.750117769681555
te002892,1.750117769681555
te002893,1.750117769681555
te002894,1.750117769681555
te002895,1.750117769681555
te002896,1.750117769681555
te002897,1.750117769681555
te002898,1.750117769681555
te002899,1.750117769681555
te002900,1.750117769681555
te002901,1.750117769681555
te002902,1.750117769681555
te002903,1.750117769681555
te002904,1.750117769681555
te002905,1.750117769681555
te002906,1.750117769681555
te002907,1.750117769681555
te002908,1.750117769681555
te002909,1.750117769681555
te002910,1.750117769681555
te002911,1.750117769681555
te002912,1.750117769681555
te002913,1.750117769681555
te002914,1.750117769681555
te002915,1.750117769681555
te002916,1.750117769681555
te002917,1.750117769681555
te002918,1.750117769681555
te002919,1.750117769681555
te002920,1.750117769681555
te002921,1.750117769681555
te002922,1.750117769681555
te002923,1.750117769681555
te002924,1.750117769681555
te002925,1.750117769681555
te002926,1.750117769681555
te002927,1.750117769681555
te002928,1.750117769681555
te002929,1.750117769681555
te002930,1.750117769681555
te002931,1.750117769681555
te002932,1.750117769681555
te002933,1.750117769681555
te002934,1.750117769681555
te002935,1.750117769681555
te002936,1.750117769681555
te002937,1.750117769681555
te002938,1.750117769681555
te002939,1.750117769681555
te002940,1.750117769681555
te002941,1.750117769681555
te002942,1.750117769681555
te002943,1.750117769681555
te002944,1.750117769681555
te002945,1.750117769681555
te002946,1.750117769681555
te002947,1.750117769681555
te002948,1.750117769681555
te002949,1.750117769681555
te002950,1.750117769681555
te002951,1.750117769681555
te002952,1.750117769681555
te002953,1.750117769681555
te002954,1.750117769681555
te002955,1.750117769681555
te002956,1.750117769681555
te002957,1.750117769681555
te002958,1.750117769681555
te002959,1.750117769681555
te002960,1.750117769681555
te002961,1.750117769681555
te002962,1.750117769681555
te002963,1.750117769681555
te002964,1.750117769681555
te002965,1.750117769681555
te002966,1.750117769681555
te002967,1.750117769681555
te002968,1.750117769681555
te002969,1.750117769681555
te002970,1.750117769681555
te002971,1.750117769681555
te002972,1.750117769681555
te002973,1.750117769681555
te002974,1.750117769681555
te002975,1.750117769681555
te002976,1.750117769681555
te002977,1.750117769681555
te002978,1.750117769681555
te002979,1.750117769681555
te002980,1.750117769681555
te002981,1.750117769681555
te002982,1.750117769681555
te002983,1.750117769681555
te002984,1.750117769681555
te002985,1.750117769681555
te002986,1.750117769681555
te002987,1.750117769681555
te002988,1.750117769681555
te002989,1.750117769681555
te002990,1.750117769681555
te002991,1.750117769681555
te002992,1.750117769681555
te002993,1.750117769681555
te002994,1.750117769681555
te002995,1.750117769681555
te002996,1.750117769681555
te002997,1.750117769681555
te002998,1.750117769681555
te002999,1.750117769681555
te003000,1.750117769681555
te003001,1.750117769681555
te003002,1.750117769681555
te003003,1.750117769681555
te003004,1.750117769681555
te003005,1.750117769681555
te003006,1.750117769681555
te003007,1.750117769681555
te003008,1.750117769681555
te003009,1.750117769681555
te003010,1.750117769681555
te003011,1.750117769681555
te003012,1.750117769681555
te003013,1.750117769681555
te003014,1.750117769681555
te003015,1.750117769681555
te003016,1.750117769681555
te003017,1.750117769681555
te003018,1.750117769681555
te003019,1.750117769681555
te003020,1.750117769681555
te003021,1.750117769681555
te003022,1.750117769681555
te003023,1.750117769681555
te003024,1.750117769681555
te003025,1.750117769681555
te003026,1.750117769681555
te003027,1.750117769681555
te003028,1.750117769681555
te003029,1.750117769681555
te003030,1.750117769681555
te003031,1.750117769681555
te003032,1.750117769681555
te003033,1.750117769681555
te003034,1.750117769681555
te003035,1.750117769681555
te003036,1.750117769681555
te003037,1.750117769681555
te003038,1.750117769681555
te003039,1.750117769681555
te003040,1.750117769681555
te003041,1.750117769681555
te003042,1.750117769681555
te003043,1.750117769681555
te003044,1.750117769681555
te003045,1.750117769681555
te003046,1.750117769681555
te003047,1.750117769681555
te003048,1.750117769681555
te003049,1.750117769681555
te003050,1.750117769681555
te003051,1.750117769681555
te003052,1.750117769681555
te003053,1.750117769681555
te003054,1.750117769681555
te003055,1.750117769681555
te003056,1.750117769681555
te003057,1.750117769681555
te003058,1.750117769681555
te003059,1.750117769681555
te003060,1.750117769681555
te003061,1.750117769681555
te003062,1.750117769681555
te003063,1.750117769681555
te003064,1.750117769681555
te003065,1.750117769681555
te003066,1.750117769681555
te003067,1.750117769681555
te003068,1.750117769681555
te003069,1.750117769681555
te003070,1.750117769681555
te003071,1.750117769681555
te003072,1.750117769681555
te003073,1.750117769681555
te003074,1.750117769681555
te003075,1.750117769681555
te003076,1.750117769681555
te003077,1.750117769681555
te003078,1.750117769681555
te003079,1.750117769681555
te003080,1.750117769681555
te003081,1.750117769681555
te003082,1.750117769681555
te003083,1.750117769681555
te003084,1.750117769681555
te003085,1.750117769681555
te003086,1.750117769681555
te003087,1.750117769681555
te003088,1.750117769681555
te003089,1.750117769681555
te003090,1.750117769681555
te003091,1.750117769681555
te003092,1.750117769681555
te003093,1.750117769681555
te003094,1.750117769681555
te003095,1.750117769681555
te003096,1.750117769681555
te003097,1.750117769681555
te003098,1.750117769681555
te003099,1.750117769681555
te003100,1.750117769681555
te003101,1.750117769681555
te003102,1.750117769681555
te003103,1.750117769681555
te003104,1.750117769681555
te003105,1.750117769681555
te003106,1.750117769681555
te003107,1.750117769681555
te003108,1.750117769681555
te003109,1.750117769681555
te003110,1.750117769681555
te003111,1.750117769681555
te003112,1.750117769681555
te003113,1.750117769681555
te003114,1.750117769681555
te003115,1.750117769681555
te003116,1.750117769681555
te003117,1.750117769681555
te003118,1.750117769681555
te003119,1.750117769681555
te003120,1.750117769681555
te003121,1.750117769681555
te003122,1.750117769681555
te003123,1.750117769681555
te003124,1.750117769681555
te003125,1.750117769681555
te003126,1.750117769681555
te003127,1.750117769681555
te003128,1.750117769681555
te003129,1.750117769681555
te003130,1.750117769681555
te003131,1.750117769681555
te003132,1.750117769681555
te003133,1.750117769681555
te003134,1.750117769681555
te003135,1.750117769681555
te003136,1.750117769681555
te003137,1.750117769681555
te003138,1.750117769681555
te003139,1.750117769681555
te003140,1.750117769681555
te003141,1.750117769681555
te003142,1.750117769681555
te003143,1.750117769681555
te003144,1.750117769681555
te003145,1.750117769681555
te003146,1.750117769681555
te003147,1.750117769681555
te003148,1.750117769681555
te003149,1.750117769681555
te003150,1.750117769681555
te003151,1.750117769681555
te003152,1.750117769681555
te003153,1.750117769681555
te003154,1.750117769681555
te003155,1.750117769681555
te003156,1.750117769681555
te003157,1.750117769681555
te003158,1.750117769681555
te003159,1.750117769681555
te003160,1.750117769681555
te003161,1.750117769681555
te003162,1.750117769681555
te003163,1.750117769681555
te003164,1.750117769681555
te003165,1.750117769681555
te003166,1.750117769681555
te003167,1.750117769681555
te003168,1.750117769681555
te003169,1.750117769681555
te003170,1.750117769681555
te003171,1.750117769681555
te003172,1.750117769681555
te003173,1.750117769681555
te003174,1.750117769681555
te003175,1.750117769681555
te003176,1.750117769681555
te003177,1.750117769681555
te003178,1.750117769681555
te003179,1.750117769681555
te003180,1.750117769681555
te003181,1.750117769681555
te003182,1.750117769681555
te003183,1.750117769681555
te003184,1.750117769681555
te003185,1.750117769681555
te003186,1.750117769681555
te003187,1.750117769681555
te003188,1.750117769681555
te003189,1.750117769681555
te003190,1.750117769681555
te003191,1.750117769681555
te003192,1.750117769681555
te003193,1.750117769681555
te003194,1.750117769681555
te003195,1.750117769681555
te003196,1.750117769681555
te003197,1.750117769681555
te003198,1.750117769681555
te003199,1.750117769681555
te003200,1.750117769681555
te003201,1.750117769681555
te003202,1.750117769681555
te003203,1.750117769681555
te003204,1.750117769681555
te003205,1.750117769681555
te003206,1.750117769681555
te003207,1.750117769681555
te003208,1.750117769681555
te003209,1.750117769681555
te003210,1.750117769681555
te003211,1.750117769681555
te003212,1.750117769681555
te003213,1.750117769681555
te003214,1.750117769681555
te003215,1.750117769681555
te003216,1.750117769681555
te003217,1.750117769681555
te003218,1.750117769681555
te003219,1.750117769681555
te003220,1.750117769681555
te003221,1.750117769681555
te003222,1.750117769681555
te003223,1.750117769681555
te003224,1.750117769681555
te003225,1.750117769681555
te003226,1.750117769681555
te003227,1.750117769681555
te003228,1.750117769681555
te003229,1.750117769681555
te003230,1.750117769681555
te003231,1.750117769681555
te003232,1.750117769681555
te003233,1.750117769681555
te003234,1.750117769681555
te003235,1.750117769681555
te003236,1.750117769681555
te003237,1.750117769681555
te003238,1.750117769681555
te003239,1.750117769681555
te003240,1.750117769681555
te003241,1.750117769681555
te003242,1.750117769681555
te003243,1.750117769681555
te003244,1.750117769681555
te003245,1.750117769681555
te003246,1.750117769681555
te003247,1.750117769681555
te003248,1.750117769681555
te003249,1.750117769681555
te003250,1.750117769681555
te003251,1.750117769681555
te003252,1.750117769681555
te003253,1.750117769681555
te003254,1.750117769681555
te003255,1.750117769681555
te003256,1.750117769681555
te003257,1.750117769681555
te003258,1.750117769681555
te003259,1.750117769681555
te003260,1.750117769681555
te003261,1.750117769681555
te003262,1.750117769681555
te003263,1.750117769681555
te003264,1.750117769681555
te003265,1.750117769681555
te003266,1.750117769681555
te003267,1.750117769681555
te003268,1.750117769681555
te003269,1.750117769681555
te003270,1.750117769681555
te003271,1.750117769681555
te003272,1.750117769681555
te003273,1.750117769681555
te003274,1.750117769681555
te003275,1.750117769681555
te003276,1.750117769681555
te003277,1.750117769681555
te003278,1.750117769681555
te003279,1.750117769681555
te003280,1.750117769681555
te003281,1.750117769681555
te003282,1.750117769681555
te003283,1.750117769681555
te003284,1.750117769681555
te003285,1.750117769681555
te003286,1.750117769681555
te003287,1.750117769681555
te003288,1.750117769681555
te003289,1.750117769681555
te003290,1.750117769681555
te003291,1.750117769681555
te003292,1.750117769681555
te003293,1.750117769681555
te003294,1.750117769681555
te003295,1.750117769681555
te003296,1.750117769681555
te003297,1.750117769681555
te003298,1.750117769681555
te003299,1.750117769681555
te003300,1.750117769681555
te003301,1.750117769681555
te003302,1.750117769681555
te003303,1.750117769681555
te003304,1.750117769681555
te003305,1.750117769681555
te003306,1.750117769681555
te003307,1.750117769681555
te003308,1.750117769681555
te003309,1.750117769681555
te003310,1.750117769681555
te003311,1.750117769681555
te003312,1.750117769681555
te003313,1.750117769681555
te003314,1.750117769681555
te003315,1.750117769681555
te003316,1.750117769681555
te003317,1.750117769681555
te003318,1.750117769681555
te003319,1.750117769681555
te003320,1.750117769681555
te003321,1.750117769681555
te003322,1.750117769681555
te003323,1.750117769681555
te003324,1.750117769681555
te003325,1.750117769681555
te003326,1.750117769681555
te003327,1.750117769681555
te003328,1.750117769681555
te003329,1.750117769681555
te003330,1.750117769681555
te003331,1.750117769681555
te003332,1.750117769681555
te003333,1.750117769681555
te003334,1.750117769681555
te003335,1.750117769681555
te003336,1.750117769681555
te003337,1.750117769681555
te003338,1.750117769681555
te003339,1.750117769681555
te003340,1.750117769681555
te003341,1.750117769681555
te003342,1.750117769681555
te003343,1.750117769681555
te003344,1.750117769681555
te003345,1.750117769681555
te003346,1.750117769681555
te003347,1.750117769681555
te003348,1.750117769681555
te003349,1.750117769681555
te003350,1.750117769681555
te003351,1.750117769681555
te003352,1.750117769681555
te003353,1.750117769681555
te003354,1.750117769681555
te003355,1.750117769681555
te003356,1.750117769681555
te003357,1.750117769681555
te003358,1.750117769681555
te003359,1.750117769681555
te003360,1.750117769681555
te003361,1.750117769681555
te003362,1.750117769681555
te003363,1.750117769681555
te003364,1.750117769681555
te003365,1.750117769681555
te003366,1.750117769681555
te003367,1.750117769681555
te003368,1.750117769681555
te003369,1.750117769681555
te003370,1.750117769681555
te003371,1.750117769681555
te003372,1.750117769681555
te003373,1.750117769681555
te003374,1.750117769681555
te003375,1.750117769681555
te003376,1.750117769681555
te003377,1.750117769681555
te003378,1.750117769681555
te003379,1.750117769681555
te003380,1.750117769681555
te003381,1.750117769681555
te003382,1.750117769681555
te003383,1.750117769681555
te003384,1.750117769681555
te003385,1.750117769681555
te003386,1.750117769681555
te003387,1.750117769681555
te003388,1.750117769681555
te003389,1.750117769681555
te003390,1.750117769681555
te003391,1.750117769681555
te003392,1.750117769681555
te003393,1.750117769681555
te003394,1.750117769681555
te003395,1.750117769681555
te003396,1.750117769681555
te003397,1.750117769681555
te003398,1.750117769681555
te003399,1.750117769681555
te003400,1.750117769681555
te003401,1.750117769681555
te003402,1.750117769681555
te003403,1.750117769681555
te003404,1.750117769681555
te003405,1.750117769681555
te003406,1.750117769681555
te003407,1.750117769681555
te003408,1.750117769681555
te003409,1.750117769681555
te003410,1.750117769681555
te003411,1.750117769681555
te003412,1.750117769681555
te003413,1.750117769681555
te003414,1.750117769681555
te003415,1.750117769681555
te003416,1.750117769681555
te003417,1.750117769681555
te003418,1.750117769681555
te003419,1.750117769681555
te003420,1.750117769681555
te003421,1.750117769681555
te003422,1.750117769681555
te003423,1.750117769681555
te003424,1.750117769681555
te003425,1.750117769681555
te003426,1.750117769681555
te003427,1.750117769681555
te003428,1.750117769681555
te003429,1.750117769681555
te003430,1.750117769681555
te003431,1.750117769681555
te003432,1.750117769681555
te003433,1.750117769681555
te003434,1.750117769681555
te003435,1.750117769681555
te003436,1.750117769681555
te003437,1.750117769681555
te003438,1.750117769681555
te003439,1.750117769681555
te003440,1.750117769681555
te003441,1.750117769681555
te003442,1.750117769681555
te003443,1.750117769681555
te003444,1.750117769681555
te003445,1.750117769681555
te003446,1.750117769681555
te003447,1.750117769681555
te003448,1.750117769681555
te003449,1.750117769681555
te003450,1.750117769681555
te003451,1.750117769681555
te003452,1.750117769681555
te003453,1.750117769681555
te003454,1.750117769681555
te003455,1.750117769681555
te003456,1.750117769681555
te003457,1.750117769681555
te003458,1.750117769681555
te003459,1.750117769681555
te003460,1.750117769681555
te003461,1.750117769681555
te003462,1.750117769681555
te003463,1.750117769681555
te003464,1.750117769681555
te003465,1.750117769681555
te003466,1.750117769681555
te003467,1.750117769681555
te003468,1.750117769681555
te003469,1.750117769681555
te003470,1.750117769681555
te003471,1.750117769681555
te003472,1.750117769681555
te003473,1.750117769681555
te003474,1.750117769681555
te003475,1.750117769681555
te003476,1.750117769681555
te003477,1.750117769681555
te003478,1.750117769681555
te003479,1.750117769681555
te003480,1.750117769681555
te003481,1.750117769681555
te003482,1.750117769681555
te003483,1.750117769681555
te003484,1.750117769681555
te003485,1.750117769681555
te003486,1.750117769681555
te003487,1.750117769681555
te003488,1.750117769681555
te003489,1.750117769681555
te003490,1.750117769681555
te003491,1.750117769681555
te003492,1.750117769681555
te003493,1.750117769681555
te003494,1.750117769681555
te003495,1.750117769681555
te003496,1.750117769681555
te003497,1.750117769681555
te003498,1.750117769681555
te003499,1.750117769681555
te003500,1.750117769681555
te003501,1.750117769681555
te003502,1.750117769681555
te003503,1.750117769681555
te003504,1.750117769681555
te003505,1.750117769681555
te003506,1.750117769681555
te003507,1.750117769681555
te003508,1.750117769681555
te003509,1.750117769681555
te003510,1.750117769681555
te003511,1.750117769681555
te003512,1.750117769681555
te003513,1.750117769681555
te003514,1.750117769681555
te003515,1.750117769681555
te003516,1.750117769681555
te003517,1.750117769681555
te003518,1.750117769681555
te003519,1.750117769681555
te003520,1.750117769681555
te003521,1.750117769681555
te003522,1.750117769681555
te003523,1.750117769681555
te003524,1.750117769681555
te003525,1.750117769681555
te003526,1.750117769681555
te003527,1.750117769681555
te003528,1.750117769681555
te003529,1.750117769681555
te003530,1.750117769681555
te003531,1.750117769681555
te003532,1.750117769681555
te003533,1.750117769681555
te003534,1.750117769681555
te003535,1.750117769681555
te003536,1.750117769681555
te003537,1.750117769681555
te003538,1.750117769681555
te003539,1.750117769681555
te003540,1.750117769681555
te003541,1.750117769681555
te003542,1.750117769681555
te003543,1.750117769681555
te003544,1.750117769681555
te003545,1.750117769681555
te003546,1.750117769681555
te003547,1.750117769681555
te003548,1.750117769681555
te003549,1.750117769681555
te003550,1.750117769681555
te003551,1.750117769681555
te003552,1.750117769681555
te003553,1.750117769681555
te003554,1.750117769681555
te003555,1.750117769681555
te003556,1.750117769681555
te003557,1.750117769681555
te003558,1.750117769681555
te003559,1.750117769681555
te003560,1.750117769681555
te003561,1.750117769681555
te003562,1.750117769681555
te003563,1.750117769681555
te003564,1.750117769681555
te003565,1.750117769681555
te003566,1.750117769681555
te003567,1.750117769681555
te003568,1.750117769681555
te003569,1.750117769681555
te003570,1.750117769681555
te003571,1.750117769681555
te003572,1.750117769681555
te003573,1.750117769681555
te003574,1.750117769681555
te003575,1.750117769681555
te003576,1.750117769681555
te003577,1.750117769681555
te003578,1.750117769681555
te003579,1.750117769681555
te003580,1.750117769681555
te003581,1.750117769681555
te003582,1.750117769681555
te003583,1.750117769681555
te003584,1.750117769681555
te003585,1.750117769681555
te003586,1.750117769681555
te003587,1.750117769681555
te003588,1.750117769681555
te003589,1.750117769681555
te003590,1.750117769681555
te003591,1.750117769681555
te003592,1.750117769681555
te003593,1.750117769681555
te003594,1.750117769681555
te003595,1.750117769681555
te003596,1.750117769681555
te003597,1.750117769681555
te003598,1.750117769681555
te003599,1.750117769681555
te003600,1.750117769681555
te003601,1.750117769681555
te003602,1.750117769681555
te003603,1.750117769681555
te003604,1.750117769681555
te003605,1.750117769681555
te003606,1.750117769681555
te003607,1.750117769681555
te003608,1.750117769681555
te003609,1.750117769681555
te003610,1.750117769681555
te003611,1.750117769681555
te003612,1.750117769681555
te003613,1.750117769681555
te003614,1.750117769681555
te003615,1.750117769681555
te003616,1.750117769681555
te003617,1.750117769681555
te003618,1.750117769681555
te003619,1.750117769681555
te003620,1.750117769681555
te003621,1.750117769681555
te003622,1.750117769681555
te003623,1.750117769681555
te003624,1.750117769681555
te003625,1.750117769681555
te003626,1.750117769681555
te003627,1.750117769681555
te003628,1.750117769681555
te003629,1.750117769681555
te003630,1.750117769681555
te003631,1.750117769681555
te003632,1.750117769681555
te003633,1.750117769681555
te003634,1.750117769681555
te003635,1.750117769681555
te003636,1.750117769681555
te003637,1.750117769681555
te003638,1.750117769681555
te003639,1.750117769681555
te003640,1.750117769681555
te003641,1.750117769681555
te003642,1.750117769681555
te003643,1.750117769681555
te003644,1.750117769681555
te003645,1.750117769681555
te003646,1.750117769681555
te003647,1.750117769681555
te003648,1.750117769681555
te003649,1.750117769681555
te003650,1.750117769681555
te003651,1.750117769681555
te003652,1.750117769681555
te003653,1.750117769681555
te003654,1.750117769681555
te003655,1.750117769681555
te003656,1.750117769681555
te003657,1.750117769681555
te003658,1.750117769681555
te003659,1.750117769681555
te003660,1.750117769681555
te003661,1.750117769681555
te003662,1.750117769681555
te003663,1.750117769681555
te003664,1.750117769681555
te003665,1.750117769681555
te003666,1.750117769681555
te003667,1.750117769681555
te003668,1.750117769681555
te003669,1.750117769681555
te003670,1.750117769681555
te003671,1.750117769681555
te003672,1.750117769681555
te003673,1.750117769681555
te003674,1.750117769681555
te003675,1.750117769681555
te003676,1.750117769681555
te003677,1.750117769681555
te003678,1.750117769681555
te003679,1.750117769681555
te003680,1.750117769681555
te003681,1.750117769681555
te003682,1.750117769681555
te003683,1.750117769681555
te003684,1.750117769681555
te003685,1.750117769681555
te003686,1.750117769681555
te003687,1.750117769681555
te003688,1.750117769681555
te003689,1.750117769681555
te003690,1.750117769681555
te003691,1.750117769681555
te003692,1.750117769681555
te003693,1.750117769681555
te003694,1.750117769681555
te003695,1.750117769681555
te003696,1.750117769681555
te003697,1.750117769681555
te003698,1.750117769681555
te003699,1.750117769681555
te003700,1.750117769681555
te003701,1.750117769681555
te003702,1.750117769681555
te003703,1.750117769681555
te003704,1.750117769681555
te003705,1.750117769681555
te003706,1.750117769681555
te003707,1.750117769681555
te003708,1.750117769681555
te003709,1.750117769681555
te003710,1.750117769681555
te003711,1.750117769681555
te003712,1.750117769681555
te003713,1.750117769681555
te003714,1.750117769681555
te003715,1.750117769681555
te003716,1.750117769681555
te003717,1.750117769681555
te003718,1.750117769681555
te003719,1.750117769681555
te003720,1.750117769681555
te003721,1.750117769681555
te003722,1.750117769681555
te003723,1.750117769681555
te003724,1.750117769681555
te003725,1.750117769681555
te003726,1.750117769681555
te003727,1.750117769681555
te003728,1.750117769681555
te003729,1.750117769681555
te003730,1.750117769681555
te003731,1.750117769681555
te003732,1.750117769681555
te003733,1.750117769681555
te003734,1.750117769681555
te003735,1.750117769681555
te003736,1.750117769681555
te003737,1.750117769681555
te003738,1.750117769681555
te003739,1.750117769681555
te003740,1.750117769681555
te003741,1.750117769681555
te003742,1.750117769681555
te003743,1.750117769681555
te003744,1.750117769681555
te003745,1.750117769681555
te003746,1.750117769681555
te003747,1.750117769681555
te003748,1.750117769681555
te003749,1.750117769681555
te003750,1.750117769681555
te003751,1.750117769681555
te003752,1.750117769681555
te003753,1.750117769681555
te003754,1.750117769681555
te003755,1.750117769681555
te003756,1.750117769681555
te003757,1.750117769681555
te003758,1.750117769681555
te003759,1.750117769681555
te003760,1.750117769681555
te003761,1.750117769681555
te003762,1.750117769681555
te003763,1.750117769681555
te003764,1.750117769681555
te003765,1.750117769681555
te003766,1.750117769681555
te003767,1.750117769681555
te003768,1.750117769681555
te003769,1.750117769681555
te003770,1.750117769681555
te003771,1.750117769681555
te003772,1.750117769681555
te003773,1.750117769681555
te003774,1.750117769681555
te003775,1.750117769681555
te003776,1.750117769681555
te003777,1.750117769681555
te003778,1.750117769681555
te003779,1.750117769681555
te003780,1.750117769681555
te003781,1.750117769681555
te003782,1.750117769681555
te003783,1.750117769681555
te003784,1.750117769681555
te003785,1.750117769681555
te003786,1.750117769681555
te003787,1.750117769681555
te003788,1.750117769681555
te003789,1.750117769681555
te003790,1.750117769681555
te003791,1.750117769681555
te003792,1.750117769681555
te003793,1.750117769681555
te003794,1.750117769681555
te003795,1.750117769681555
te003796,1.750117769681555
te003797,1.750117769681555
te003798,1.750117769681555
te003799,1.750117769681555
te003800,1.750117769681555
te003801,1.750117769681555
te003802,1.750117769681555
te003803,1.750117769681555
te003804,1.750117769681555
te003805,1.750117769681555
te003806,1.750117769681555
te003807,1.750117769681555
te003808,1.750117769681555
te003809,1.750117769681555
te003810,1.750117769681555
te003811,1.750117769681555
te003812,1.750117769681555
te003813,1.750117769681555
te003814,1.750117769681555
te003815,1.750117769681555
te003816,1.750117769681555
te003817,1.750117769681555
te003818,1.750117769681555
te003819,1.750117769681555
te003820,1.750117769681555
te003821,1.750117769681555
te003822,1.750117769681555
te003823,1.750117769681555
te003824,1.750117769681555
te003825,1.750117769681555
te003826,1.750117769681555
te003827,1.750117769681555
te003828,1.750117769681555
te003829,1.750117769681555
te003830,1.750117769681555
te003831,1.750117769681555
te003832,1.750117769681555
te003833,1.750117769681555
te003834,1.750117769681555
te003835,1.750117769681555
te003836,1.750117769681555
te003837,1.750117769681555
te003838,1.750117769681555
te003839,1.750117769681555
te003840,1.750117769681555
te003841,1.750117769681555
te003842,1.750117769681555
te003843,1.750117769681555
te003844,1.750117769681555
te003845,1.750117769681555
te003846,1.750117769681555
te003847,1.750117769681555
te003848,1.750117769681555
te003849,1.750117769681555
te003850,1.750117769681555
te003851,1.750117769681555
te003852,1.750117769681555
te003853,1.750117769681555
te003854,1.750117769681555
te003855,1.750117769681555
te003856,1.750117769681555
te003857,1.750117769681555
te003858,1.750117769681555
te003859,1.750117769681555
te003860,1.750117769681555
te003861,1.750117769681555
te003862,1.750117769681555
te003863,1.750117769681555
te003864,1.750117769681555
te003865,1.750117769681555
te003866,1.750117769681555
te003867,1.750117769681555
te003868,1.750117769681555
te003869,1.750117769681555
te003870,1.750117769681555
te003871,1.750117769681555
te003872,1.750117769681555
te003873,1.750117769681555
te003874,1.750117769681555
te003875,1.750117769681555
te003876,1.750117769681555
te003877,1.750117769681555
te003878,1.750117769681555
te003879,1.750117769681555
te003880,1.750117769681555
te003881,1.750117769681555
te003882,1.750117769681555
te003883,1.750117769681555
te003884,1.750117769681555
te003885,1.750117769681555
te003886,1.750117769681555
te003887,1.750117769681555
te003888,1.750117769681555
te003889,1.750117769681555
te003890,1.750117769681555
te003891,1.750117769681555
te003892,1.750117769681555
te003893,1.750117769681555
te003894,1.750117769681555
te003895,1.750117769681555
te003896,1.750117769681555
te003897,1.750117769681555
te003898,1.750117769681555
te003899,1.750117769681555
te003900,1.750117769681555
te003901,1.750117769681555
te003902,1.750117769681555
te003903,1.750117769681555
te003904,1.750117769681555
te003905,1.750117769681555
te003906,1.750117769681555
te003907,1.750117769681555
te003908,1.750117769681555
te003909,1.750117769681555
te003910,1.750117769681555
te003911,1.750117769681555
te003912,1.750117769681555
te003913,1.750117769681555
te003914,1.750117769681555
te003915,1.750117769681555
te003916,1.750117769681555
te003917,1.750117769681555
te003918,1.750117769681555
te003919,1.750117769681555
te003920,1.750117769681555
te003921,1.750117769681555
te003922,1.750117769681555
te003923,1.750117769681555
te003924,1.750117769681555
te003925,1.750117769681555
te003926,1.750117769681555
te003927,1.750117769681555
te003928,1.750117769681555
te003929,1.750117769681555
te003930,1.750117769681555
te003931,1.750117769681555
te003932,1.750117769681555
te003933,1.750117769681555
te003934,1.750117769681555
te003935,1.750117769681555
te003936,1.750117769681555
te003937,1.750117769681555
te003938,1.750117769681555
te003939,1.750117769681555
te003940,1.750117769681555
te003941,1.750117769681555
te003942,1.750117769681555
te003943,1.750117769681555
te003944,1.750117769681555
te003945,1.750117769681555
te003946,1.750117769681555
te003947,1.750117769681555
te003948,1.750117769681555
te003949,1.750117769681555
te003950,1.750117769681555
te003951,1.750117769681555
te003952,1.750117769681555
te003953,1.750117769681555
te003954,1.750117769681555
te003955,1.750117769681555
te003956,1.750117769681555
te003957,1.750117769681555
te003958,1.750117769681555
te003959,1.750117769681555
te003960,1.750117769681555
te003961,1.750117769681555
te003962,1.750117769681555
te003963,1.750117769681555
te003964,1.750117769681555
te003965,1.750117769681555
te003966,1.750117769681555
te003967,1.750117769681555
te003968,1.750117769681555
te003969,1.750117769681555
te003970,1.750117769681555
te003971,1.750117769681555
te003972,1.750117769681555
te003973,1.750117769681555
te003974,1.750117769681555
te003975,1.750117769681555
te003976,1.750117769681555
te003977,1.750117769681555
te003978,1.750117769681555
te003979,1.750117769681555
te003980,1.750117769681555
te003981,1.750117769681555
te003982,1.750117769681555
te003983,1.750117769681555
te003984,1.750117769681555
te003985,1.750117769681555
te003986,1.750117769681555
te003987,1.750117769681555
te003988,1.750117769681555
te003989,1.750117769681555
te003990,1.750117769681555
te003991,1.750117769681555
te003992,1.750117769681555
te003993,1.750117769681555
te003994,1.750117769681555
te003995,1.750117769681555
te003996,1.750117769681555
te003997,1.750117769681555
te003998,1.750117769681555
te003999,1.750117769681555
