trajectory_id,target
tr009401,2.858831
tr005725,1.578595
tr003307,2.957277
tr001562,2.804279
tr000041,2.57477
tr011097,2.185905
tr001990,0.785227
tr014501,1.247265
tr007440,1.78314
tr007161,1.86059
tr011773,2.046318
tr011123,2.000713
tr012742,2.168827
tr013565,2.532872
tr011809,0.711626
tr000202,1.189766
tr011724,0.684226
tr013675,2.720645
tr003389,2.134459
tr005514,0.708593
tr007892,1.522353
tr013188,1.207602
tr008513,1.877924
tr000535,1.226721
tr013644,1.251301
tr009517,2.414166
tr000895,2.588741
tr012919,0.706174
tr003963,0.535168
tr014205,1.908832
tr010995,2.619039
tr006178,2.205859
tr002491,1.888663
tr003378,2.839087
tr001375,0.732335
tr009266,2.148869
tr010075,2.862867
tr014245,2.734745
tr011519,1.099507
tr014085,2.198032
tr004541,1.32022
tr014662,2.59058
tr004552,1.51524
tr012766,2.62574
tr003812,0.844225
tr010352,1.333664
tr002059,2.732584
tr000353,1.203209
tr009990,0.501136
tr010889,1.081082
tr013090,1.951974
tr002509,1.335063
tr003890,1.132274
tr013159,0.573286
tr007886,2.601287
tr002543,2.526006
tr001203,1.401204
tr009408,1.385734
tr010635,0.5634
tr004427,1.674536
tr005015,0.53388
tr005585,1.641342
tr005755,2.631196
tr009047,1.20157
tr005667,2.020009
tr012004,2.837426
tr005264,1.246541
tr013316,0.58952
tr001924,1.670071
tr002459,0.62289
tr002159,2.973049
tr002868,0.958607
tr007331,1.749003
tr006158,2.4323
tr014890,1.908631
tr011112,2.788828
tr014627,1.673835
tr010937,1.412139
tr004335,2.313007
tr003822,2.27628
tr013858,1.811447
tr004312,2.307612
tr003220,1.218863
tr000333,0.864184
tr003031,1.725416
tr012799,0.718339
tr007126,1.579948
tr007115,2.121385
tr002762,1.331295
tr000882,0.658442
tr002843,1.423701
tr014157,2.468998
tr009540,2.186332
tr000167,2.441747
tr014771,1.10742
tr012533,1.220939
tr001823,1.577896
tr001967,2.915824
tr014995,2.884543
tr012828,0.759316
tr013105,2.347574
tr002730,1.385897
tr006912,2.052737
tr011428,2.9699
tr010604,2.882342
tr008849,1.42396
tr011008,1.460428
tr008573,1.68605
tr005038,1.303093
tr009341,2.242067
tr008146,1.523665
tr006780,1.728912
tr003776,2.062005
tr008599,2.542221
tr003449,2.925927
tr012511,1.541992
tr011092,1.788016
tr004498,1.120185
tr014770,2.128491
tr007189,2.151693
tr003780,2.082329
tr003734,2.036611
tr004494,2.56029
tr008020,0.912705
tr008367,2.473332
tr001535,2.899335
tr005766,0.804615
tr004577,2.778558
tr000385,1.217195
tr010894,2.02042
tr006155,1.892779
tr000531,1.812909
tr000990,2.001475
tr006567,2.744376
tr006965,1.080031
tr002885,1.318807
tr007877,2.805063
tr010581,0.550224
tr010215,1.457872
tr013115,2.12773
tr004158,1.675106
tr001776,0.71083
tr001427,1.751353
tr005357,2.604395
tr000536,2.648472
tr007865,2.049433
tr005629,1.929975
tr001671,2.127346
tr011493,2.254532
tr009480,2.507079
tr001394,2.226109
tr007721,2.620501
tr007430,2.248879
tr006841,2.757441
tr004629,0.663
tr013172,2.959712
tr001415,2.687034
tr007593,1.756917
tr002035,0.859318
tr008698,2.277962
tr014835,1.355543
tr004175,2.30194
tr003818,1.524608
tr006197,1.196924
tr002195,2.857563
tr014917,2.484949
tr004178,1.44363
tr006482,2.573551
tr014537,1.529199
tr001089,2.293723
tr012538,2.577212
tr003655,1.824417
tr005306,1.094302
tr007528,2.397184
tr012849,1.989177
tr009649,1.438375
tr005393,1.906394
tr000239,2.229903
tr000410,0.835913
tr001817,2.181998
tr012682,2.801446
tr001187,2.667508
tr001160,1.462427
tr003132,1.978865
tr009134,2.50278
tr009315,2.626099
tr000512,2.157726
tr004327,0.773891
tr011397,1.347853
tr009340,0.659231
tr007801,2.957738
tr012628,2.56901
tr004510,2.563008
tr010720,2.945077
tr011270,2.6663
tr005776,1.136175
tr004106,1.431712
tr009688,2.275403
tr008945,0.60626
tr006590,2.810673
tr002478,2.528017
tr002844,2.998879
tr003609,2.607127
tr011582,1.072757
tr004887,1.531429
tr006508,2.147765
tr003432,2.183199
tr001795,1.583689
tr006168,1.690105
tr006410,1.161235
tr004967,2.352051
tr011787,2.814103
tr011829,2.902458
tr001927,0.924158
tr000828,1.116906
tr001830,2.397761
tr003727,2.234157
tr011103,2.071328
tr010915,2.005262
tr013827,1.342816
tr011178,2.441882
tr005745,2.066874
tr012912,2.634213
tr006516,2.643037
tr011166,0.789239
tr012207,2.638169
tr014371,2.790687
tr002836,2.426711
tr002618,2.112278
tr006527,1.715598
tr011739,2.567972
tr005031,1.202277
tr004176,1.586093
tr009791,1.066268
tr013876,0.632369
tr002911,1.678274
tr014742,2.908832
tr002647,2.351494
tr008226,2.76621
tr005623,1.059319
tr012285,2.401537
tr009634,1.055816
tr014513,1.636392
tr003189,2.681504
tr004554,0.638863
tr013605,2.811278
tr003701,2.358291
tr012688,1.147899
tr001728,2.532334
tr005988,2.887709
tr011253,1.689329
tr010929,1.25019
tr003633,2.084913
tr011167,1.938128
tr006982,1.986753
tr014979,1.796521
tr004280,1.608926
tr011238,1.63099
tr013673,2.481887
tr007282,2.235727
tr003777,2.419049
tr008270,2.43257
tr006307,1.31044
tr006663,1.493477
tr004418,1.551671
tr006274,0.67699
tr004084,1.624672
tr006310,0.994079
tr004326,2.939142
tr007734,0.611113
tr004549,1.928977
tr009309,1.736843
tr005508,2.340995
tr011214,1.922808
tr013149,1.196029
tr012343,0.908708
tr005364,1.589959
tr011301,2.229047
tr007989,1.397064
tr009162,2.702432
tr002827,1.543361
tr003340,0.862524
tr007605,2.934169
tr008094,2.765559
tr005871,1.158401
tr012626,2.765203
tr002247,2.310031
tr006356,2.575424
tr000625,2.966371
tr001792,1.188309
tr007327,2.293172
tr002175,2.888746
tr013270,2.49223
tr004857,1.748126
tr011244,2.69182
tr010618,2.790253
tr001869,0.659078
tr001558,0.610742
tr007692,1.674623
tr003264,2.54452
tr008026,1.653316
tr007718,0.680137
tr005891,1.7053
tr006719,2.93855
tr013138,2.412401
tr000601,2.776588
tr011865,2.738323
tr008388,1.251626
tr011284,1.237943
tr004094,2.806206
tr006946,2.442414
tr007404,1.801541
tr000457,2.833824
tr004252,2.80398
tr009782,2.785033
tr001793,1.5817
tr005337,1.669723
tr013127,0.567547
tr004618,1.422027
tr006532,1.970174
tr008503,1.901723
tr004701,1.652201
tr011753,1.193782
tr004732,2.350314
tr014663,1.470591
tr006748,2.479634
tr006446,0.908903
tr006031,2.409246
tr000818,1.61188
tr007199,0.920431
tr008685,1.296211
tr003559,2.394821
tr008454,2.276462
tr002666,2.725317
tr003123,2.963613
tr014586,2.772588
tr005034,1.643937
tr002442,2.606777
tr000638,1.714695
tr010643,2.606255
tr011469,1.344252
tr013194,2.164855
tr006422,1.660174
tr001805,1.030559
tr013253,0.611957
tr008994,1.81032
tr003384,1.812158
tr011370,1.918568
tr013068,0.912552
tr002614,1.720508
tr010272,0.924537
tr009345,2.607488
tr003276,1.610647
tr010401,1.641952
tr010805,1.503994
tr004443,0.987212
tr009130,1.790194
tr004791,2.129244
tr014426,1.093779
tr005063,2.056526
tr010558,0.567756
tr003498,1.898674
tr007720,1.430832
tr003509,0.76328
tr014345,2.587168
tr005428,2.43342
tr003765,2.005754
tr009538,0.751001
tr014797,1.844476
tr003078,0.718483
tr001445,1.448131
tr002801,1.561818
tr002576,0.646567
tr014476,0.563694
tr009035,2.525399
tr010399,1.445847
tr009780,2.278499
tr003604,1.978254
tr002656,2.887483
tr013809,1.237099
tr010690,2.946356
tr009373,1.455201
tr006338,2.803437
tr012883,0.817808
tr004290,1.595212
tr007782,2.036839
tr009075,2.124329
tr007623,2.724886
tr006191,2.69581
tr001689,2.526949
tr012515,1.34451
tr014574,1.843465
tr007111,0.636301
tr003342,1.733931
tr011687,0.865267
tr000332,0.797037
tr013040,2.623136
tr003218,2.483323
tr003896,2.015476
tr008560,0.891483
tr001477,1.507935
tr000703,0.665542
tr012501,1.826296
tr006030,1.62271
tr009467,2.53022
tr002376,2.607005
tr011460,2.97581
tr012307,2.688091
tr001371,0.757873
tr004256,1.63009
tr001053,1.80836
tr007250,2.595022
tr004565,0.920361
tr013306,1.88508
tr005157,2.595552
tr010003,1.855068
tr007246,1.450682
tr004995,2.350814
tr004250,2.712687
tr008479,1.060383
tr006421,2.300381
tr008338,2.198274
tr008533,2.83399
tr001382,0.520723
tr000313,2.204738
tr001721,2.465376
tr004899,1.086534
tr003577,1.32567
tr008955,1.441472
tr011632,1.500208
tr009972,2.57767
tr007504,2.418791
tr009693,2.132136
tr001224,0.799973
tr008478,1.542839
tr005231,1.831144
tr011556,2.430001
tr013195,0.761204
tr003560,2.391934
tr014955,1.766215
tr012694,1.520162
tr006176,1.306107
tr004543,2.828967
tr010658,2.254162
tr004708,2.654463
tr005557,1.272098
tr009891,0.803009
tr014185,2.775251
tr012968,1.834122
tr008776,0.66287
tr011367,2.638577
tr010005,2.055751
tr005222,1.85913
tr009907,1.701003
tr004255,0.556778
tr004733,0.757777
tr003482,0.642428
tr014015,1.425736
tr014458,0.827183
tr013781,0.642274
tr010301,1.329601
tr006941,2.415356
tr013949,0.707716
tr006240,2.713145
tr011435,2.437338
tr002541,0.871043
tr005118,1.625575
tr005537,0.85086
tr014790,0.518477
tr014830,0.629202
tr010534,1.806914
tr001622,2.736705
tr000492,0.790845
tr012850,0.809368
tr006682,0.990216
tr013881,1.179459
tr014398,0.71711
tr005704,0.986583
tr004818,1.728399
tr011479,0.607042
tr010127,2.175987
tr000939,0.646741
tr013866,2.573838
tr006736,1.462507
tr007096,2.153472
tr010487,2.554524
tr001643,1.977944
tr005203,2.904905
tr007936,2.444221
tr002949,0.765437
tr000396,1.083572
tr007001,2.055689
tr014619,2.584415
tr003487,2.815564
tr003698,1.984624
tr005951,0.634348
tr008957,2.010704
tr011836,0.913633
tr002589,1.237414
tr008489,0.796458
tr010473,1.938404
tr007071,0.840223
tr001051,2.313053
tr011825,2.28549
tr011798,2.424511
tr006575,1.75328
tr009133,1.668897
tr005650,2.636971
tr001034,2.115048
tr014145,2.3071
tr003291,2.590116
tr000629,1.560591
tr001488,0.585315
tr005885,2.411591
tr004024,1.783425
tr000132,2.439562
tr010567,1.066069
tr005729,1.306372
tr010049,0.996306
tr002214,0.538096
tr014906,1.278119
tr006641,0.544515
tr011168,0.659115
tr009776,2.548093
tr014393,1.684528
tr013677,2.80719
tr014812,2.917691
tr002648,0.905089
tr011279,1.948382
tr008713,1.118996
tr012792,1.067412
tr013976,1.756346
tr012595,2.12197
tr007555,1.389071
tr005185,1.80475
tr001604,1.05272
tr001137,2.265926
tr011628,1.066654
tr008349,2.733032
tr008804,0.749311
tr011851,1.171484
tr003581,1.951712
tr006829,1.552752
tr006991,1.219061
tr004536,2.161978
tr010895,1.111433
tr000237,1.343637
tr005807,1.62554
tr006566,1.511305
tr011139,1.750133
tr000897,1.141135
tr008365,2.336058
tr002763,1.363535
tr014994,2.117016
tr000918,1.679435
tr014147,1.181447
tr002238,2.535662
tr005208,2.437726
tr012109,0.926402
tr000518,2.36391
tr001129,1.515491
tr009630,1.452122
tr006272,1.460903
tr000326,1.879667
tr008315,1.369844
tr000168,1.232682
tr000771,2.178347
tr002508,0.83023
tr010519,1.70909
tr007005,0.616934
tr009848,0.541111
tr012053,1.128459
tr002716,0.537598
tr010742,1.234545
tr005512,1.821918
tr010318,1.491628
tr012574,2.395141
tr011077,0.762943
tr006070,1.036852
tr010691,2.082382
tr013791,1.542409
tr008495,1.340791
tr000373,1.273096
tr007020,1.3564
tr012864,2.421629
tr007873,1.625892
tr008614,1.25921
tr003895,1.270591
tr001800,0.989428
tr001214,1.141396
tr001775,1.430451
tr013584,1.45355
tr005336,1.90622
tr014494,1.403142
tr007809,0.811261
tr003605,2.801636
tr006314,0.521755
tr011919,1.09646
tr001392,1.02981
tr003706,1.12346
tr001965,1.329465
tr000354,1.537392
tr011236,2.287297
tr011796,1.545571
tr001007,1.321143
tr005153,2.18214
tr003502,2.1234
tr007381,2.572399
tr011751,1.08714
tr003395,2.944182
tr012603,0.714961
tr007880,1.917983
tr012761,2.238171
tr014231,2.857192
tr007046,1.19656
tr004755,2.222467
tr001009,0.533222
tr000245,2.817665
tr007107,1.301415
tr005036,0.598088
tr013145,1.476376
tr006277,2.419681
tr004679,1.811254
tr009451,2.749167
tr005593,1.207846
tr000529,2.242686
tr007898,0.679895
tr012948,2.85373
tr007849,0.88203
tr003784,1.822965
tr006835,2.05084
tr003956,1.396153
tr000520,0.775537
tr004719,1.504606
tr001691,1.800807
tr005771,1.078918
tr001105,2.572575
tr002842,2.87556
tr006771,1.889646
tr001148,0.749375
tr010069,1.91357
tr002493,2.43585
tr002275,2.841339
tr007239,2.949845
tr005769,0.525293
tr013317,1.275349
tr002023,1.980434
tr007622,2.92558
tr009834,0.911534
tr004788,0.674289
tr010481,0.716353
tr011516,2.481687
tr011108,2.428838
tr000222,2.215013
tr004039,0.992501
tr006803,1.524852
tr010419,2.872137
tr009282,1.355451
tr010599,2.877139
tr011009,2.306405
tr014070,2.164194
tr011359,2.584752
tr011331,2.797886
tr006438,1.033201
tr004384,1.513003
tr001058,1.333272
tr014597,2.913278
tr005028,2.517548
tr013611,2.896616
tr014864,1.713116
tr007929,1.217289
tr004711,2.883121
tr012481,1.720405
tr001957,2.742125
tr014657,0.88757
tr007296,0.524497
tr005671,1.997573
tr003994,2.190502
tr013945,2.25246
tr002613,1.837405
tr002485,1.532658
tr008211,2.347389
tr002155,1.450479
tr002017,0.963568
tr001880,2.114839
tr008741,2.368015
tr000442,1.949026
tr006216,1.624662
tr013334,1.904318
tr014828,1.014675
tr004161,0.900039
tr007580,2.085608
tr009589,2.313182
tr006349,2.699594
tr000064,0.812593
tr003821,0.775171
tr002817,2.255735
tr001978,1.915214
tr013715,2.911704
tr001690,1.408094
tr013082,2.865142
tr013981,0.6996
tr007603,0.62185
tr009802,0.625555
tr012072,0.790602
tr004213,0.915515
tr008716,2.268149
tr007442,2.336672
tr005040,2.919084
tr005409,2.625823
tr003092,0.692566
tr006957,1.409822
tr010577,1.128524
tr007881,1.093149
tr005970,0.5259
tr006818,1.53603
tr008240,1.083929
tr003758,2.229579
tr008688,2.427859
tr014252,2.580966
tr000775,1.167814
tr008697,2.25502
tr002791,1.490223
tr000598,1.20672
tr002332,2.17479
tr010758,2.84977
tr006810,1.741765
tr008601,1.714618
tr001436,2.18562
tr010371,1.835136
tr007283,2.240859
tr009852,1.809262
tr004331,2.115592
tr001356,1.349211
tr000484,2.197009
tr010250,0.970908
tr014905,1.91719
tr011624,1.452258
tr003494,1.788442
tr014059,1.979747
tr007848,1.846836
tr003166,0.768741
tr010171,1.518269
tr012529,0.568726
tr012175,0.527458
tr004018,2.930158
tr000341,0.756348
tr002119,0.516279
tr003295,1.769603
tr003752,2.78026
tr007641,2.224379
tr013999,2.125545
tr005594,2.182057
tr008530,2.314853
tr013812,1.295519
tr001235,0.794767
tr006757,1.918647
tr008216,0.957356
tr002301,2.030308
tr008404,0.925219
tr011963,1.789723
tr003842,2.207605
tr007920,2.993855
tr010654,1.097009
tr002510,2.300654
tr008197,2.404121
tr014952,2.980152
tr004110,2.824952
tr004665,0.694018
tr009140,0.964653
tr005068,2.366254
tr008102,1.841307
tr012190,1.727502
tr013207,1.463103
tr009696,2.844048
tr013100,1.977571
tr004607,0.559198
tr008249,1.194628
tr013635,2.702243
tr014549,1.97578
tr006467,2.96615
tr002449,0.840613
tr006089,1.548094
tr003891,2.053172
tr014183,0.86249
tr004461,1.666624
tr012359,2.987201
tr002592,2.572774
tr002764,0.719036
tr011406,2.83212
tr014322,2.935217
tr006905,0.871673
tr006105,2.320476
tr004006,2.411713
tr008222,1.454466
tr002120,1.719218
tr011690,1.066465
tr012926,1.560915
tr011539,1.120151
tr010132,2.065732
tr005221,2.010397
tr001348,0.800845
tr007893,2.783817
tr002000,1.439683
tr006306,2.233332
tr013450,1.415138
tr009543,1.722399
tr009216,0.90666
tr003215,2.310283
tr005571,2.130187
tr000476,2.204198
tr007607,1.866188
tr004488,1.604108
tr008060,1.411484
tr012971,2.599312
tr014327,0.824332
tr012840,0.661138
tr010223,1.508853
tr000183,0.844022
tr014855,2.296982
tr005071,1.18944
tr004288,0.936219
tr009378,1.242271
tr011132,1.310075
tr003084,1.369714
tr008111,1.929596
tr002371,1.890582
tr006095,1.561829
tr004005,0.819544
tr001312,1.054923
tr006063,2.445066
tr000032,1.238824
tr008594,0.757291
tr007459,0.779242
tr003418,2.604816
tr000869,2.36387
tr011471,2.021378
tr003420,2.137926
tr001024,1.819951
tr013664,2.852675
tr005207,1.880202
tr009671,2.286103
tr002856,1.897195
tr009903,1.605435
tr003694,0.664562
tr003974,2.738886
tr002937,1.019971
tr014784,1.391271
tr007171,0.904214
tr003362,1.604524
tr006458,0.625158
tr006223,2.345456
tr012304,1.262639
tr014606,2.764414
tr003379,1.749726
tr002024,0.593886
tr001675,2.016514
tr006880,2.926591
tr001921,1.361622
tr011606,1.423408
tr000056,2.420573
tr013146,1.686796
tr014127,1.192013
tr006037,0.862061
tr001368,2.184638
tr003168,1.760951
tr014555,2.480813
tr002477,2.816486
tr006315,2.585536
tr004562,0.588628
tr000364,2.962594
tr013739,0.933405
tr014306,2.154278
tr008307,0.559931
tr011258,0.747711
tr006080,2.371019
tr004179,1.153984
tr007468,1.040306
tr005381,2.286279
tr014385,0.879119
tr013659,2.839504
tr011082,2.949024
tr005484,0.794739
tr006362,2.32071
tr012187,2.736111
tr011812,2.307731
tr010339,2.745581
tr012338,2.333991
tr003192,2.4784
tr004391,1.70357
tr003686,1.48774
tr007242,1.658152
tr001151,0.794743
tr013822,1.042769
tr008065,0.860519
tr008597,0.758426
tr007837,2.756003
tr011142,2.396423
tr005670,2.499614
tr013228,1.160995
tr013395,1.798419
tr012313,2.615568
tr002365,2.511182
tr008660,2.945281
tr011669,1.954706
tr013245,1.141452
tr007072,1.591116
tr004831,2.905624
tr014034,0.807622
tr006876,0.789771
tr001306,0.893183
tr011631,1.103854
tr005376,1.585706
tr010239,2.034877
tr008032,1.957019
tr012698,1.99655
tr010872,1.693906
tr012983,1.552681
tr013351,2.950945
tr014611,2.023006
tr002682,1.556059
tr002405,2.464337
tr005986,0.720946
tr008960,0.611792
tr003656,2.086113
tr000420,2.455109
tr007438,1.301508
tr011740,1.438968
tr010475,1.284136
tr004137,1.045289
tr007902,1.349047
tr011794,1.887493
tr003547,2.746805
tr009441,1.532643
tr002760,1.983545
tr005488,1.331692
tr010170,2.667099
tr014630,2.640337
tr014509,2.210273
tr001284,1.143388
tr013241,1.745435
tr003416,2.913798
tr010641,2.695966
tr007554,2.11234
tr010109,1.26117
tr004558,0.794676
tr012518,1.388396
tr005775,1.08565
tr000301,0.958451
tr008177,2.999437
tr006435,1.369411
tr012371,2.837206
tr013873,2.810972
tr010613,2.366458
tr012289,2.260674
tr005351,0.850598
tr005805,2.247005
tr004801,0.503612
tr011377,1.327523
tr008991,1.504404
tr004879,1.794047
tr010046,2.663252
tr000633,2.642729
tr000544,2.29157
tr014594,0.632025
tr007357,1.459285
tr004163,2.308141
tr001201,2.453256
tr011087,1.379686
tr001942,2.115225
tr001396,2.460074
tr003583,2.695146
tr009927,1.781446
tr003829,2.175672
tr002738,0.712171
tr004055,1.637938
tr006337,1.403434
tr014714,2.499503
tr014400,1.653393
tr000952,0.748823
tr012577,1.656091
tr013583,1.788059
tr003737,1.956455
tr008663,1.399283
tr010878,0.841608
tr002565,1.218181
tr008544,2.360815
tr009513,1.963469
tr003117,2.905895
tr007699,2.158268
tr010278,0.550255
tr001283,2.543794
tr004287,1.75969
tr007454,1.46152
tr007251,2.061783
tr003135,2.888663
tr001725,1.934385
tr011045,2.331058
tr007645,1.726774
tr000678,0.682684
tr009868,1.972415
tr009559,2.752167
tr004413,1.449944
tr012779,0.668894
tr004933,2.734575
tr000316,0.63321
tr004405,2.04799
tr013216,2.186706
tr007216,2.897706
tr010395,1.869981
tr013972,1.069511
tr010212,1.101893
tr006815,1.624768
tr002604,1.576438
tr008568,1.349568
tr013860,1.217004
tr001605,2.607065
tr006601,1.26763
tr004007,0.591384
tr009052,2.843326
tr002823,2.772989
tr010414,0.559056
tr009191,2.367487
tr002909,0.663205
tr000998,2.0562
tr007007,0.621872
tr006313,2.523237
tr009219,1.692602
tr006790,0.994886
tr003826,2.202464
tr003238,1.812001
tr007822,1.846808
tr009081,2.891591
tr006708,1.864069
tr005116,1.120088
tr014774,2.16548
tr007100,2.319642
tr008665,1.157969
tr007814,2.87348
tr014103,0.842335
tr002039,2.074421
tr006688,0.634204
tr008563,2.029041
tr014520,2.84712
tr011484,1.381152
tr011560,0.923064
tr001765,1.061085
tr005180,1.279073
tr004753,2.651035
tr001568,2.770796
tr008653,1.429859
tr009168,1.679201
tr010338,0.590954
tr009888,2.255322
tr003367,1.711056
tr004986,2.70777
tr009886,2.789722
tr002849,1.77527
tr009269,1.787138
tr000290,1.176465
tr013830,2.023863
tr004202,1.578438
tr011545,2.163291
tr000986,0.639029
tr008582,2.464223
tr005226,1.277119
tr007245,0.695314
tr013368,2.283535
tr013795,1.702675
tr005833,1.911217
tr000334,2.915274
tr012999,0.967372
tr014974,1.19479
tr010880,0.734339
tr007731,2.336046
tr004694,2.512273
tr009239,1.711178
tr012137,0.676531
tr002943,2.407781
tr003714,1.691132
tr013491,1.005485
tr005812,1.697963
tr004948,2.948895
tr013209,2.351349
tr012737,1.321227
tr003383,0.606037
tr008100,0.727455
tr006952,1.61042
tr000358,1.771941
tr012118,1.00894
tr006279,1.62195
tr004712,2.342173
tr010148,1.590007
tr009892,2.66103
tr002377,0.510276
tr006842,2.177924
tr000978,1.700922
tr004601,2.355653
tr003517,2.330538
tr010562,2.675208
tr014973,2.567036
tr005136,1.347101
tr005456,2.789603
tr012201,0.518013
tr001463,0.711396
tr001251,0.791256
tr007520,0.682266
tr007952,1.458649
tr014184,2.495099
tr002113,1.373914
tr008543,2.366344
tr003152,2.231561
tr010428,1.36019
tr006747,0.94995
tr004379,2.436898
tr010358,2.90094
tr000235,2.875653
tr003544,0.507553
tr008386,2.938018
tr009981,1.777823
tr002612,1.276905
tr002130,1.602809
tr010004,1.970604
tr004626,2.779278
tr008465,2.035372
tr004395,0.83637
tr002582,1.3414
tr011286,1.332993
tr013459,2.342527
tr003545,1.256462
tr002097,1.93441
tr002928,2.634819
tr005824,2.743933
tr007569,0.793778
tr002603,1.401282
tr002742,1.708952
tr003447,0.644678
tr014138,2.425038
tr010951,0.547335
tr000881,2.414767
tr007433,2.664338
tr000345,2.866488
tr002472,0.701398
tr000768,1.814828
tr007044,1.433931
tr007432,2.786692
tr000010,1.004393
tr011635,1.91
tr012195,1.616039
tr007320,2.136592
tr003499,1.362545
tr009291,2.520344
tr009575,2.033881
tr014744,2.844377
tr012387,0.680421
tr007049,1.456164
tr009397,0.559108
tr006153,1.332181
tr006836,0.864819
tr009331,2.456872
tr004122,1.538385
tr005837,2.840805
tr003153,0.730358
tr010417,0.647816
tr010489,1.962618
tr013516,1.749477
tr011128,0.617033
tr012882,2.086844
tr014321,2.185426
tr007948,1.361108
tr003731,0.641982
tr002659,0.922711
tr005431,1.228451
tr012605,1.970732
tr007262,2.537036
tr008128,1.40677
tr008382,2.383301
tr001679,1.708145
tr006016,2.231303
tr011452,2.055126
tr003526,2.224619
tr012474,0.535505
tr007658,2.442243
tr009120,0.770515
tr014633,0.685083
tr009697,2.442792
tr005700,2.073733
tr011838,2.993366
tr001071,0.675558
tr008468,1.463356
tr003853,1.135813
tr001404,2.934457
tr007120,1.033755
tr008413,1.20414
tr002353,0.779527
tr002030,0.768354
tr001541,0.590204
tr007328,1.517192
tr011012,1.66943
tr008715,1.399024
tr003437,1.512361
tr000860,2.411622
tr004155,2.905228
tr007567,1.066691
tr002362,2.51437
tr003932,0.588782
tr012596,1.21824
tr010016,1.23167
tr006969,2.894024
tr001519,0.683254
tr002335,2.364805
tr004584,2.303691
tr007659,2.06565
tr008224,0.720058
tr011191,2.044195
tr007790,0.894904
tr005726,2.824932
tr000081,1.185088
tr001350,1.385605
tr012531,2.821644
tr011466,2.854279
tr011221,1.430262
tr010378,2.841324
tr014000,1.941088
tr001216,1.868661
tr007344,2.888094
tr000639,2.340983
tr011078,0.827468
tr008734,2.498032
tr007854,2.661066
tr012019,2.261647
tr012055,0.817596
tr002609,0.918685
tr000738,0.772745
tr008728,1.482989
tr010844,2.696356
tr013967,1.011219
tr005047,2.457547
tr013716,1.348483
tr000044,2.764532
tr009395,1.657774
tr001638,1.347108
tr013260,0.982339
tr009023,2.472754
tr011189,1.498385
tr004856,1.232436
tr000859,0.82687
tr011098,2.016371
tr002854,2.917302
tr012772,1.434372
tr001693,2.607728
tr000556,2.503635
tr004909,2.795949
tr008797,0.765873
tr001385,1.751647
tr005268,2.432733
tr014605,2.546981
tr010138,1.398383
tr005863,1.004129
tr008274,0.703742
tr000493,0.504116
tr004263,2.424497
tr001697,1.389222
tr001297,1.144737
tr005148,0.698653
tr009580,1.865932
tr010300,1.980507
tr010928,0.686024
tr012956,2.944854
tr007254,0.718697
tr014875,2.898439
tr010518,1.883754
tr001389,1.972474
tr004512,2.187218
tr007285,2.016294
tr003909,2.983484
tr007176,2.017389
tr012071,0.655586
tr003937,1.2292
tr012188,2.057691
tr004833,2.820712
tr006159,1.934101
tr005553,0.97958
tr014486,1.223267
tr005915,2.490615
tr001296,2.811001
tr011529,0.800434
tr002986,1.838494
tr012422,0.92292
tr013541,2.877947
tr009127,2.534216
tr006286,2.881872
tr004192,1.570207
tr001308,1.485889
tr008083,0.689629
tr006816,2.440965
tr006980,0.683104
tr008448,2.512535
tr009497,0.9001
tr010543,2.097771
tr001504,0.706301
tr001961,2.927724
tr010054,2.994701
tr011482,0.728866
tr004172,2.74633
tr009252,1.972958
tr010190,0.56431
tr008583,2.017164
tr001318,2.088438
tr009587,2.967141
tr006694,0.898029
tr000165,2.41365
tr005188,1.425356
tr011164,0.548143
tr003216,1.924562
tr003444,1.77376
tr003626,2.354312
tr014581,1.302241
tr012048,2.109951
tr000699,0.940232
tr001509,2.607028
tr000726,1.315025
tr010580,0.756521
tr004923,2.596021
tr007446,1.755199
tr009966,2.311084
tr008074,0.599143
tr014484,2.920563
tr001329,1.151183
tr013445,2.100478
tr010963,2.815278
tr009602,1.909576
tr000123,2.262648
tr009819,0.85215
tr013956,0.574183
tr004605,1.273183
tr002420,0.533158
tr013991,2.439925
tr004230,1.79741
tr008610,1.037645
tr000654,2.069289
tr010549,2.319819
tr012382,1.484157
tr007742,0.913556
tr013331,2.190189
tr000866,0.51001
tr013437,0.863097
tr004762,0.820322
tr012040,0.872562
tr002266,1.2439
tr001279,2.577538
tr006685,2.634233
tr001748,2.707827
tr013461,1.065441
tr007210,0.93014
tr012014,0.891458
tr007313,2.113359
tr010967,1.290675
tr008033,0.958715
tr009898,2.29386
tr011483,1.560184
tr006755,1.254439
tr010303,1.261494
tr003582,2.33525
tr009646,2.732
tr003076,1.935201
tr001584,2.117185
tr014317,2.45158
tr013616,0.659943
tr014357,1.949536
tr010535,0.751158
tr010548,2.841953
tr014961,0.563822
tr012991,1.502132
tr006850,2.523714
tr014237,0.555166
tr014886,0.787433
tr006761,1.700954
tr010159,0.728227
tr013318,2.857901
tr001994,2.969103
tr011534,1.973525
tr003928,2.884929
tr006611,2.596772
tr002203,2.025662
tr002172,2.792292
tr011251,1.324158
tr012528,2.219274
tr011992,2.96671
tr010812,2.831053
tr011726,1.471308
tr002205,0.961594
tr003566,2.285055
tr000407,1.732565
tr009631,1.468924
tr007589,1.19037
tr012353,2.363294
tr005419,2.849079
tr010273,1.064758
tr002768,2.340984
tr004870,2.630913
tr001158,1.085627
tr012856,1.084036
tr007398,0.524246
tr007113,2.34223
tr006066,2.487531
tr005405,2.110846
tr008899,2.375824
tr005322,0.563229
tr002444,2.66417
tr003957,2.246429
tr013713,1.81149
tr008629,2.897243
tr007224,2.823843
tr001169,0.989954
tr005189,2.918931
tr012600,1.97235
tr008986,0.844856
tr013193,0.72883
tr003830,2.578539
tr008551,0.710456
tr014017,2.70883
tr012125,1.031344
tr001520,2.520462
tr001955,1.014403
tr003565,1.268061
tr005053,2.265815
tr012617,0.790609
tr010583,2.305261
tr006265,2.0718
tr013087,1.535425
tr003455,2.036045
tr003711,2.03466
tr013723,2.871321
tr002926,2.959684
tr008974,2.511928
tr014036,2.528694
tr012972,1.948289
tr010556,1.00431
tr003961,2.775595
tr002963,2.061035
tr009498,1.041047
tr001494,2.852775
tr010478,1.11908
tr009863,2.653793
tr000807,0.908211
tr013386,1.988861
tr012614,2.364137
tr004310,0.590949
tr014576,2.555077
tr004372,1.30788
tr013412,1.660767
tr006118,0.760589
tr002914,1.330904
tr005982,1.094854
tr012584,1.738099
tr004910,1.917789
tr003550,2.271464
tr004078,0.826022
tr009902,1.528186
tr009969,1.430588
tr004853,1.782533
tr011271,1.537863
tr000925,2.496269
tr011557,1.394279
tr006116,2.978415
tr005708,1.148534
tr014914,1.396827
tr001298,1.56604
tr012591,2.245779
tr000617,2.577436
tr001911,1.635896
tr007663,1.290108
tr004617,1.273907
tr005799,2.02537
tr003451,2.671599
tr001875,1.819142
tr006444,1.835482
tr003456,1.629553
tr005042,1.392163
tr006230,0.76227
tr007727,0.637651
tr014124,2.929385
tr009308,2.951819
tr013741,1.521676
tr010465,2.754468
tr004481,1.092299
tr014399,1.751546
tr002267,0.529475
tr002907,1.908075
tr003886,1.310057
tr005013,2.579949
tr009495,2.959145
tr009077,1.765085
tr010198,1.707755
tr003874,1.743808
tr009325,1.457197
tr014482,2.964042
tr002401,1.482556
tr007581,1.711134
tr000525,1.421623
tr005366,2.611842
tr012851,1.33386
tr009605,0.612253
tr012859,0.743892
tr002090,1.820224
tr008143,2.252033
tr013517,2.860568
tr011202,2.480765
tr013950,1.738125
tr010128,0.811988
tr001008,0.624965
tr014193,1.314917
tr014512,1.526139
tr000582,2.065319
tr001232,2.384384
tr002386,2.170847
tr002550,1.723349
tr002579,2.009988
tr002364,0.886694
tr010275,1.715167
tr010935,2.198809
tr013383,0.991278
tr006521,1.293382
tr000642,1.536268
tr011541,2.192132
tr010435,0.715296
tr006062,0.587127
tr014386,0.565244
tr001905,1.181147
tr014491,2.613765
tr013998,2.972894
tr013354,1.22151
tr002947,1.410545
tr009259,0.691374
tr012115,2.550435
tr004641,0.798993
tr013615,1.838467
tr007695,1.605452
tr012208,2.747612
tr003586,0.836316
tr007060,1.688271
tr009489,0.708198
tr001768,2.577204
tr005666,0.521278
tr006059,1.770324
tr001132,1.476261
tr001651,0.871926
tr013654,1.882362
tr004321,1.814175
tr007750,2.75416
tr000945,1.907783
tr002955,2.926236
tr010183,0.871897
tr007473,2.442652
tr011250,1.315219
tr004098,0.688813
tr011237,0.550205
tr002380,0.972531
tr014359,0.832137
tr003561,2.666407
tr014044,1.94277
tr006833,1.863304
tr003185,2.634074
tr011607,1.466532
tr008475,1.674757
tr010962,2.301059
tr004885,0.600705
tr011686,2.041527
tr014895,0.664624
tr013549,1.86649
tr005102,1.425536
tr000066,1.050019
tr000101,2.785314
tr000631,0.571293
tr001997,2.181313
tr009324,0.75358
tr004297,1.901084
tr010541,2.217981
tr005174,2.641685
tr014419,2.246717
tr011902,1.176748
tr008999,1.345214
tr003074,1.456457
tr010550,1.528542
tr010966,2.388881
tr013851,2.876893
tr009463,2.232377
tr012670,2.224204
tr005168,1.187827
tr003979,0.571479
tr005779,1.398524
tr012212,1.927363
tr000719,1.496268
tr006945,1.375612
tr010640,2.475311
tr002994,1.21668
tr007165,2.212196
tr002825,2.422348
tr009500,2.348324
tr012064,1.542947
tr005627,2.86126
tr001126,1.825684
tr009919,1.458773
tr005162,2.132194
tr004643,1.768757
tr006499,0.576735
tr005543,1.246447
tr001556,1.196408
tr008159,0.711374
tr014757,2.97464
tr005165,1.100231
tr003637,0.639973
tr009639,0.926736
tr014698,2.633618
tr012997,2.796539
tr010014,1.637061
tr006597,1.560336
tr013479,0.750579
tr002859,2.993709
tr008078,2.109263
tr005757,0.51436
tr010648,2.459133
tr014700,1.631286
tr007860,2.560762
tr007213,2.357128
tr008160,1.542127
tr013046,1.808539
tr011561,2.643688
tr001694,1.95715
tr014248,2.993688
tr004929,1.313408
tr006595,1.39808
tr001029,1.502135
tr010388,1.909591
tr003970,2.243472
tr007895,1.937576
tr008297,2.717374
tr006235,0.617545
tr013382,0.859695
tr010924,1.456243
tr008592,0.887965
tr012139,2.11208
tr002773,2.421579
tr014435,1.069518
tr002081,1.276554
tr014190,2.600909
tr013901,2.246193
tr014773,2.390273
tr002299,2.633538
tr012500,1.570764
tr004553,2.74264
tr005010,0.884949
tr004130,2.454013
tr009149,2.405344
tr003640,2.367983
tr006471,1.750702
tr002954,1.214676
tr011951,1.230249
tr004325,2.550537
tr008457,2.121405
tr008326,0.593784
tr000761,1.409723
tr013311,0.920261
tr007364,2.91413
tr001709,1.153873
tr001110,2.803297
tr005732,1.835149
tr013592,0.803246
tr006861,1.962125
tr004637,1.498759
tr007452,1.019511
tr010514,2.514661
tr013028,2.377265
tr005267,1.582524
tr005108,2.493608
tr013813,1.653705
tr013787,2.254567
tr004167,0.764307
tr009059,1.300457
tr009182,1.778809
tr014956,0.80869
tr013337,2.582365
tr005329,2.64098
tr002187,1.098189
tr013955,1.569297
tr003353,1.450396
tr012085,2.214818
tr004212,0.503069
tr000287,1.458715
tr011889,1.300028
tr011109,2.804759
tr014726,1.391377
tr006977,2.610242
tr009682,1.029892
tr011684,2.023333
tr010846,0.507983
tr006372,1.045678
tr009548,0.671729
tr014046,1.708502
tr003505,2.412695
tr012863,2.367685
tr014479,0.791937
tr009918,1.423287
tr009262,1.573559
tr002125,2.359894
tr011324,0.714065
tr003834,2.84504
tr001908,2.57902
tr000605,0.993837
tr009234,2.823499
tr010940,1.742301
tr006420,1.778841
tr009790,2.343033
tr004839,2.582915
tr001124,2.755358
tr014164,0.572379
tr007469,1.70586
tr008077,2.925366
tr010048,2.165087
tr013238,2.837876
tr013469,1.590848
tr003967,2.68947
tr004264,2.031976
tr003662,0.63358
tr000829,1.798863
tr003648,1.683368
tr000834,0.805744
tr004023,1.9609
tr014463,1.008156
tr008725,2.29976
tr012801,0.638944
tr007777,1.987366
tr006710,2.029997
tr010364,2.706595
tr008414,0.614163
tr007102,1.168953
tr012435,2.29496
tr000397,2.696726
tr006034,0.824733
tr013500,2.703547
tr011694,1.030975
tr000499,1.754479
tr002675,2.26697
tr003717,1.716633
tr011533,1.06173
tr005019,1.287147
tr006009,0.51735
tr003993,0.735116
tr012282,0.932118
tr006051,2.425314
tr008593,2.469331
tr009936,2.414768
tr003345,2.213806
tr010168,1.238652
tr009533,2.564509
tr010293,1.362684
tr004915,1.795921
tr014117,2.798
tr006882,0.81452
tr003072,2.953728
tr014114,0.786375
tr008290,1.894049
tr012903,0.888924
tr003787,2.948696
tr009836,2.121872
tr010422,1.061827
tr005997,1.690042
tr010913,0.709853
tr003095,1.967752
tr012241,1.204952
tr009571,2.011588
tr010540,2.803562
tr005209,2.865576
tr003110,0.685832
tr014210,0.586768
tr004467,0.735088
tr006432,1.416693
tr007533,1.412855
tr001403,2.038377
tr009170,2.869378
tr000942,0.539775
tr001398,0.725687
tr012168,2.82122
tr008410,1.315205
tr009601,1.711836
tr004306,2.582007
tr010598,2.979212
tr010023,0.599672
tr009511,2.670308
tr003258,2.899662
tr001454,0.666666
tr001236,0.750095
tr004821,0.685968
tr013480,2.24957
tr010707,0.66441
tr001769,1.491093
tr006778,0.847135
tr000374,2.971913
tr013401,2.309298
tr001175,2.556542
tr010542,2.418919
tr000487,2.075291
tr005694,1.003688
tr002677,0.574805
tr008051,0.726325
tr003231,2.137266
tr006291,0.89604
tr002702,1.503712
tr001835,2.924434
tr000448,1.293865
tr007754,1.320111
tr007501,2.317388
tr005233,0.855414
tr012309,2.384509
tr007787,2.427592
tr011277,1.923819
tr009087,2.029889
tr004619,2.708426
tr010145,2.063991
tr008321,1.16971
tr007399,1.893338
tr000315,1.673066
tr000082,1.763399
tr005624,2.457158
tr002309,1.395598
tr002750,0.852731
tr013954,0.976725
tr003029,2.262153
tr014703,2.06525
tr013250,0.860054
tr011188,2.580632
tr002181,2.898261
tr009757,0.931229
tr005681,1.229803
tr003206,1.994358
tr008277,0.685837
tr002277,2.011122
tr000777,0.802435
tr000399,1.510937
tr005316,0.716525
tr009058,2.802543
tr007186,1.651535
tr003976,0.839632
tr000745,2.503587
tr000105,2.384766
tr010694,1.628778
tr012471,1.641547
tr003672,2.03701
tr002268,1.697602
tr010570,1.996602
tr000052,2.455758
tr009901,2.875277
tr006323,0.797853
tr000823,2.286197
tr001343,1.831007
tr010210,0.755743
tr006955,1.176163
tr011601,2.262506
tr006962,1.568647
tr000393,1.802731
tr013153,2.338114
tr006995,2.047439
tr010830,2.63404
tr007269,2.207881
tr011598,0.941816
tr013959,0.568801
tr007228,2.336145
tr007458,1.276033
tr007876,2.155141
tr010931,0.742229
tr005904,2.828599
tr003971,2.805865
tr008140,0.659251
tr001664,2.769238
tr006011,1.51253
tr006704,0.640729
tr003820,2.331013
tr004375,1.372958
tr013607,1.603795
tr012253,2.36707
tr013535,2.559009
tr000054,0.557184
tr004950,0.894604
tr010083,1.589605
tr008921,2.143063
tr011520,0.921779
tr004046,1.352847
tr013942,0.925837
tr010429,0.581478
tr002890,1.863076
tr005092,0.515618
tr013118,2.050094
tr005224,2.014258
tr003375,2.045043
tr004369,2.218366
tr004229,2.19144
tr001586,1.750762
tr008620,2.263578
tr007924,1.511835
tr000285,1.669776
tr005418,2.040091
tr003629,2.963853
tr002220,2.505293
tr003690,1.396962
tr014006,0.796925
tr005350,2.168114
tr004534,1.303751
tr002437,2.882016
tr003473,1.408107
tr014516,2.541784
tr005194,2.465482
tr006524,2.12493
tr012237,1.957605
tr011703,2.169984
tr005296,2.903834
tr000646,1.209006
tr011504,1.006661
tr006282,2.227293
tr003085,0.818536
tr005538,1.833772
tr009155,2.030047
tr012560,1.537455
tr011206,2.795608
tr000965,1.218377
tr014506,0.67454
tr010612,0.912265
tr013036,2.715415
tr006956,1.276773
tr000973,1.645396
tr004032,1.882658
tr002448,1.940905
tr013941,2.913623
tr003936,1.497002
tr008284,1.526128
tr008147,0.537377
tr010232,2.720774
tr007278,0.660116
tr005554,1.050306
tr014673,1.881134
tr013692,2.594468
tr004014,1.044438
tr001787,2.479557
tr006056,2.603489
tr005806,1.910882
tr005178,2.093804
tr000681,0.709708
tr000206,0.776763
tr010841,1.097435
tr008157,1.487323
tr004864,1.189886
tr001897,1.398691
tr005923,2.428624
tr004221,1.441409
tr012086,1.502912
tr005658,1.730737
tr010309,2.192068
tr004086,2.413587
tr005016,1.224845
tr012160,0.751734
tr009953,2.912911
tr011023,2.661939
tr006920,2.96146
tr002888,2.261477
tr008924,1.869875
tr013867,2.714243
tr013489,2.721908
tr003372,2.203537
tr007359,2.815317
tr009211,1.841124
tr013263,1.816971
tr005334,1.430578
tr002060,2.673433
tr006598,2.352577
tr014437,1.664173
tr008255,2.217893
tr002280,2.396536
tr008225,2.242725
tr014664,1.702699
tr006738,1.002145
tr004947,1.969109
tr004265,2.946583
tr013872,2.45378
tr004901,2.815668
tr014492,1.851787
tr008007,1.106158
tr003278,2.185536
tr011708,0.855743
tr014318,1.522986
tr001953,2.464225
tr011222,2.500384
tr009263,2.721191
tr000213,1.34138
tr005139,1.683822
tr001991,0.943828
tr008228,0.546614
tr009102,2.233694
tr013276,1.714528
tr008998,1.280382
tr013996,2.196546
tr010713,2.554546
tr000571,1.604334
tr011424,2.513753
tr014283,1.078101
tr003645,2.836725
tr008648,2.104974
tr005201,2.546041
tr004843,2.180703
tr003179,2.693775
tr001959,2.886302
tr002838,0.5895
tr009160,1.812831
tr007932,0.715077
tr005515,2.14462
tr001646,1.552687
tr009492,1.295972
tr007295,1.413942
tr000559,1.003222
tr010484,0.668183
tr006827,1.113816
tr003715,2.403119
tr013810,1.358447
tr010042,2.772495
tr003424,2.099275
tr000023,1.059319
tr009749,2.207282
tr007467,2.808442
tr011733,1.980478
tr010344,1.090453
tr009690,0.803245
tr001288,2.374722
tr006784,2.747403
tr007227,2.555012
tr001189,1.937772
tr002851,0.746786
tr003199,1.020013
tr003148,2.623273
tr013239,1.036015
tr011584,1.683839
tr002878,1.501941
tr003245,1.944126
tr012872,1.268474
tr006245,0.603243
tr013767,2.286423
tr007711,1.080925
tr002241,2.120925
tr009724,2.597633
tr008387,2.684288
tr001866,1.483272
tr001631,1.956453
tr000260,0.923247
tr000134,1.46558
tr007763,2.038132
tr004354,1.016055
tr002940,2.75966
tr014676,2.183054
tr012829,1.575291
tr006190,1.902923
tr013833,0.889577
tr006798,2.630308
tr000928,2.937822
tr011644,2.588703
tr004204,2.984464
tr001341,2.183848
tr006214,0.893171
tr005586,0.577724
tr010704,2.900361
tr011300,1.304029
tr014072,2.907739
tr003334,1.810726
tr000842,2.854146
tr005527,1.412616
tr000140,2.711275
tr002585,2.664665
tr007707,0.967153
tr011345,0.705694
tr007192,1.652344
tr008531,2.019821
tr006298,0.799275
tr000494,2.999663
tr013407,0.548522
tr010638,0.873976
tr003090,2.996133
tr002341,2.226175
tr008363,1.267687
tr012750,0.785668
tr013405,0.945941
tr003931,2.710301
tr014937,2.79994
tr008346,0.67481
tr000732,2.422027
tr010271,1.453303
tr009556,2.978315
tr010370,1.659441
tr010234,2.440705
tr014569,1.177408
tr013171,1.370704
tr001627,1.807844
tr014827,2.016867
tr000864,1.237515
tr008501,1.038607
tr006705,0.520893
tr004717,1.565645
tr004165,1.835513
tr003396,1.925232
tr002706,2.759931
tr002495,1.749131
tr009453,2.074141
tr003472,1.585565
tr010253,2.963721
tr002862,2.467862
tr014750,2.632983
tr006620,2.553698
tr010227,2.625174
tr006232,2.289304
tr009061,0.520494
tr004750,0.767089
tr014645,0.747858
tr007343,0.820621
tr007134,2.869512
tr013101,1.210632
tr011198,0.701132
tr012240,0.845278
tr001178,1.272982
tr009664,0.85952
tr012860,2.858865
tr002288,2.507628
tr002819,0.675535
tr012441,2.50154
tr008815,2.652302
tr005648,2.615702
tr014874,1.129074
tr014921,2.278721
tr008190,1.679189
tr007654,0.840302
tr010919,2.859723
tr014092,2.621978
tr002182,1.284579
tr011745,2.4455
tr009267,0.87167
tr002544,0.986434
tr000346,1.537882
tr006290,1.994954
tr012164,1.858344
tr005110,2.179879
tr000425,0.733328
tr005522,2.717761
tr003789,1.603187
tr004631,2.884097
tr012068,0.912289
tr011075,0.820105
tr003524,1.230581
tr004320,1.823828
tr010728,2.345374
tr001327,2.680461
tr012061,1.041186
tr012809,1.492872
tr011893,2.927199
tr011677,1.182227
tr008053,0.612743
tr014276,2.059039
tr010353,1.783866
tr000087,1.859682
tr013114,1.889473
tr010502,2.601522
tr010603,0.803213
tr013902,2.143646
tr002741,1.974326
tr006979,2.700041
tr000822,0.508441
tr010355,2.860736
tr004308,2.224516
tr003012,2.697403
tr005964,2.297706
tr012561,1.502219
tr003177,2.632747
tr012478,2.330314
tr000106,1.23377
tr014181,1.088836
tr002002,0.999186
tr006074,0.642799
tr012896,1.333502
tr003658,1.378924
tr000392,1.453725
tr006050,1.171432
tr000327,2.640894
tr006247,2.289578
tr013975,1.68551
tr007394,0.841636
tr008515,0.660001
tr009828,0.662247
tr007011,1.82096
tr004291,1.450314
tr012025,0.852662
tr007339,0.934581
tr007413,1.703566
tr004302,0.840425
tr004757,1.820057
tr007642,1.904242
tr001352,2.831162
tr005395,1.191965
tr006768,1.699007
tr011578,0.839599
tr000227,2.067365
tr005292,0.77983
tr012923,1.636431
tr014988,2.674466
tr010470,2.438285
tr005791,2.567709
tr006436,2.639903
tr013440,1.567935
tr006352,0.51176
tr003982,2.713712
tr009192,2.127631
tr014826,1.363096
tr006781,0.866736
tr010261,0.750532
tr010184,2.253146
tr000036,2.266872
tr014837,1.843826
tr002567,2.09667
tr008783,0.644272
tr006244,1.868432
tr010337,2.962978
tr009610,1.146885
tr014278,2.025582
tr004744,1.10595
tr011856,2.449299
tr000516,1.982783
tr002253,0.505969
tr012554,1.386184
tr011948,1.928385
tr013639,2.1927
tr011457,2.04214
tr003627,2.882018
tr008537,2.680333
tr003141,2.187502
tr011776,0.903197
tr001844,1.106267
tr014441,1.984445
tr010699,2.698963
tr004470,1.969592
tr008768,0.918092
tr011005,0.987216
tr013404,2.244032
tr006695,1.484313
tr008975,1.834028
tr011562,1.79769
tr007253,1.149847
tr013782,0.612222
tr003641,0.768739
tr001788,0.609102
tr001891,1.179339
tr003978,2.745279
tr007305,2.097185
tr014892,1.9511
tr011489,0.90388
tr005257,0.715753
tr014141,1.888183
tr006754,2.10784
tr013693,2.546553
tr001871,1.496997
tr001947,1.071066
tr011030,1.29973
tr003875,0.999592
tr011756,2.471459
tr000752,2.328561
tr014530,1.073181
tr002958,1.864548
tr005869,1.783141
tr002105,0.570237
tr014320,2.117734
tr001754,1.7931
tr009764,1.92537
tr014984,2.440978
tr007151,1.079644
tr014394,1.15591
tr011399,0.545383
tr012525,2.401852
tr012430,1.555854
tr014708,2.58551
tr002802,2.440506
tr003977,0.964305
tr000077,2.857212
tr010206,0.740208
tr004771,0.567676
tr009735,1.99407
tr010335,1.169059
tr012099,0.52497
tr003392,2.058374
tr011409,0.635688
tr009789,2.138624
tr011447,1.978808
tr011700,0.975739
tr009666,1.58038
tr002031,2.890524
tr010520,1.465761
tr007031,2.936554
tr000522,2.406776
tr013066,2.923409
tr003507,0.647316
tr002934,2.084037
tr005651,1.16375
tr001511,0.981918
tr013475,1.35658
tr009487,0.742266
tr003845,1.824369
tr010560,0.887914
tr009980,0.691482
tr009942,2.189466
tr001316,2.122596
tr003347,2.236029
tr005024,0.780811
tr006662,1.932436
tr004284,1.320047
tr013237,2.796251
tr001553,0.587208
tr009786,0.800886
tr010975,0.530914
tr011869,2.029299
tr004281,1.076502
tr005332,2.494443
tr008982,2.962915
tr001898,2.435123
tr009307,1.021992
tr000683,2.985038
tr005043,1.630935
tr004392,1.075836
tr004889,2.171792
tr013057,2.055092
tr012703,1.122052
tr010551,1.815938
tr008673,1.969105
tr006545,2.254512
tr006104,1.550049
tr012183,1.646608
tr003683,1.602899
tr013123,1.746471
tr014821,2.672659
tr004257,2.65903
tr011799,2.88828
tr004440,1.038098
tr013582,0.983293
tr007289,2.975423
tr001393,2.347223
tr001186,2.19847
tr009418,1.197195
tr004828,1.565755
tr008426,2.280612
tr010837,1.721278
tr012156,0.711217
tr007225,0.666616
tr014558,2.931006
tr002629,0.664123
tr002573,1.594752
tr002004,2.582069
tr014761,2.968305
tr012330,1.073568
tr008730,2.101592
tr008049,1.809432
tr010899,1.484161
tr003667,1.836511
tr007422,1.297767
tr011714,2.356599
tr001012,1.647658
tr013038,2.435012
tr002086,0.969285
tr004116,1.085045
tr000469,1.246918
tr001314,2.289614
tr001973,0.82556
tr008857,0.780983
tr003186,2.011204
tr004401,0.851464
tr001510,2.512094
tr005556,1.45176
tr002194,2.65336
tr008347,1.449077
tr014891,1.252068
tr003115,2.760283
tr002009,1.295768
tr009045,2.017128
tr014510,2.984537
tr002556,2.195484
tr005983,0.719575
tr007266,1.738878
tr013104,1.395701
tr014452,2.997428
tr000244,2.550973
tr007563,1.480973
tr001732,0.847616
tr010763,0.595498
tr000578,1.297229
tr013937,1.445348
tr013005,2.18123
tr012917,2.801254
tr009751,2.155966
tr006234,1.714865
tr001815,1.979851
tr008906,1.36816
tr014589,2.682209
tr003439,1.036569
tr009187,0.824464
tr008619,2.310285
tr002022,1.854015
tr002721,2.721919
tr012046,0.998006
tr010525,2.59202
tr006681,2.945151
tr011029,0.727862
tr008872,0.531068
tr005890,1.384673
tr004718,2.918499
tr007392,0.854479
tr013507,1.143389
tr011759,2.47518
tr010922,0.6289
tr013725,2.755914
tr004662,1.385433
tr007352,1.636215
tr014846,2.277679
tr014678,0.6586
tr003414,1.530656
tr007700,2.184301
tr000156,0.634194
tr007241,2.364486
tr013196,2.142428
tr009600,1.106128
tr006892,2.737601
tr006904,2.680172
tr004661,1.349639
tr001498,1.974243
tr000060,2.246778
tr004162,2.48011
tr001469,2.641255
tr000306,1.739713
tr010671,2.929962
tr008379,1.020873
tr004485,1.036619
tr009122,1.637248
tr005109,2.625055
tr013666,0.652019
tr014477,0.81671
tr001226,2.940447
tr013928,0.80592
tr013095,1.810434
tr012418,1.638334
tr000759,2.378678
tr009704,2.529809
tr006731,2.281888
tr010249,1.436826
tr007786,2.907634
tr009227,2.353232
tr013397,2.709031
tr010103,0.885344
tr011404,0.92275
tr010738,1.637555
tr012780,1.12707
tr009423,1.191656
tr002855,2.011561
tr004961,2.99473
tr012215,1.499519
tr004713,1.799999
tr014653,0.771802
tr009249,1.577347
tr010506,2.110414
tr012760,1.014004
tr014722,1.689493
tr005748,2.032495
tr009684,0.906017
tr012023,0.575397
tr004483,1.68636
tr003811,0.752452
tr004789,0.656344
tr004049,0.663137
tr005275,1.884074
tr011414,2.306859
tr011107,1.555178
tr009173,1.378219
tr005239,1.232523
tr005496,1.415702
tr007958,1.859742
tr010652,2.305195
tr014752,0.698526
tr012825,1.604787
tr009576,2.025596
tr009803,2.315509
tr006947,2.74699
tr012598,0.94886
tr000666,1.135738
tr011274,1.807456
tr012901,1.852452
tr008450,2.491122
tr003721,1.66699
tr010346,2.718281
tr010990,0.925055
tr011763,2.199479
tr009355,2.457914
tr000429,1.430193
tr009609,1.552843
tr000048,1.321197
tr006418,1.696629
tr014529,2.639033
tr002464,1.868806
tr014965,1.238245
tr012092,0.662276
tr014094,0.883773
tr007434,2.213278
tr003764,0.545111
tr013275,0.948221
tr005026,1.071172
tr012624,1.531795
tr013572,1.874673
tr014088,2.782395
tr007340,1.113152
tr012881,2.892395
tr002043,2.643796
tr006840,2.758632
tr007828,2.379762
tr014792,0.968461
tr005744,1.497621
tr002345,1.503363
tr003854,2.888284
tr011514,1.302645
tr013844,2.351676
tr002571,2.083317
tr010079,0.940426
tr001902,2.122676
tr014872,2.830127
tr012145,0.531441
tr014969,2.646278
tr013550,1.977204
tr006940,2.417695
tr002245,2.628219
tr006713,2.121327
tr002327,1.947067
tr004532,1.371439
tr011641,2.840925
tr010480,0.567038
tr002783,1.256997
tr009931,0.989161
tr001952,1.206968
tr004109,2.419481
tr007496,1.846365
tr001861,2.485333
tr012000,1.034366
tr010727,1.128968
tr010842,1.365734
tr012963,0.695816
tr001065,2.086394
tr014246,1.247186
tr005402,0.638712
tr000314,2.920134
tr004428,0.68967
tr013418,1.537684
tr003767,0.783039
tr002249,1.042166
tr001364,2.783252
tr014829,2.860082
tr007117,2.447765
tr006895,1.937079
tr012314,2.714915
tr011057,1.86588
tr005464,2.467683
tr000471,1.945749
tr013863,2.407861
tr003133,2.272928
tr004646,1.393377
tr012049,1.421304
tr002941,2.996247
tr007572,1.361145
tr008827,2.18452
tr011407,0.668196
tr014208,0.652411
tr010741,1.547127
tr001409,1.564164
tr007762,1.097636
tr005935,2.873974
tr005486,1.685264
tr013303,0.50271
tr009926,2.038263
tr009767,2.060742
tr003037,2.532612
tr009114,2.509547
tr004074,1.479701
tr012402,1.490113
tr010594,1.213716
tr014285,1.001116
tr014953,1.417273
tr013198,1.856502
tr001319,2.103454
tr010348,1.199746
tr003885,2.79381
tr002263,1.898074
tr014844,1.874605
tr001457,1.005579
tr010193,2.635246
tr005156,2.371631
tr001417,0.747849
tr011089,0.910826
tr006557,1.734111
tr007338,1.491694
tr008209,1.247871
tr011273,1.013341
tr007765,1.175059
tr010084,2.554085
tr000875,1.079585
tr013662,1.754277
tr003593,0.965632
tr009159,2.385156
tr014717,2.488815
tr003749,0.930762
tr000727,1.832451
tr012615,2.524573
tr003284,2.096311
tr000411,2.609784
tr011662,1.087588
tr007887,2.987933
tr003312,0.635001
tr011143,2.697303
tr007974,1.386439
tr010302,1.170149
tr003369,1.404716
tr012169,2.108308
tr000697,2.418296
tr014170,1.297264
tr012143,1.386776
tr007019,2.129876
tr008422,1.454261
tr004667,2.229119
tr008753,1.598922
tr010028,1.018989
tr009024,2.617515
tr003421,1.364393
tr014738,2.604147
tr007598,2.811749
tr000230,2.740338
tr005219,0.843129
tr000160,1.543834
tr004205,1.018054
tr009022,1.410261
tr006088,1.809449
tr010437,1.33265
tr001268,1.810385
tr013588,1.520561
tr002131,1.399179
tr014990,2.872048
tr011014,2.828031
tr014602,0.785158
tr010817,2.356461
tr005564,1.082077
tr014787,2.813466
tr014225,1.767822
tr002583,2.25467
tr005616,1.354903
tr006547,2.056016
tr010877,0.798795
tr001665,1.0022
tr003194,1.060447
tr011742,1.498959
tr012440,1.648498
tr013389,1.354901
tr011393,1.0125
tr008370,1.935
tr007669,1.3426
tr002400,1.067958
tr007287,1.219666
tr013705,0.942047
tr000592,2.301587
tr001901,2.266652
tr009056,0.959723
tr013462,2.174134
tr013338,2.419565
tr012123,2.613668
tr010744,2.987628
tr005902,2.888068
tr012380,2.421504
tr006294,0.822924
tr012571,1.957093
tr009039,1.890983
tr014749,2.905082
tr012713,1.558957
tr012702,0.908093
tr005266,0.915296
tr008829,1.406092
tr010947,2.763303
tr008446,2.24571
tr007845,2.846921
tr006839,2.111795
tr011791,2.88229
tr012385,2.35247
tr002057,0.557142
tr009594,2.371718
tr013525,1.884943
tr012249,2.814383
tr007976,1.338651
tr013400,0.992346
tr008452,1.962762
tr002346,1.358518
tr010221,2.432781
tr007204,1.04486
tr012653,2.066137
tr004786,0.652481
tr008535,2.21379
tr010906,2.813148
tr005412,0.796171
tr001146,1.634498
tr007445,0.677293
tr009089,1.103571
tr000583,2.328604
tr011727,1.472101
tr011997,2.617864
tr007095,1.983462
tr001333,1.557852
tr006241,0.784393
tr013330,0.531992
tr012720,2.100683
tr008766,1.870654
tr008885,1.972708
tr013042,1.15927
tr003652,1.780162
tr005341,0.603968
tr001046,2.446326
tr010343,0.80581
tr006727,0.872196
tr004673,1.568513
tr007549,2.71085
tr004082,2.338807
tr013634,1.463481
tr002724,1.582268
tr005305,2.680705
tr014475,2.907642
tr014632,1.848359
tr007625,0.566469
tr014862,2.547082
tr000838,1.50253
tr007428,1.014377
tr007753,0.62635
tr009350,1.64164
tr006427,0.609036
tr011149,2.287142
tr000144,2.034322
tr003883,1.873504
tr009065,2.047567
tr004559,2.048743
tr005499,0.512123
tr006328,1.760357
tr005502,2.830132
tr001537,0.826328
tr002322,2.753412
tr007058,1.772935
tr001633,0.845331
tr009337,1.33534
tr007949,0.921633
tr012259,2.114053
tr011952,2.964033
tr014367,2.132316
tr010391,2.716498
tr012691,1.664247
tr013202,2.865974
tr011173,2.508425
tr010320,0.881399
tr003417,2.975778
tr011594,1.916003
tr005981,1.212443
tr004703,2.397501
tr003412,1.454526
tr001540,1.492321
tr014836,0.743751
tr009177,1.798102
tr003754,2.728596
tr001116,2.603744
tr000887,2.908244
tr001742,2.736609
tr012231,0.724266
tr010751,1.376243
tr009407,1.299726
tr008865,0.902483
tr009476,0.693849
tr005450,1.080767
tr004781,1.160467
tr008724,2.823288
tr008978,2.143905
tr014734,2.905995
tr003906,1.740935
tr003540,1.22144
tr004004,2.222423
tr003809,2.299736
tr004895,0.60124
tr009563,1.245181
tr001429,2.552643
tr005930,2.96544
tr001093,1.096723
tr001332,0.592825
tr007067,0.553087
tr005520,2.778838
tr002409,0.846611
tr014551,2.564628
tr007633,1.498047
tr001625,1.307833
tr005706,2.228051
tr006129,2.400427
tr003211,1.940074
tr006029,1.797562
tr005005,2.329057
tr012220,1.423836
tr014968,2.090749
tr003980,1.211077
tr005850,0.895093
tr010493,1.090089
tr001590,0.524982
tr008291,1.085515
tr003471,1.065517
tr000139,0.792615
tr003983,1.347159
tr000421,2.066668
tr003815,0.827753
tr009462,2.474016
tr002201,2.004545
tr000042,1.944089
tr007294,2.185817
tr009995,1.976212
tr008155,2.069769
tr013062,0.561494
tr008145,2.039579
tr002712,2.756785
tr001496,1.36048
tr002705,2.018221
tr005530,1.799761
tr010238,1.167728
tr006495,1.387007
tr007955,0.888217
tr006622,2.043404
tr005081,1.587294
tr006361,2.129904
tr012166,0.692117
tr005452,2.267351
tr012431,1.008405
tr008361,1.592048
tr010688,0.654569
tr003094,0.538042
tr009217,1.697062
tr003981,1.02546
tr012154,0.619127
tr006478,2.249917
tr011376,1.71478
tr005369,2.264122
tr011212,2.339028
tr009547,0.565433
tr009859,1.815617
tr007679,2.672099
tr007365,2.928974
tr006646,2.858172
tr012490,2.937089
tr005918,1.608753
tr002664,2.674395
tr004409,1.49483
tr007752,1.704515
tr007255,1.869001
tr008405,2.996315
tr003036,2.620848
tr014047,1.882962
tr003804,0.984683
tr007517,2.466127
tr006379,2.902412
tr006730,2.437377
tr007907,0.69043
tr004227,0.902588
tr001194,2.69731
tr013837,2.985202
tr000933,1.810209
tr005294,0.752738
tr008471,2.456463
tr011346,1.768166
tr004088,0.904466
tr001462,1.456164
tr002198,1.881802
tr006717,2.757003
tr013676,0.653107
tr007431,1.131791
tr010804,1.554386
tr002929,2.322125
tr004600,0.822454
tr006537,1.954489
tr009072,2.100151
tr008607,0.850312
tr006551,2.072286
tr006558,0.884846
tr000789,0.881296
tr005886,2.526946
tr008154,0.757839
tr012451,1.831367
tr012663,0.991078
tr011252,0.527666
tr013425,0.746099
tr007498,0.580191
tr004169,2.640037
tr003998,2.64276
tr014899,0.769343
tr014422,1.205738
tr014025,1.740632
tr007771,1.208169
tr001111,1.8807
tr008497,2.660916
tr013752,2.872721
tr013097,2.911076
tr002808,2.414135
tr003606,2.680538
tr003163,0.732742
tr012349,2.078317
tr003654,0.94053
tr002352,2.135424
tr004389,1.870357
tr014425,2.987139
tr012111,2.333998
tr005385,0.761477
tr006807,2.373051
tr012843,2.98544
tr007664,1.931193
tr012198,1.83647
tr009707,2.408821
tr010033,1.940065
tr000857,1.495179
tr006480,1.482002
tr010800,1.37782
tr011337,1.745029
tr003910,2.64512
tr011090,1.897097
tr002894,0.691578
tr009106,2.88318
tr014050,0.871844
tr009473,2.39317
tr007146,1.033055
tr009689,1.9731
tr004518,2.333649
tr003044,0.837495
tr004080,2.445327
tr005022,2.599764
tr011115,1.515058
tr001004,2.149787
tr014235,2.965975
tr005100,0.611982
tr014831,2.169156
tr009811,2.623553
tr010471,2.997973
tr007025,1.788548
tr003675,2.623644
tr002121,1.088468
tr013868,2.048259
tr013321,0.518552
tr010088,0.921733
tr013301,1.640793
tr013514,2.478306
tr012403,0.746116
tr004151,1.482157
tr000097,2.695686
tr012079,0.717784
tr008757,0.956156
tr014101,0.650859
tr011011,0.707322
tr001397,2.031967
tr005846,1.76521
tr008186,1.006224
tr005119,2.626965
tr012632,1.926092
tr008637,1.265624
tr013155,1.332035
tr014772,1.937078
tr000526,2.232849
tr011954,1.088107
tr008117,2.050861
tr010870,2.483615
tr014783,2.716177
tr006627,1.587157
tr003025,1.161563
tr000626,1.810404
tr003159,1.314364
tr010903,1.761058
tr010958,1.002518
tr009546,2.181732
tr001781,1.485562
tr000219,2.900705
tr002732,2.037117
tr011135,0.71661
tr006001,1.765062
tr010363,1.91965
tr003588,2.821561
tr010619,2.466701
tr010946,1.656537
tr005928,0.956389
tr000293,1.107874
tr002078,1.3768
tr013030,1.214587
tr001208,2.49198
tr005029,0.950039
tr002067,0.773314
tr010631,2.379005
tr013699,1.112907
tr014922,0.590736
tr005216,1.596026
tr004076,1.030212
tr008330,2.351601
tr006649,1.036106
tr014263,1.696128
tr010818,2.880942
tr014366,1.021248
tr008437,1.928444
tr003954,1.79108
tr009706,1.485629
tr006543,2.308891
tr002640,2.258596
tr005783,2.144959
tr010834,1.313083
tr009084,2.939943
tr013520,2.634081
tr014508,1.91507
tr004644,1.775472
tr012588,2.805058
tr001826,0.629719
tr011609,0.951969
tr014504,1.198305
tr008770,0.70923
tr006898,2.045767
tr006263,1.749612
tr000982,2.433718
tr002115,2.556113
tr009354,2.608754
tr001212,1.004069
tr012005,1.659081
tr004319,1.552137
tr014410,0.695385
tr004168,1.30929
tr002991,2.730465
tr000038,2.672558
tr008536,2.397003
tr012967,0.527371
tr004020,1.764862
tr010672,0.574001
tr009840,0.761535
tr001198,0.616043
tr004951,2.657571
tr003778,2.184162
tr007710,0.603306
tr001330,0.75534
tr014165,2.396623
tr007310,2.937555
tr008217,0.671315
tr005308,1.542299
tr007203,2.706871
tr007358,2.403602
tr005973,1.628229
tr012650,1.454366
tr005867,0.858074
tr001930,1.190609
tr006348,1.03421
tr004059,0.880628
tr008459,1.330174
tr000879,1.153746
tr003897,1.344004
tr009662,0.708801
tr012312,0.633365
tr005317,1.896886
tr004797,2.888089
tr001037,2.330423
tr013796,1.091871
tr001685,2.188647
tr000184,0.631091
tr007375,2.992985
tr013281,1.489751
tr014941,2.024383
tr012909,0.506676
tr002374,1.949474
tr009683,2.997961
tr011446,1.648448
tr013031,1.377161
tr006067,2.75109
tr006109,2.688567
tr010285,0.508718
tr008492,1.763306
tr005373,1.437009
tr014959,2.397955
tr011358,0.796118
tr003131,1.337671
tr007900,2.302229
tr003959,0.724857
tr006604,1.258745
tr014648,0.792064
tr009826,2.258599
tr000853,0.603139
tr007157,1.86215
tr012152,1.729441
tr004128,2.059474
tr008037,1.970309
tr004157,1.24998
tr004702,2.393375
tr014051,2.439527
tr008918,1.156697
tr005822,1.592264
tr006358,1.585205
tr010873,2.912871
tr011327,1.001809
tr008569,0.626289
tr007307,2.070398
tr014023,1.817697
tr005367,2.294318
tr002351,1.286995
tr014539,2.570365
tr000894,1.140365
tr010366,1.489716
tr010134,0.819069
tr002258,2.486385
tr006301,2.834053
tr002083,2.85524
tr007160,1.004163
tr007447,1.844494
tr006199,1.427091
tr005086,0.887212
tr004349,2.729546
tr006966,2.523434
tr013285,2.596561
tr000714,0.91453
tr002557,1.19296
tr002423,0.527219
tr012922,2.013456
tr001042,2.217241
tr008341,2.971021
tr009565,2.615814
tr008098,2.91447
tr005272,1.437463
tr009392,1.947463
tr000143,1.289434
tr002178,1.277945
tr013769,2.797214
tr005646,1.646703
tr014487,1.734435
tr004408,2.084752
tr013001,1.885119
tr013089,1.94832
tr003279,1.588986
tr005606,1.844647
tr008394,2.577107
tr013980,1.136537
tr005002,1.224294
tr001090,2.301453
tr004795,1.556615
tr004363,1.113884
tr011506,2.399287
tr003265,1.246822
tr012487,1.135024
tr014192,1.633357
tr002231,2.014018
tr010801,2.988442
tr011474,2.751185
tr007708,1.251121
tr001607,2.182675
tr008803,0.751547
tr000704,2.64194
tr013219,2.669213
tr007400,2.920541
tr005143,1.983441
tr000999,1.879124
tr003837,0.533599
tr014720,1.630588
tr011378,2.377569
tr001559,0.524247
tr001546,0.967471
tr009019,1.790809
tr003331,1.271247
tr012427,0.576346
tr006044,2.150847
tr013657,0.966945
tr014229,2.086439
tr007714,2.906451
tr009592,2.292725
tr000989,1.020738
tr001386,2.041508
tr002398,1.008546
tr006160,1.252065
tr012914,2.57782
tr001977,1.562837
tr004760,2.85429
tr000561,1.379581
tr005963,2.651792
tr014177,0.61468
tr005958,1.830915
tr010351,0.739366
tr012621,1.40548
tr002188,1.703692
tr005480,1.143749
tr002032,0.589866
tr007591,0.813776
tr014297,2.544998
tr002326,1.959426
tr008561,2.525085
tr004953,0.810888
tr008539,2.63355
tr000806,0.75469
tr009660,2.97067
tr009477,2.993106
tr007650,0.570404
tr009770,2.222982
tr001720,1.738451
tr011864,1.789193
tr002833,1.077887
tr002692,2.788036
tr000173,2.089834
tr013754,1.66378
tr005182,1.359609
tr006082,1.134085
tr005768,0.68732
tr004648,1.276244
tr007648,1.611353
tr010989,2.26614
tr012990,1.780968
tr004792,1.903989
tr009333,2.84204
tr014370,0.704626
tr005781,2.839529
tr014105,2.033612
tr000786,2.665293
tr003681,2.526216
tr006207,1.459293
tr006036,1.910046
tr012363,0.556126
tr004999,1.392432
tr007629,2.455595
tr005550,2.246672
tr005552,1.788575
tr007288,0.847627
tr008436,1.452506
tr009827,1.601174
tr004239,2.787198
tr004769,2.988853
tr010898,2.626419
tr006994,1.70726
tr001471,2.963951
tr004695,2.774103
tr008079,2.187915
tr006917,2.612062
tr001825,2.444206
tr013357,2.363614
tr005938,0.555419
tr010064,2.130845
tr002560,2.29243
tr002866,1.806643
tr005851,1.997302
tr002176,0.615357
tr011953,0.598304
tr009794,0.544853
tr011906,1.285671
tr006258,0.609174
tr011444,1.32443
tr008979,2.398108
tr003726,2.303417
tr000124,2.125075
tr007864,2.909135
tr008702,2.943842
tr013912,0.999487
tr009743,2.673567
tr001180,2.093801
tr000017,1.18096
tr011748,0.732744
tr005050,2.425303
tr002743,1.297644
tr000218,1.062519
tr002752,1.900546
tr012179,1.679169
tr007332,1.069896
tr012331,2.776707
tr000590,1.226308
tr011487,1.803739
tr014432,2.490647
tr014531,0.602104
tr000098,0.578072
tr012827,2.602908
tr013544,1.870145
tr011177,0.598424
tr014265,0.81908
tr011102,2.695558
tr007853,2.059631
tr007237,1.065888
tr003450,1.406143
tr005876,1.4193
tr006083,1.873846
tr002714,2.260219
tr012039,2.379803
tr003188,1.192674
tr005362,1.206604
tr010762,1.578078
tr003405,2.731748
tr002707,2.21527
tr002580,1.850942
tr001395,2.899941
tr012970,2.963156
tr011412,1.020311
tr008011,1.55917
tr011152,2.732161
tr011186,1.692696
tr002496,2.587802
tr008542,2.114964
tr008371,2.973514
tr001295,2.816582
tr001458,1.334569
tr013784,0.614705
tr014561,0.944321
tr006472,2.922288
tr007521,0.792824
tr006884,0.838548
tr009922,1.089973
tr003305,1.184444
tr001311,1.623162
tr013251,1.46687
tr013938,1.65911
tr008419,1.96575
tr007971,1.595971
tr000226,0.929321
tr012637,1.539086
tr006007,1.481919
tr001859,1.591823
tr009254,1.191467
tr008440,2.217919
tr000193,0.595938
tr008456,2.037491
tr013102,1.96912
tr003470,1.252995
tr013481,1.944807
tr001711,2.715817
tr011292,2.868136
tr008763,1.475582
tr012852,1.46839
tr001542,1.894281
tr003941,1.145629
tr004621,2.212155
tr003521,0.832552
tr001802,0.845052
tr004383,1.972647
tr009550,1.663799
tr004754,1.877367
tr005297,1.045629
tr000543,1.387984
tr005710,1.121154
tr000975,2.759332
tr005792,0.653684
tr010587,2.153911
tr010824,0.963017
tr009979,1.059282
tr006333,2.746632
tr003474,2.372317
tr006220,2.347471
tr004734,2.869944
tr012318,1.150535
tr009599,1.67082
tr005741,2.1676
tr008625,0.808165
tr006408,2.509532
tr013745,1.603268
tr005420,2.853168
tr001647,2.192578
tr011426,1.061323
tr013566,0.803262
tr003869,2.784528
tr000968,1.659982
tr000223,0.99404
tr009438,2.480753
tr000198,1.469788
tr005814,2.624623
tr011171,0.557377
tr002283,2.980493
tr001596,2.368533
tr005171,0.505904
tr014695,0.867083
tr013645,2.699267
tr003578,0.79691
tr001763,1.719405
tr012186,2.620839
tr014040,2.155112
tr014933,2.874392
tr000744,0.720648
tr006096,2.074234
tr001049,2.063731
tr007611,1.505811
tr014579,1.277821
tr000001,1.580343
tr014226,0.631696
tr012960,1.910411
tr003165,2.517979
tr007696,2.337096
tr002935,1.613002
tr002751,2.764376
tr011630,1.39186
tr001031,0.55
tr005363,2.862443
tr010674,0.611677
tr004613,0.981958
tr001143,0.6199
tr008496,1.35205
tr012985,1.226669
tr002312,1.598726
tr007818,1.677035
tr008103,1.47353
tr000929,0.981936
tr003221,2.960328
tr012031,0.736238
tr001528,1.821193
tr009150,2.71598
tr000194,1.564875
tr013590,2.789673
tr012325,2.603904
tr000944,2.428165
tr008218,2.539012
tr002883,2.895283
tr009889,1.664213
tr008581,2.415728
tr009566,0.942835
tr000831,1.983362
tr005091,1.278577
tr013882,1.643837
tr007833,2.487213
tr005172,0.833401
tr001331,1.734216
tr012514,1.511716
tr007724,2.668548
tr009568,2.970713
tr002064,1.861816
tr000521,2.693061
tr008034,0.785801
tr014122,2.016828
tr008381,2.310906
tr001695,1.57194
tr003282,2.516497
tr011548,1.969023
tr012608,1.620937
tr012222,2.742001
tr000033,2.329312
tr014121,1.149729
tr005408,1.344709
tr002850,2.019198
tr012959,2.984919
tr007738,2.382404
tr013707,2.198271
tr013359,0.526864
tr010755,0.637898
tr001374,0.728084
tr012724,2.756675
tr004633,2.086319
tr006819,1.50613
tr002697,1.2233
tr005521,1.743779
tr001881,0.539287
tr001612,2.666371
tr004416,1.70405
tr008362,0.792452
tr000910,1.052586
tr011307,1.711904
tr010173,1.895969
tr008876,2.335118
tr009105,2.008654
tr007466,1.597461
tr001903,1.367218
tr011766,2.14368
tr010861,1.859394
tr014293,2.005583
tr003615,1.340673
tr008936,2.607124
tr001252,2.811846
tr008017,1.608367
tr007758,1.693483
tr001005,0.686073
tr000810,2.734405
tr012683,1.959554
tr011035,1.223665
tr013915,2.620928
tr002145,0.510696
tr008469,2.19765
tr007614,0.888436
tr001678,1.916209
tr009013,2.618147
tr014842,1.542962
tr004777,2.976868
tr001315,2.567953
tr009845,2.66742
tr006111,1.799658
tr008861,1.800631
tr000110,1.006995
tr004916,0.698418
tr000113,2.342265
tr010383,2.714207
tr014624,2.533547
tr002062,2.469307
tr010987,0.608198
tr005060,2.382965
tr012938,1.612131
tr010993,0.771046
tr000515,2.823217
tr004330,2.211938
tr012861,2.041042
tr002296,1.165176
tr013672,1.203052
tr000618,0.932054
tr007379,1.775094
tr008250,1.831833
tr006257,0.626732
tr008810,1.020212
tr005347,1.452767
tr014401,1.186674
tr009070,2.790047
tr014057,1.152103
tr000220,1.215168
tr010757,0.766459
tr002998,2.857906
tr014467,0.519178
tr011044,2.001222
tr000500,2.704737
tr006032,1.517393
tr011747,1.505654
tr003921,2.263703
tr008679,2.062185
tr010118,0.573492
tr006872,1.120171
tr002084,2.08375
tr010681,1.071554
tr005607,2.348244
tr010912,1.577547
tr008917,2.084091
tr011806,1.259027
tr010546,2.647419
tr008234,2.57966
tr006255,0.546821
tr011731,1.922864
tr007747,1.565827
tr002297,0.951916
tr012452,0.832477
tr005473,1.266081
tr011839,2.838289
tr013542,2.641546
tr012102,2.83719
tr002456,0.868071
tr001882,0.759191
tr012153,2.663977
tr013430,2.393997
tr003241,2.927159
tr010941,1.851712
tr001886,2.94368
tr001139,2.536622
tr012135,2.447509
tr014186,0.508024
tr003051,0.690323
tr011870,2.477554
tr007639,1.241304
tr014541,2.785246
tr002584,0.742189
tr000644,2.956785
tr013266,1.098
tr005021,1.28134
tr010496,1.714978
tr007829,2.74425
tr002651,0.594083
tr001523,1.357728
tr009053,0.711785
tr012205,1.488818
tr000112,2.70046
tr004247,1.650148
tr012432,2.083541
tr003907,0.806773
tr006821,1.484623
tr003940,1.619054
tr001400,1.098051
tr003868,1.368692
tr012296,2.227168
tr010874,2.645758
tr012806,0.813686
tr012949,0.661402
tr011994,1.923499
tr011593,1.496928
tr000788,0.938693
tr001617,0.814901
tr004865,2.07547
tr008372,0.671028
tr007914,1.57362
tr003204,0.784659
tr009329,2.664821
tr006388,2.395473
tr005093,0.977053
tr008977,2.613142
tr006365,1.593002
tr002553,2.142549
tr009347,2.012656
tr013265,1.058136
tr005027,2.615772
tr000967,1.391352
tr000725,1.233405
tr014113,2.154045
tr009038,2.531127
tr002711,0.952849
tr008798,2.068881
tr005582,1.635027
tr012052,0.832734
tr006997,2.954466
tr014261,2.927618
tr013267,1.531107
tr008822,1.949112
tr012180,0.851955
tr003638,1.760643
tr001527,2.723197
tr010058,0.932226
tr001499,2.307297
tr000722,1.900052
tr008337,2.234884
tr001877,2.363433
tr004851,0.886312
tr009435,1.819916
tr014808,2.360744
tr013532,2.141649
tr001941,1.219709
tr010379,1.330273
tr004540,2.750366
tr003033,2.247268
tr007507,2.123959
tr011450,1.187181
tr014354,1.102299
tr000212,2.420964
tr008871,0.812412
tr000231,1.243293
tr001443,0.725164
tr003710,1.2204
tr003240,1.024233
tr010527,0.815212
tr006615,2.731711
tr000832,0.757515
tr014168,2.42974
tr002620,0.584506
tr007894,2.015505
tr012348,1.385652
tr011567,2.480126
tr003999,0.640906
tr012746,1.965482
tr002798,2.647801
tr008706,1.008501
tr013585,0.617334
tr008171,0.839908
tr004561,1.805928
tr005295,0.989055
tr006133,2.01262
tr012197,0.705469
tr011781,0.658176
tr014552,2.319097
tr010823,0.623768
tr006873,1.650973
tr014728,0.845562
tr013296,2.187564
tr007415,1.409938
tr013509,1.908697
tr003603,2.994236
tr012642,1.054793
tr014647,1.918431
tr009614,2.121135
tr000263,2.391918
tr012080,1.592224
tr008959,0.96304
tr004241,1.034106
tr003223,0.681588
tr003504,2.498951
tr008704,2.491912
tr004888,0.536926
tr006721,1.741802
tr012158,0.735142
tr005104,1.2247
tr005145,1.620963
tr014065,1.609536
tr009104,2.902235
tr003805,0.680951
tr014392,2.049894
tr006657,1.554607
tr010357,1.907748
tr014335,0.762813
tr000565,1.60948
tr008792,1.967874
tr011944,0.601392
tr010277,0.693374
tr009923,1.456655
tr005858,0.76713
tr000804,1.397817
tr006132,2.975796
tr009351,2.136767
tr007091,1.898454
tr010985,1.913311
tr011531,2.062776
tr006449,2.444532
tr009111,1.368223
tr005947,2.186735
tr001683,1.496808
tr012902,2.049264
tr008181,1.238045
tr002183,1.323654
tr012351,2.374915
tr012238,0.904154
tr006814,2.05016
tr006591,0.744385
tr010964,1.778326
tr006742,2.177751
tr008484,1.958259
tr010633,2.840341
tr006992,0.633316
tr000510,2.581032
tr000095,1.068512
tr001890,2.614475
tr009624,0.821074
tr004920,0.739706
tr011717,2.840749
tr012462,2.676095
tr008304,1.400742
tr004952,1.421184
tr000007,1.52329
tr006026,2.81713
tr001059,1.148376
tr005636,1.308765
tr000449,2.17296
tr001820,1.969429
tr010807,0.519178
tr011679,1.525088
tr013041,2.358236
tr009273,0.641822
tr011897,1.667503
tr011295,1.120249
tr011437,1.379411
tr000958,2.445523
tr003793,1.166424
tr009316,2.514645
tr007927,2.182389
tr003791,1.7039
tr005816,2.710591
tr012473,1.750306
tr011699,0.8315
tr012074,2.297126
tr006162,0.959432
tr010115,1.650297
tr012128,1.79497
tr001388,0.873715
tr007405,1.692719
tr007986,1.03228
tr009298,1.524591
tr004812,0.97557
tr013442,0.905313
tr008097,2.557311
tr004090,1.084989
tr005045,1.613317
tr005430,1.523652
tr007104,2.367437
tr013373,1.770885
tr014489,1.210935
tr013182,0.510433
tr013058,2.074504
tr001183,1.277259
tr014222,0.565821
tr014086,2.278656
tr009701,0.723903
tr010876,1.418304
tr009009,0.692529
tr013978,2.001075
tr013456,1.617204
tr002319,0.860713
tr014595,0.767962
tr005470,1.617607
tr006907,1.563589
tr005580,1.802033
tr013896,1.041324
tr002156,1.72145
tr012995,1.064844
tr007813,2.856523
tr001806,1.808925
tr006399,1.887702
tr000830,2.997266
tr001660,0.567097
tr003923,0.539847
tr005568,2.732797
tr010385,0.581208
tr013142,0.897938
tr010260,2.593672
tr004149,1.492463
tr006975,1.517285
tr013740,2.316361
tr012633,2.893112
tr014199,2.920864
tr005274,2.717755
tr012639,1.615176
tr010759,1.868169
tr007867,1.68752
tr005714,2.095138
tr005919,1.778096
tr009195,1.313517
tr007010,2.37349
tr008198,0.946629
tr014108,1.084379
tr013849,2.036488
tr005835,1.649953
tr011019,2.803384
tr002049,1.004281
tr014451,0.769675
tr004270,2.463729
tr009709,2.736901
tr009997,1.383733
tr014104,0.900955
tr004964,1.476327
tr009067,2.48382
tr010777,1.91971
tr014716,0.582777
tr001248,1.345271
tr004406,2.151679
tr001928,1.150642
tr001250,0.5806
tr008213,2.938421
tr000919,1.995444
tr006618,1.819947
tr010539,1.762263
tr013287,1.29984
tr000426,2.620182
tr005749,1.120846
tr005545,1.926197
tr000906,2.098924
tr004001,2.029655
tr013678,2.552902
tr013869,1.660196
tr014028,2.917414
tr000741,0.53608
tr003212,2.855737
tr013765,2.159344
tr001317,2.879889
tr013077,2.103055
tr000279,1.790613
tr013840,2.823414
tr011234,2.090518
tr004123,1.356049
tr005078,2.790611
tr005856,1.902085
tr009393,2.943489
tr006140,2.941184
tr002643,1.699642
tr005152,0.507013
tr007941,2.918952
tr007523,1.40371
tr008130,0.543988
tr014580,0.543236
tr008096,1.530724
tr009460,1.397817
tr006295,2.945401
tr014583,1.34538
tr002479,1.376848
tr009838,1.384356
tr002775,2.049105
tr000740,1.868241
tr005204,2.55345
tr000280,2.674082
tr008364,1.166278
tr009958,0.579627
tr009552,1.284499
tr011862,1.501355
tr005684,2.30189
tr005691,2.027405
tr011002,1.744167
tr008884,2.223093
tr008373,0.551217
tr003887,1.117357
tr005995,2.181102
tr005130,1.115039
tr008292,0.908033
tr000022,2.807267
tr013537,2.393721
tr008187,0.919661
tr005914,2.466156
tr008306,1.986979
tr002644,1.385816
tr013006,2.592948
tr006081,2.311381
tr005065,0.573892
tr007985,1.170556
tr004111,1.57047
tr013854,0.646799
tr010052,1.998581
tr011383,1.189631
tr007621,2.538034
tr008435,2.7905
tr000686,2.008253
tr003882,2.610735
tr014690,1.109346
tr012105,0.91969
tr012530,2.310145
tr012503,0.884585
tr000195,2.840165
tr003948,2.429666
tr003009,2.938325
tr014464,2.103428
tr013958,2.640783
tr009224,2.698191
tr014275,2.342597
tr011672,2.156142
tr011477,0.53622
tr000963,2.688593
tr001828,0.615351
tr004700,2.394586
tr001230,0.790147
tr007074,0.965994
tr006793,1.107508
tr004093,2.106666
tr000069,2.450727
tr003262,1.325329
tr010418,1.499991
tr007620,1.520718
tr005144,1.354397
tr006909,2.040254
tr007112,1.768447
tr011492,1.974744
tr000715,2.63521
tr008059,1.909288
tr003328,2.199121
tr010653,0.73749
tr002559,0.712501
tr006465,1.604091
tr004362,1.362756
tr010531,2.249382
tr013408,1.897348
tr006253,0.538289
tr011353,1.422533
tr003951,1.399025
tr010516,0.684122
tr002740,2.494238
tr011565,2.608457
tr002232,2.416911
tr005458,1.50016
tr006740,2.011291
tr009773,2.551589
tr003000,1.430397
tr002422,0.51925
tr004501,1.125166
tr000814,2.279261
tr009244,1.661209
tr014649,2.71006
tr003034,2.744332
tr012041,0.502811
tr011729,0.733377
tr004627,2.329394
tr004974,1.624229
tr001565,1.14773
tr004903,1.240833
tr004508,1.711206
tr009231,2.100881
tr001635,0.924718
tr010850,1.731536
tr008590,2.112277
tr006433,1.053561
tr004722,1.599544
tr003363,2.150256
tr008609,2.484986
tr008837,1.667195
tr011941,1.820458
tr007030,1.877815
tr009860,0.507286
tr012556,1.189431
tr013403,1.659309
tr012250,1.971073
tr011124,0.565353
tr001653,1.774204
tr011764,2.01058
tr010545,2.47029
tr003083,1.277556
tr011224,2.874447
tr011710,2.390445
tr011185,1.295515
tr007583,2.043534
tr003556,0.670079
tr012987,2.701303
tr011323,0.790301
tr000641,2.650765
tr002977,0.688202
tr000956,1.006828
tr006010,2.402117
tr001885,1.648097
tr007156,0.837528
tr003973,2.120622
tr006442,2.901776
tr002228,2.519197
tr002569,2.075414
tr003800,2.990591
tr001642,2.704131
tr007728,0.930076
tr007830,0.929287
tr007573,1.239776
tr005847,2.53577
tr002972,2.917641
tr009454,0.989331
tr011041,1.157334
tr009628,2.925446
tr005229,1.015212
tr001390,0.915949
tr006246,1.91418
tr000272,2.944396
tr012925,0.737413
tr007722,2.373485
tr002190,0.745574
tr003751,1.282149
tr004802,1.825774
tr001649,1.394158
tr013497,2.795603
tr007687,2.313099
tr001379,1.828256
tr000277,1.663295
tr004908,0.937316
tr008746,1.993713
tr005346,1.248819
tr014646,1.290103
tr007064,1.295733
tr007918,1.714273
tr014885,1.898965
tr009523,0.651576
tr000109,1.114868
tr010610,1.773775
tr013466,0.705972
tr009627,1.736585
tr001960,1.949263
tr009119,2.089274
tr004689,1.694815
tr010867,2.114611
tr004881,2.16125
tr008788,1.177251
tr013638,2.862258
tr000674,2.055287
tr006581,2.576064
tr002608,1.319013
tr009096,2.662978
tr002068,2.561277
tr005223,2.331015
tr002611,0.676312
tr001681,0.660371
tr001799,1.411872
tr007546,0.869749
tr006935,1.443539
tr000943,0.672363
tr004772,2.990469
tr007693,1.866724
tr010129,0.935814
tr009037,1.653779
tr003814,2.663707
tr008483,2.929122
tr007617,2.213321
tr003201,1.904032
tr009429,1.765156
tr005049,2.783642
tr011084,0.979672
tr006236,2.681796
tr001081,2.913932
tr014993,2.811307
tr001038,1.273078
tr000162,1.732137
tr009388,2.854668
tr001644,0.59545
tr011015,2.961364
tr005953,1.066056
tr011532,1.087015
tr009597,0.774185
tr004248,2.398696
tr011873,1.134589
tr003851,1.012181
tr010310,1.126733
tr014471,0.780949
tr003563,1.22713
tr001865,0.591831
tr014759,0.614861
tr004976,1.5622
tr010992,0.892026
tr005569,2.37077
tr006347,1.839414
tr009714,0.871726
tr005007,1.679538
tr005427,0.713966
tr004692,1.657134
tr007770,2.567166
tr010984,2.910396
tr001165,1.58034
tr014236,2.91819
tr006222,1.257233
tr009488,0.779986
tr002216,1.216917
tr011709,1.06652
tr008932,1.39571
tr000246,1.225079
tr000599,2.478073
tr001512,1.872179
tr005509,1.20645
tr002525,2.909931
tr004460,0.593854
tr003920,1.95411
tr013477,1.999214
tr002887,1.445594
tr014035,2.770943
tr004597,2.46298
tr011357,2.549456
tr001846,2.182391
tr003782,0.813388
tr010925,1.150376
tr014498,0.684609
tr000068,0.507041
tr002112,2.16312
tr000006,2.062728
tr008962,1.957228
tr004917,2.019226
tr013743,1.030934
tr009998,1.978695
tr004042,2.965791
tr013284,2.701227
tr009604,2.259535
tr008491,0.925644
tr005435,0.598725
tr011863,1.021011
tr007301,0.594701
tr004170,0.573535
tr010287,2.833498
tr001766,1.036585
tr013061,1.637255
tr009117,1.371776
tr010027,2.020735
tr007143,1.623163
tr014008,1.048264
tr001950,0.54157
tr010449,2.009755
tr004180,1.703978
tr012794,2.889702
tr000539,1.095596
tr009584,2.287311
tr011162,0.740595
tr006709,1.767592
tr010189,1.158127
tr011645,0.863781
tr006317,0.757421
tr011921,1.61796
tr004114,0.879437
tr006498,1.934654
tr014146,2.955775
tr008221,2.704874
tr000196,2.11139
tr010044,2.421161
tr002160,2.806945
tr014424,2.266362
tr000336,2.348774
tr002236,1.738784
tr013325,2.205917
tr009968,0.513284
tr012715,0.691401
tr008425,0.89065
tr007862,1.667962
tr006378,1.574187
tr008202,2.221429
tr011062,0.962538
tr012769,0.871495
tr008429,0.901391
tr004810,2.216672
tr011130,1.491889
tr005284,0.730253
tr005318,1.690665
tr007631,0.740413
tr008038,1.131351
tr001223,0.542373
tr007197,0.691025
tr002984,0.57419
tr008467,2.308063
tr007414,2.890892
tr013406,0.567299
tr012274,2.32613
tr008937,0.519375
tr009676,2.912142
tr007526,2.077009
tr014776,0.83512
tr007351,2.604219
tr001486,0.807153
tr003277,2.521998
tr007673,2.730827
tr005411,2.132382
tr001989,1.17769
tr005187,2.90011
tr011028,0.563469
tr006128,2.475499
tr014658,0.772366
tr009358,0.579846
tr003274,1.067625
tr003594,0.623507
tr010806,2.911984
tr006239,0.693376
tr012654,1.14679
tr001167,1.926825
tr011021,0.62247
tr008376,0.885115
tr014978,1.097517
tr009539,1.528567
tr007042,0.823808
tr014503,2.710997
tr000323,1.373999
tr001441,1.473569
tr000151,2.804262
tr012097,0.722891
tr005343,2.234627
tr010043,1.105256
tr006536,2.15383
tr008951,1.477907
tr014446,1.523048
tr007384,2.942118
tr006847,0.562909
tr001770,2.28615
tr014433,2.231418
tr003762,2.570084
tr011354,0.564446
tr000121,0.850452
tr001922,2.421853
tr009276,0.58206
tr001611,2.964676
tr013345,2.819203
tr004222,2.154121
tr000055,2.091943
tr009625,0.525547
tr004015,1.661291
tr001539,1.949221
tr012075,0.880765
tr003807,2.625317
tr010510,1.737786
tr003827,0.562166
tr007981,0.647293
tr001247,2.845101
tr011712,1.068097
tr002114,1.168813
tr010687,1.954702
tr014667,2.395473
tr000795,2.911212
tr013112,2.384619
tr000696,2.299268
tr004905,2.677835
tr014702,2.386826
tr008851,0.541519
tr013540,2.694866
tr006674,1.965165
tr008836,1.137489
tr012689,1.100249
tr003164,1.253883
tr014144,1.718589
tr003484,1.241991
tr000773,1.031656
tr005528,1.957165
tr011418,0.700169
tr001810,2.150739
tr013862,2.90046
tr003007,2.649628
tr001794,1.236469
tr011232,1.863476
tr012711,2.074355
tr005909,1.546544
tr012982,0.9604
tr008557,0.796074
tr000948,1.596636
tr002803,2.762235
tr004144,0.883658
tr014613,1.410848
tr010267,2.05469
tr012572,2.273032
tr002282,0.517313
tr008294,2.717333
tr012364,2.116329
tr009295,1.325801
tr008080,0.622049
tr000175,2.785096
tr001336,0.949509
tr009607,1.504663
tr003549,1.179006
tr008834,1.466133
tr008272,2.981262
tr004747,2.624766
tr006826,0.573211
tr002021,2.629662
tr002342,0.587947
tr006510,1.986445
tr009993,2.549355
tr004107,1.288984
tr008854,0.86525
tr004876,1.763896
tr006859,2.169953
tr010122,0.763526
tr012226,1.228457
tr006971,2.527812
tr006501,0.515831
tr012445,2.66849
tr010229,2.625216
tr010477,2.018428
tr003195,2.178733
tr002108,1.608522
tr006136,0.879118
tr001307,1.683537
tr002871,0.878989
tr007843,2.369096
tr012520,1.751266
tr006144,0.942038
tr011165,1.285906
tr009349,1.257604
tr010773,2.394392
tr000126,1.764853
tr004698,1.158823
tr011448,1.739106
tr000913,1.983092
tr004442,1.22463
tr008910,2.242787
tr013556,2.390382
tr012583,0.951829
tr012576,1.221875
tr010209,0.60979
tr009762,0.76639
tr012333,2.945345
tr013037,2.31
tr004555,2.445771
tr012920,1.644251
tr000971,1.749824
tr001328,1.533289
tr006749,2.866703
tr004060,1.610133
tr009833,0.799067
tr009950,2.051787
tr010907,1.985442
tr000398,2.852489
tr001533,2.625147
tr003862,1.925428
tr006390,1.210427
tr005809,1.616559
tr014682,2.835618
tr005843,2.531874
tr001066,1.263314
tr001182,0.813899
tr012032,2.525262
tr009718,2.515052
tr014390,1.398532
tr008887,2.939362
tr011199,0.533195
tr003269,2.592791
tr012399,0.593542
tr011955,1.811176
tr005506,2.162494
tr009364,1.495525
tr003343,1.813415
tr000630,1.943989
tr003616,2.056568
tr000817,0.792823
tr005349,1.93599
tr009835,2.637137
tr013944,2.392148
tr011854,0.728444
tr003872,0.746277
tr003519,0.760053
tr014637,2.893711
tr002607,1.410568
tr000434,2.770182
tr007609,1.345944
tr012192,0.647893
tr010678,2.598096
tr002445,2.97628
tr002167,2.687348
tr002846,1.481498
tr014712,1.627252
tr010956,2.462321
tr008612,1.29128
tr014336,2.308406
tr001030,0.997667
tr000909,1.838637
tr000585,1.393452
tr005845,1.62639
tr011126,0.64056
tr014429,0.614336
tr014131,2.08351
tr014137,1.342693
tr012006,2.502841
tr000533,2.705131
tr001377,1.343141
tr002071,2.759639
tr004639,2.035725
tr012373,2.342862
tr014272,0.773931
tr000508,2.639253
tr010441,1.511108
tr011890,1.98107
tr008449,2.922769
tr007374,1.122056
tr008122,1.857945
tr013332,1.784778
tr007088,2.87679
tr010890,2.304091
tr011153,0.909291
tr005481,0.618732
tr006644,1.838384
tr002591,1.872614
tr006491,2.671621
tr013625,2.112519
tr002690,1.862451
tr000589,0.605997
tr007006,2.956402
tr003786,1.230993
tr008855,2.876975
tr002061,0.778733
tr006202,1.061063
tr007800,2.006886
tr006169,2.542295
tr014214,2.027927
tr011402,2.041472
tr002501,2.959815
tr014257,2.04791
tr009846,0.520848
tr004096,2.283338
tr010621,1.272855
tr003091,1.753496
tr014507,1.275803
tr001465,2.073881
tr000819,1.626988
tr014532,2.955034
tr013989,2.866208
tr010270,1.305767
tr009832,2.82636
tr002406,2.895042
tr012465,2.797533
tr008401,1.597379
tr009369,2.227066
tr013186,1.08934
tr002290,1.132644
tr013299,1.710778
tr001474,2.756532
tr011783,2.061719
tr002148,2.872473
tr004729,1.76702
tr000455,2.024523
tr008549,2.957578
tr004140,2.106555
tr011537,0.769941
tr000637,2.727055
tr014100,0.882701
tr002217,1.448127
tr000940,0.689604
tr013304,2.859643
tr013870,1.018235
tr011577,2.277975
tr012083,1.197661
tr008943,1.398716
tr005020,0.517527
tr003158,2.875522
tr009109,0.556524
tr013291,0.509292
tr002431,2.40107
tr013167,2.76679
tr005039,2.460019
tr004497,0.849316
tr010668,1.877224
tr000602,1.032962
tr007630,2.101477
tr013831,2.749951
tr014840,2.346496
tr003631,2.74959
tr012214,2.828047
tr003134,1.95115
tr012943,1.720353
tr008674,1.704871
tr011663,0.899054
tr006121,2.991225
tr014919,0.679159
tr000423,0.644691
tr006469,0.729621
tr000495,1.759274
tr005137,2.310148
tr005665,1.457135
tr014373,1.912845
tr011433,0.523677
tr001545,1.580213
tr002686,1.701733
tr007342,1.942038
tr010252,1.962411
tr006678,2.978643
tr009796,1.534502
tr013904,1.29858
tr012913,1.962916
tr006394,2.668436
tr014522,1.558047
tr002269,2.462142
tr009536,2.546787
tr010970,0.800099
tr006617,1.970906
tr005579,2.516027
tr011832,2.570836
tr004489,2.170044
tr006149,2.668167
tr006218,1.078171
tr003357,1.261311
tr010896,2.562149
tr005085,0.541542
tr008418,2.694922
tr003143,1.156984
tr014301,1.140698
tr010009,1.978988
tr010730,0.71853
tr004370,1.714733
tr005014,2.377822
tr001750,1.652641
tr008878,1.34821
tr012142,0.57334
tr002923,2.720894
tr013444,1.141227
tr007194,0.986167
tr010188,1.800274
tr000776,1.595175
tr007055,2.269272
tr005971,2.331768
tr009248,1.888432
tr005191,2.671307
tr014918,0.595922
tr001378,2.933033
tr011671,1.065178
tr001824,2.06424
tr014294,2.035178
tr012973,1.512448
tr005437,1.959058
tr004496,2.645222
tr006460,1.83693
tr012937,2.247238
tr006005,1.315349
tr001391,0.888549
tr013421,2.450723
tr001951,0.96823
tr004120,1.463771
tr002476,1.644213
tr008739,0.536889
tr014478,1.202143
tr009100,1.853449
tr010779,1.350175
tr004798,2.523943
tr013603,1.359996
tr012320,0.920494
tr000443,1.454132
tr008252,2.599699
tr008819,1.158719
tr003836,1.048123
tr012213,0.649029
tr007732,0.794182
tr012266,2.960591
tr006549,1.083656
tr006765,2.854164
tr006862,1.394195
tr003779,0.509294
tr012951,1.144387
tr013174,2.336046
tr006002,2.257661
tr009611,2.836032
tr010611,0.629182
tr005542,1.573823
tr014972,1.742112
tr000159,0.885772
tr006014,1.688738
tr001913,1.684234
tr009189,0.542528
tr003225,2.067885
tr012280,0.853071
tr008427,2.982277
tr000311,2.57371
tr001199,1.867891
tr006866,1.072268
tr001304,2.006547
tr007840,2.514315
tr001133,2.159124
tr005483,1.072553
tr014683,2.116753
tr012802,1.72546
tr000723,1.643713
tr013468,0.911941
tr010040,1.237718
tr013668,1.094755
tr004316,2.684516
tr012729,0.522907
tr005763,1.551431
tr003082,2.837807
tr013448,2.127102
tr013877,1.655979
tr002995,1.293932
tr003425,2.146464
tr011527,1.897787
tr008721,1.465094
tr008657,1.60235
tr012347,2.781768
tr010396,2.824861
tr005758,1.958768
tr012496,2.491747
tr007270,0.644981
tr006851,1.200164
tr012899,2.824
tr011020,1.033372
tr006248,1.698888
tr006726,2.556186
tr008961,0.700689
tr012443,1.755006
tr002896,2.545972
tr010400,1.65591
tr005401,1.957277
tr009579,0.908873
tr014007,1.684303
tr011072,2.447526
tr014535,0.505862
tr013601,0.966997
tr001624,1.244678
tr008750,2.594696
tr008472,1.442631
tr009821,2.855844
tr007464,1.801035
tr003006,0.691143
tr009904,1.326281
tr005196,1.219234
tr001075,2.079827
tr006366,2.460209
tr011741,2.311959
tr010792,0.596384
tr013570,2.167809
tr008786,2.423713
tr004822,1.559196
tr005618,2.134698
tr000298,1.958612
tr008135,2.642174
tr009544,2.968476
tr001870,1.287281
tr012895,1.347834
tr013465,2.267796
tr008738,1.211222
tr014564,2.016101
tr001966,2.375304
tr002875,0.710218
tr014215,0.506171
tr007618,2.751827
tr007094,2.717892
tr011991,0.737865
tr014292,1.424889
tr007198,1.909646
tr004160,0.788046
tr007105,0.545067
tr007794,1.483264
tr013711,2.686473
tr010100,2.75834
tr001078,0.558035
tr005338,2.404236
tr012189,1.714272
tr001231,1.755759
tr001714,0.666303
tr012585,2.562259
tr012009,1.090392
tr005384,2.252973
tr003520,1.456581
tr006194,2.631695
tr014397,0.874363
tr013293,1.324341
tr000119,1.193279
tr011691,1.844286
tr001821,1.206995
tr008203,2.153583
tr004407,1.163271
tr009788,1.94175
tr003500,0.727561
tr005155,1.274516
tr002189,2.779007
tr013013,1.772847
tr010096,1.779995
tr009003,2.379367
tr010018,2.797681
tr005888,2.488099
tr012447,1.789679
tr013628,0.634446
tr003739,2.605906
tr001845,1.367994
tr001170,2.293023
tr012582,2.074943
tr005417,2.903167
tr000931,2.658503
tr001258,1.277144
tr002904,2.685591
tr012992,1.448071
tr013336,1.541748
tr007834,1.323131
tr001814,2.519947
tr002810,1.389384
tr013940,1.302716
tr000240,1.101616
tr009014,1.118432
tr008630,2.385427
tr006825,1.659764
tr004816,2.561542
tr009669,1.185548
tr006805,1.769405
tr014206,0.786915
tr002594,1.207878
tr005961,1.671075
tr014223,0.846025
tr007702,0.820623
tr001056,2.57637
tr002126,2.020131
tr008399,0.608221
tr014625,2.789522
tr003250,1.659517
tr001021,1.224196
tr006525,1.719773
tr012223,0.958961
tr006102,0.515144
tr000612,2.50662
tr007380,2.491204
tr009010,2.228684
tr001935,1.062875
tr001999,1.308278
tr011104,1.952958
tr001381,1.192525
tr007795,1.368921
tr004261,1.780829
tr010700,2.709012
tr006703,2.649047
tr006351,2.551527
tr005912,0.664573
tr005238,2.599959
tr001363,2.398247
tr011467,1.282856
tr006412,2.549406
tr007851,1.792858
tr010093,2.913449
tr006960,2.544284
tr009935,1.568198
tr009002,1.144126
tr000418,2.017072
tr002295,1.17705
tr008008,2.41771
tr006311,1.314732
tr002218,2.33501
tr002403,2.333467
tr006020,0.930651
tr009883,2.574095
tr014540,1.843679
tr012894,0.821637
tr008752,1.578687
tr011596,2.575571
tr013130,1.263959
tr005493,2.925205
tr013121,1.617254
tr010195,2.668229
tr010615,2.160171
tr011732,0.917499
tr014434,2.325707
tr000149,2.872005
tr000378,2.048466
tr002018,1.286363
tr003533,1.434729
tr008396,0.799036
tr007670,0.510326
tr006990,2.572859
tr011711,1.460504
tr002633,1.432083
tr005140,2.609821
tr001735,1.621724
tr003467,0.914763
tr004724,0.579555
tr009746,2.833513
tr009534,2.396056
tr010977,1.503776
tr010222,0.9706
tr002213,1.92414
tr001001,2.593932
tr008019,2.956859
tr002835,0.570215
tr007499,1.463357
tr005887,2.073162
tr001791,1.56647
tr008789,1.808265
tr012672,2.518937
tr009496,0.721415
tr014217,2.558518
tr008395,1.92804
tr005228,2.606183
tr006802,1.150159
tr009296,1.539765
tr003352,1.189371
tr010133,2.153827
tr008843,1.00499
tr001933,2.861999
tr000765,1.598439
tr010626,2.688151
tr002626,0.676245
tr002129,2.916175
tr004436,1.330044
tr014305,1.349371
tr013343,2.189335
tr001516,0.830265
tr013755,1.938958
tr007200,1.087286
tr011824,2.873528
tr011478,0.960763
tr009108,1.474818
tr013429,1.048148
tr009220,1.926097
tr002482,2.826414
tr008506,1.667547
tr008719,1.549085
tr013460,1.005535
tr006205,0.506759
tr001603,2.282946
tr006015,2.295255
tr006929,2.260935
tr002922,2.874706
tr006519,2.615628
tr004455,2.362156
tr004756,2.399689
tr010341,2.490145
tr012483,0.610438
tr007749,2.940378
tr001730,2.088782
tr009632,0.909437
tr002199,1.792398
tr010552,0.87818
tr013734,2.678785
tr002393,2.498842
tr004159,2.958834
tr007318,2.010932
tr011837,2.06407
tr000558,2.978732
tr005123,1.187017
tr004022,0.732697
tr002749,1.809405
tr005083,2.569232
tr014302,1.350753
tr000452,0.784214
tr005669,1.206307
tr005125,1.405916
tr000203,1.091498
tr012232,2.607805
tr010361,1.133534
tr009726,1.584965
tr004606,2.039882
tr009261,1.480426
tr003661,0.740178
tr005972,1.99197
tr010140,2.418934
tr004012,2.015282
tr012245,2.960099
tr011180,2.170777
tr007429,1.766673
tr011241,1.159207
tr013290,0.718532
tr008438,1.284235
tr005883,2.049862
tr007323,2.901556
tr004635,2.980489
tr002378,1.056096
tr006025,1.23913
tr000770,2.604545
tr011875,1.375992
tr005632,1.497686
tr006578,1.450665
tr012112,2.662584
tr007613,2.383731
tr008476,2.911304
tr012144,0.717944
tr008864,2.436237
tr013223,2.979214
tr007500,2.206283
tr005511,1.216259
tr008431,0.933689
tr005057,2.835568
tr014768,1.594889
tr002261,2.660513
tr014614,1.803385
tr000920,1.698298
tr000472,1.124441
tr000753,2.047263
tr003053,0.540035
tr007175,0.984323
tr005335,1.778788
tr004294,1.590703
tr005360,2.413322
tr009229,1.789268
tr009016,2.080821
tr000549,2.110097
tr001346,2.327076
tr012248,2.3884
tr003479,1.595064
tr008453,2.794598
tr013845,2.511506
tr013511,2.263073
tr000371,2.255563
tr009943,2.869659
tr009798,1.636139
tr003962,1.023513
tr008331,1.596121
tr013576,1.830293
tr006509,2.240827
tr009425,1.10136
tr003673,0.922647
tr012880,1.75802
tr002310,1.164177
tr014459,2.757418
tr009005,2.410117
tr007935,1.06131
tr013184,2.686455
tr002185,0.968804
tr007153,1.478324
tr001879,1.561525
tr001482,2.865317
tr007416,2.438006
tr014125,2.724671
tr003713,2.030018
tr006431,2.612502
tr000004,2.964089
tr010006,2.378176
tr005132,1.605441
tr007723,0.620489
tr011443,1.452132
tr012065,1.814917
tr004019,1.610349
tr001286,0.890618
tr001254,0.766974
tr009250,2.586603
tr010024,2.526838
tr005731,2.326674
tr008340,2.052359
tr006901,2.034221
tr002600,1.410315
tr010472,2.989086
tr005095,2.7537
tr003774,2.251252
tr004925,2.01518
tr011927,1.053489
tr002758,1.768834
tr009875,1.228096
tr007187,1.835619
tr014098,1.358296
tr008319,1.570968
tr001225,1.066017
tr014172,1.270857
tr005539,0.933073
tr013339,0.794665
tr012178,2.00205
tr009383,0.884705
tr001022,2.640887
tr014626,1.683852
tr006273,1.229854
tr008151,2.107576
tr008580,2.034004
tr005444,1.584778
tr014288,0.515316
tr005881,2.191039
tr010485,2.033889
tr004124,2.913827
tr014867,2.781692
tr006459,1.118512
tr010162,2.303446
tr002713,1.818121
tr009289,2.951041
tr010712,2.273607
tr006318,2.32499
tr000404,1.19072
tr004893,2.278316
tr007579,0.583807
tr005446,1.103226
tr014845,1.69903
tr012323,2.418751
tr006503,0.765592
tr008659,1.376471
tr010486,1.056332
tr003460,2.871477
tr005908,2.701716
tr001068,1.461716
tr012862,2.069078
tr007908,0.523449
tr013736,1.934806
tr010986,1.312573
tr004322,1.905157
tr010917,1.303662
tr000655,1.544286
tr010086,2.524118
tr009450,1.725519
tr001408,1.073644
tr011038,1.528891
tr000016,2.679518
tr009135,2.124413
tr013495,0.704283
tr010102,2.112254
tr012612,1.874456
tr003989,1.702311
tr009257,0.984046
tr013484,2.243999
tr006170,2.005863
tr010682,1.196657
tr001064,1.572536
tr014011,1.038893
tr001112,0.66179
tr007709,1.016272
tr009420,1.912627
tr002019,2.989969
tr009506,2.952512
tr014528,2.335961
tr001724,1.224588
tr003103,0.773081
tr001041,0.97715
tr011658,1.300573
tr005896,2.921622
tr007336,2.220487
tr014802,1.670385
tr012762,1.867119
tr014162,2.687928
tr011439,1.585477
tr009870,2.406497
tr013506,2.287867
tr008584,1.746285
tr012823,1.805127
tr000086,1.02453
tr000997,1.608941
tr012739,1.094012
tr014869,2.106167
tr005910,1.784745
tr010347,1.598049
tr001883,2.542878
tr007980,0.603127
tr002545,1.853576
tr008473,0.663347
tr003723,1.985542
tr014756,1.566492
tr007713,1.686123
tr008408,2.340087
tr009334,1.462987
tr001636,2.849321
tr002044,0.819454
tr010389,0.565376
tr005674,2.293435
tr009054,2.605003
tr013455,2.159033
tr002248,2.359457
tr002731,2.034907
tr003488,1.52806
tr006619,1.8286
tr006470,1.581184
tr003400,2.033059
tr008208,0.841181
tr011831,2.951753
tr001256,0.62712
tr005079,0.509851
tr014833,0.772597
tr013964,2.162997
tr000953,1.323786
tr002056,0.516392
tr008875,2.297011
tr001582,0.693637
tr006613,1.736397
tr012394,1.017319
tr010884,1.484193
tr013157,1.600166
tr014032,0.614873
tr010630,1.418492
tr004431,0.856126
tr012906,0.872221
tr001972,0.653914
tr004438,0.802756
tr001606,1.466372
tr000682,2.653734
tr008415,2.332431
tr014027,2.673899
tr008391,0.913406
tr001423,2.759766
tr000780,0.674271
tr013496,0.698804
tr011907,1.550741
tr009744,1.068786
tr013790,2.735884
tr005289,0.534875
tr012400,1.902866
tr002728,2.333374
tr004235,1.457721
tr010673,0.627091
tr004441,0.942308
tr010068,0.591149
tr013962,2.106534
tr004359,2.255976
tr011599,0.66304
tr011926,0.682676
tr009640,1.005205
tr009598,1.132847
tr002016,1.088811
tr003481,1.457675
tr011118,0.798387
tr000282,2.544929
tr014118,2.531403
tr014610,1.328829
tr001640,2.785614
tr010101,1.288504
tr012284,0.589711
tr014243,0.866135
tr008158,2.365463
tr008345,1.291819
tr002782,2.796933
tr000883,0.748653
tr008246,1.172054
tr009389,2.152111
tr006517,2.261907
tr002087,2.592877
tr013016,1.672182
tr007465,0.638775
tr010404,1.074362
tr001848,1.706753
tr007281,2.519051
tr004714,2.629856
tr009856,1.989246
tr003660,1.465569
tr000103,2.092415
tr014383,2.732311
tr013071,1.051091
tr013586,1.997359
tr012344,2.910702
tr014029,1.487396
tr011971,2.421978
tr010317,2.725015
tr010331,1.260287
tr009816,2.766765
tr010651,2.582797
tr006542,1.440692
tr002047,1.662644
tr008527,1.193883
tr011105,0.615116
tr008523,2.16296
tr002642,1.12958
tr014640,1.115225
tr008374,0.513729
tr000258,1.548875
tr007766,0.886902
tr011667,0.990158
tr008946,1.090521
tr001637,2.351983
tr008430,2.776163
tr013019,0.52128
tr010802,0.949975
tr004476,0.99374
tr012234,2.760246
tr004473,1.938533
tr006913,0.995681
tr013620,0.8778
tr004342,0.841526
tr011572,1.972007
tr005826,1.776517
tr006669,1.366076
tr000896,2.011199
tr010665,0.558652
tr013960,0.964752
tr000540,2.673641
tr012541,2.612172
tr005631,2.630448
tr000874,1.891657
tr004119,1.362677
tr000774,1.902239
tr008586,2.107618
tr003263,0.980648
tr007688,2.657415
tr012470,1.654991
tr007698,2.153616
tr011368,1.58942
tr008093,1.090072
tr010323,1.468937
tr006555,0.890447
tr014789,0.542095
tr007741,2.800974
tr009668,2.245076
tr010455,1.507694
tr008947,1.053642
tr000172,1.920023
tr002200,1.046633
tr012816,2.547622
tr007214,1.132419
tr008179,1.21027
tr008874,2.276574
tr001710,2.898228
tr006289,1.585108
tr008278,2.078113
tr008336,2.401578
tr007636,0.592741
tr002818,1.809615
tr003236,2.369968
tr007004,0.926574
tr000926,2.351992
tr006217,1.383734
tr011930,2.761603
tr004656,2.931359
tr010121,2.273612
tr011282,1.64676
tr007267,1.378176
tr001079,1.145081
tr008486,2.399349
tr000489,1.700657
tr002520,2.222036
tr002443,2.333923
tr006215,2.757657
tr003709,0.957775
tr014557,2.525396
tr007668,2.174764
tr012366,2.193462
tr010553,1.864702
tr012272,1.580426
tr009040,0.80689
tr010179,2.539453
tr013099,1.879993
tr001149,1.324505
tr004900,2.216589
tr003587,2.30471
tr002252,2.251327
tr002708,2.862153
tr007488,1.341461
tr005820,0.815518
tr013000,2.220579
tr000067,1.165186
tr002334,2.959562
tr011138,0.723201
tr010697,2.166771
tr014178,2.199937
tr007778,0.948139
tr000523,1.840041
tr007964,2.517127
tr008794,1.381015
tr009945,2.67397
tr000501,2.929438
tr013048,1.574994
tr012946,1.886741
tr006303,2.420932
tr000247,0.842028
tr005939,0.997206
tr010740,2.300265
tr006535,1.531701
tr005801,1.181383
tr006676,1.525423
tr003207,1.762415
tr013808,0.528186
tr007373,2.250231
tr012747,1.175844
tr009865,2.02347
tr009792,1.523734
tr002439,2.298194
tr006188,0.790066
tr002735,1.839385
tr011205,1.285968
tr014064,2.52989
tr011395,2.099119
tr011861,2.278594
tr005220,0.802868
tr002140,2.157683
tr007539,1.556152
tr003182,2.021031
tr008137,1.604377
tr013307,2.205555
tr005249,1.306732
tr003916,2.680704
tr009841,1.926353
tr012036,2.684773
tr004067,2.562941
tr013688,2.906651
tr003808,0.688534
tr005248,2.798879
tr005774,2.934535
tr009074,2.911426
tr011303,0.998293
tr000065,2.438328
tr005489,2.599337
tr006513,1.281594
tr012623,0.600631
tr001786,2.075224
tr013762,0.764405
tr003120,2.859257
tr004429,2.445675
tr008755,2.280609
tr001667,1.150913
tr001241,1.389401
tr003105,1.591919
tr003173,1.43481
tr010968,1.308988
tr000369,2.733408
tr008366,0.9797
tr005911,1.83872
tr010207,1.661071
tr004463,1.785846
tr008912,0.855971
tr009128,0.696946
tr002597,2.326999
tr010264,0.775206
tr013865,0.554733
tr005861,1.695158
tr013714,1.524648
tr000390,1.709568
tr002899,1.236041
tr013150,1.95594
tr013254,0.62972
tr004971,1.597305
tr005494,2.39531
tr012699,1.18571
tr014958,0.920184
tr012812,2.282719
tr003122,2.291392
tr013929,2.736427
tr007109,1.005373
tr014669,2.470576
tr005787,1.817869
tr011789,2.742133
tr009711,1.046422
tr009207,0.514504
tr014133,1.251996
tr007226,1.631999
tr007124,1.783326
tr010360,0.879647
tr008493,1.605249
tr002454,2.212163
tr004272,1.116109
tr004883,1.998601
tr001242,2.75012
tr009752,2.502278
tr010815,1.820385
tr011903,2.135393
tr002487,0.896783
tr009124,0.653025
tr013512,2.748596
tr002396,1.207232
tr008781,0.848563
tr007272,2.12024
tr002111,0.934709
tr002255,2.151138
tr010667,1.04653
tr010875,0.797926
tr013026,1.757462
tr004499,1.468269
tr008722,0.6531
tr010695,1.540201
tr013423,1.895296
tr000517,0.934185
tr010856,2.591144
tr014090,2.191589
tr001473,1.735211
tr002529,1.837195
tr000861,1.581312
tr006526,1.470689
tr005722,1.90266
tr008339,1.00157
tr006108,0.724077
tr012979,2.609532
tr009756,2.618468
tr008016,2.504648
tr013374,1.690054
tr004874,2.478598
tr002777,2.869134
tr011879,2.787382
tr014810,2.218683
tr013390,1.700221
tr013467,2.27932
tr012033,2.475621
tr001184,2.259586
tr006021,2.061497
tr011320,2.375012
tr001337,1.302421
tr013931,0.699876
tr013561,2.786254
tr012665,1.571332
tr001920,0.709045
tr007703,2.758972
tr000415,1.125903
tr006683,1.99248
tr011905,2.738709
tr004097,1.762568
tr005244,1.374096
tr012078,2.547489
tr005313,2.083574
tr013277,2.991715
tr008578,2.700251
tr011975,1.309091
tr003864,0.658793
tr003239,2.346842
tr006974,0.867004
tr005000,2.218997
tr014880,2.840102
tr010247,1.095999
tr001282,2.931507
tr010949,2.968064
tr014762,2.366124
tr001188,2.488129
tr003684,2.367839
tr014342,0.643309
tr003478,1.28293
tr001104,1.395649
tr006103,2.377397
tr010143,1.256941
tr001698,1.429601
tr012216,2.660455
tr003508,1.753193
tr001324,2.649959
tr011894,0.994612
tr009869,2.664577
tr012936,2.508796
tr012281,1.910287
tr010097,2.904223
tr006447,1.759416
tr009647,0.597036
tr002410,1.614064
tr004216,0.583981
tr012941,1.331559
tr011581,0.657128
tr014150,1.710987
tr005859,0.864786
tr012891,2.047142
tr005965,2.914595
tr011018,2.067514
tr011998,0.934055
tr000024,1.712841
tr004468,2.956939
tr009247,1.782525
tr004492,1.246286
tr004366,1.890273
tr012671,2.304335
tr007745,2.979492
tr000705,0.694665
tr012756,2.615288
tr008066,1.90846
tr012635,1.980915
tr002484,2.131992
tr007180,2.354711
tr002055,2.074274
tr008520,0.930826
tr005956,2.242561
tr002038,1.121091
tr008165,1.006283
tr008084,2.471903
tr003898,1.241619
tr001666,2.210115
tr013690,2.241911
tr014992,0.986581
tr013824,1.666699
tr010208,1.265088
tr013177,2.354737
tr011555,1.263189
tr008562,1.707394
tr002103,0.85998
tr014902,0.629059
tr011465,1.340161
tr010602,1.775694
tr005946,1.282034
tr013855,2.968517
tr004072,1.982792
tr004866,1.558559
tr013096,1.352613
tr005680,1.131412
tr003388,1.538959
tr011088,0.967436
tr000994,2.071246
tr014910,2.02169
tr002395,2.220641
tr006868,2.286926
tr005403,0.939107
tr000964,1.843234
tr004177,0.63308
tr011892,1.944057
tr008577,0.991277
tr008204,0.607045
tr007136,1.629605
tr007739,1.750472
tr010628,2.943416
tr010041,0.664212
tr012146,2.914122
tr002014,2.011513
tr012255,1.468913
tr006271,1.824602
tr004670,2.582204
tr013527,2.590286
tr012317,1.202742
tr001264,2.200235
tr000593,2.518031
tr001275,2.563412
tr012557,1.573228
tr006655,1.569919
tr007926,1.868149
tr013649,1.470114
tr004858,2.714804
tr001118,1.879154
tr002874,2.276896
tr013424,1.297676
tr003613,0.540883
tr002774,1.318104
tr014201,0.782855
tr014364,1.113344
tr002960,2.964311
tr002515,2.830316
tr011495,1.247391
tr011246,1.922588
tr012279,1.870126
tr000460,2.247569
tr005211,1.113241
tr005263,2.839224
tr010495,2.282363
tr008120,1.934902
tr013349,2.484236
tr013846,2.530023
tr002809,2.429712
tr000447,2.764638
tr008115,2.197679
tr004685,1.433478
tr011706,2.561836
tr008152,1.156915
tr008996,1.078518
tr007509,2.015685
tr014643,2.48394
tr011650,1.751494
tr011950,1.003469
tr011973,0.904695
tr004582,0.662443
tr003050,2.004114
tr006625,1.976217
tr007967,1.007636
tr013679,1.420126
tr014018,2.670077
tr000743,2.929277
tr002927,0.98083
tr013744,1.590842
tr012163,1.626037
tr001892,0.610759
tr010365,1.037211
tr005931,0.794146
tr007725,2.177043
tr013014,2.118843
tr004298,2.044238
tr008149,1.10347
tr006967,2.948269
tr008902,1.428911
tr003174,1.605047
tr014991,1.674898
tr000155,1.663692
tr000191,1.406725
tr014266,2.724991
tr007751,0.651924
tr007212,1.615625
tr004017,2.243609
tr005823,2.724248
tr009987,0.995676
tr009681,1.616267
tr009629,0.670638
tr001176,1.227698
tr007947,0.86367
tr012989,2.834573
tr003477,1.090438
tr001589,1.76881
tr001422,2.310008
tr001370,2.763253
tr006986,2.387438
tr003193,0.593638
tr003442,1.452243
tr001726,0.807683
tr003904,2.039054
tr003309,0.687215
tr008343,2.434729
tr010066,1.431907
tr007841,1.580984
tr011314,2.723874
tr004189,1.890222
tr010729,2.05846
tr012537,2.953403
tr004517,1.923465
tr010242,2.675139
tr011226,0.576778
tr005899,0.607192
tr003531,2.969156
tr000255,0.651715
tr003209,2.156226
tr003849,2.965175
tr004682,1.322002
tr011070,2.873827
tr003570,2.558133
tr014684,1.215375
tr003145,2.447198
tr001849,2.165924
tr011923,2.506324
tr007540,2.675027
tr006192,0.731138
tr005377,0.622342
tr011640,2.25692
tr005382,2.718156
tr001707,2.872355
tr006494,0.972863
tr012726,2.362827
tr002676,0.62175
tr012684,1.364233
tr014813,2.576585
tr012681,0.725204
tr007411,1.159985
tr003124,2.543202
tr014793,1.561221
tr002497,1.756334
tr008192,2.90963
tr010799,2.396156
tr005175,1.020277
tr005907,1.838706
tr000116,1.569337
tr006068,2.477874
tr013681,0.616059
tr000610,2.970371
tr001095,1.554225
tr000693,1.586669
tr001321,1.288473
tr010091,1.795311
tr009862,2.725917
tr007999,2.297335
tr000849,1.417405
tr009839,2.492294
tr014483,2.451747
tr013735,1.182408
tr007638,0.763752
tr007606,1.917311
tr002407,2.161158
tr014112,0.823782
tr013799,0.892701
tr014369,1.112435
tr000855,1.815053
tr013990,1.674909
tr001274,2.479586
tr005300,2.962457
tr012616,1.102653
tr004944,1.698902
tr006164,1.883121
tr011293,2.019011
tr013631,2.666584
tr007965,2.01598
tr009675,2.527688
tr014307,0.690123
tr012482,1.619974
tr008254,2.396943
tr014766,1.739386
tr008636,2.629057
tr000721,2.048721
tr009465,2.175524
tr002336,2.484055
tr006744,0.519666
tr008248,1.702009
tr000856,1.327421
tr003299,1.700183
tr012194,2.30066
tr012998,2.682828
tr005957,0.598752
tr008969,0.609628
tr000403,1.664696
tr007514,1.609323
tr001211,1.222728
tr011914,2.691309
tr005307,1.310992
tr012934,0.80376
tr010393,0.594659
tr000951,1.082085
tr011780,2.468199
tr002987,0.564754
tr014329,1.820214
tr014660,0.585767
tr008076,2.103395
tr000724,2.201324
tr011891,2.673769
tr013011,0.624023
tr010468,2.109126
tr005559,1.472787
tr012884,2.787265
tr011536,0.745879
tr000181,2.767202
tr013710,2.537648
tr013435,2.953296
tr011061,2.096443
tr002772,1.581041
tr003157,2.749069
tr006327,0.72734
tr013701,1.536281
tr013067,2.781705
tr014543,2.830448
tr002687,1.456217
tr003229,1.584783
tr003879,2.503674
tr002331,1.896414
tr011494,2.175134
tr002329,0.59828
tr012493,2.87292
tr008909,2.367822
tr007859,1.711342
tr014857,2.111728
tr000462,1.638024
tr010887,2.449999
tr008806,1.744803
tr004477,2.3603
tr006522,2.277549
tr008956,2.903719
tr013367,1.009021
tr011431,1.843811
tr006072,1.760624
tr007114,1.928726
tr004426,2.839208
tr002363,2.92608
tr005767,0.766629
tr011046,1.263827
tr004548,1.119652
tr008623,1.897861
tr003900,2.123129
tr000528,2.395923
tr014254,2.224124
tr010787,2.898458
tr011670,2.072732
tr002421,1.855444
tr002951,2.410903
tr011239,2.718764
tr006305,2.602261
tr011129,2.854653
tr013166,1.528141
tr007681,1.20307
tr014665,1.742416
tr010123,1.045836
tr009218,0.657408
tr002857,2.764177
tr002271,0.646628
tr014778,2.777118
tr006900,1.495286
tr007655,1.223682
tr007943,2.823301
tr010328,0.980133
tr006751,1.713628
tr001475,1.587841
tr000762,2.883633
tr014077,0.855164
tr008356,1.243831
tr001591,2.643387
tr001192,2.808428
tr003102,1.210392
tr001246,2.667516
tr003877,0.845543
tr004677,2.841496
tr003005,2.36785
tr003469,1.501493
tr003783,1.575462
tr002786,2.115421
tr014258,0.812932
tr006772,0.968703
tr004041,0.626551
tr006585,0.548979
tr006856,0.701021
tr007866,1.715074
tr013538,1.108028
tr013857,2.629416
tr002503,2.581974
tr008628,1.90856
tr001185,2.246816
tr003311,1.708405
tr003136,2.678169
tr003960,2.331453
tr005265,1.704286
tr003244,0.593857
tr012415,0.517744
tr012566,2.398852
tr010236,2.13623
tr000413,1.515333
tr002533,1.910282
tr012592,0.626707
tr009031,1.351448
tr003858,2.671273
tr000013,1.888635
tr005291,2.22315
tr001855,1.815421
tr010528,2.379592
tr003061,2.550092
tr011845,0.547936
tr003567,2.123879
tr003411,1.235196
tr014382,0.683742
tr001026,1.372983
tr008068,2.590623
tr013805,0.85832
tr009944,0.736446
tr012024,2.061368
tr013289,2.426737
tr007453,1.139531
tr004654,0.90754
tr001141,2.235421
tr001662,2.941944
tr003062,0.626329
tr007385,1.215569
tr000046,2.662769
tr008286,2.974635
tr002340,2.515106
tr004983,1.147206
tr004663,2.306844
tr004863,0.908716
tr006284,1.809143
tr007217,1.214076
tr003429,0.806898
tr001894,0.530507
tr000622,1.854642
tr000663,1.126457
tr008212,2.894884
tr004201,2.309454
tr008104,2.557051
tr002355,1.065436
tr001464,1.212394
tr007234,1.622351
tr009001,2.905328
tr004594,2.257514
tr010269,0.746497
tr004025,1.06595
tr002964,0.930215
tr009202,1.472466
tr008570,1.352182
tr012407,1.712875
tr006464,2.305528
tr010219,0.530825
tr004332,1.383562
tr011844,2.629028
tr011498,2.110776
tr008056,2.806926
tr002681,2.284128
tr014815,2.436699
tr001895,1.319087
tr003064,2.187754
tr001572,2.317641
tr013414,1.180826
tr004500,2.399868
tr013226,0.984545
tr006546,0.727645
tr007934,1.294554
tr001019,0.965779
tr006201,2.822976
tr011291,0.858448
tr010645,2.946944
tr000527,2.849587
tr010869,2.720479
tr004145,2.95628
tr008862,2.413197
tr014572,2.945129
tr011451,1.525401
tr007097,1.457196
tr000497,1.533153
tr012680,0.887362
tr003184,0.979971
tr007508,1.229272
tr005546,0.826149
tr006363,1.407936
tr011633,1.498574
tr003067,2.055933
tr003833,2.097264
tr007393,0.540254
tr009050,1.916019
tr013222,1.519099
tr013671,2.089152
tr000394,1.352698
tr003106,2.584789
tr004550,2.354962
tr010349,0.590202
tr001461,1.632146
tr014319,2.061341
tr006130,2.691122
tr007309,2.027328
tr013162,1.1206
tr012488,1.765602
tr001153,1.466216
tr013494,0.619636
tr004958,2.089696
tr000570,2.061985
tr007164,1.344402
tr001435,0.872403
tr003306,1.489416
tr002276,2.585512
tr011410,1.148075
tr011257,1.038376
tr002634,0.964816
tr004207,1.46124
tr011184,1.215737
tr008859,2.488349
tr000813,2.446183
tr014882,0.853498
tr009208,1.197318
tr014030,2.039258
tr007261,1.36003
tr003958,2.963112
tr009867,0.965459
tr009674,0.508514
tr014592,2.481298
tr006370,2.580164
tr012700,1.643394
tr008692,2.425894
tr013983,2.623209
tr006822,1.553825
tr006843,1.008326
tr012417,2.536347
tr010710,1.598225
tr010566,1.962541
tr006345,2.583528
tr004913,0.757457
tr004930,1.57157
tr006078,0.813369
tr004924,2.861695
tr011360,1.873117
tr012933,1.011151
tr004115,0.594735
tr004296,2.109604
tr011762,2.633262
tr002966,1.728806
tr008694,1.141665
tr000748,1.785975
tr012686,1.965576
tr013892,1.377304
tr014376,2.084762
tr000550,1.051129
tr014699,2.056744
tr010452,2.816011
tr000454,0.942885
tr004237,2.573195
tr011033,1.408891
tr000635,1.478798
tr009753,1.765188
tr008795,2.143396
tr012204,2.566291
tr000572,2.13008
tr013783,2.247721
tr008334,1.301914
tr001939,1.784202
tr000730,1.782543
tr014889,2.81463
tr014556,0.5734
tr011233,2.949047
tr005944,2.935018
tr009971,0.964944
tr014769,1.659579
tr014009,2.111598
tr009738,2.507855
tr014566,2.143396
tr003004,1.820444
tr007923,1.186231
tr010224,2.398859
tr009623,2.345104
tr001152,0.620599
tr001801,2.536127
tr009080,2.739233
tr002956,1.071125
tr010157,2.68848
tr011480,2.140416
tr005303,0.892458
tr003125,0.713389
tr003246,0.748125
tr006466,0.715338
tr012293,1.496583
tr010976,0.507518
tr010708,2.10916
tr014781,0.9252
tr003010,2.374862
tr011755,2.858287
tr013502,2.384367
tr011960,2.79168
tr010959,2.993702
tr003806,1.489361
tr009021,2.485514
tr009314,0.534231
tr010280,0.61175
tr011986,1.576539
tr003798,2.260256
tr008247,2.982951
tr005825,2.850522
tr009474,1.194031
tr000094,2.54316
tr005933,1.30931
tr001131,2.246366
tr011636,2.906222
tr001918,1.553275
tr012822,1.166104
tr008183,1.878819
tr014852,0.576317
tr014442,2.590248
tr001491,0.733008
tr014239,2.355479
tr007032,1.318079
tr003054,2.539026
tr006462,1.977165
tr005746,2.504077
tr014786,2.696591
tr001949,2.514061
tr009417,0.507772
tr013850,2.615781
tr003317,1.157313
tr006633,0.685293
tr006637,1.906962
tr004830,2.106549
tr012468,0.666435
tr003015,0.748927
tr006787,0.676672
tr002225,1.237657
tr005581,2.193661
tr008900,0.558102
tr001036,0.537251
tr010067,1.571956
tr012719,1.634489
tr009241,1.801668
tr012221,1.413294
tr004218,1.522915
tr010973,2.568177
tr011736,1.934797
tr006264,2.469132
tr006830,0.67536
tr009426,2.126507
tr014706,1.202121
tr010061,2.798868
tr003530,1.813614
tr014468,2.397829
tr014758,0.528676
tr011620,0.784585
tr005176,0.641187
tr008903,0.576837
tr009402,0.607334
tr013907,2.650558
tr012042,0.858594
tr001272,1.899291
tr004071,2.884498
tr014571,2.207984
tr002161,0.584432
tr001373,1.156306
tr002029,1.07278
tr006381,1.790229
tr003617,0.848852
tr004143,1.390062
tr007996,1.946908
tr014747,1.076462
tr008299,2.999877
tr013797,1.122607
tr013773,2.465054
tr009327,1.268701
tr012817,1.624212
tr011571,2.470655
tr013394,2.667165
tr009893,2.387489
tr013273,0.752214
tr000338,2.869956
tr002133,1.359201
tr003271,1.160611
tr002418,1.323407
tr012911,0.739919
tr004570,2.838055
tr003406,1.776969
tr003413,2.452862
tr012087,1.944672
tr002207,1.947039
tr004907,0.518262
tr001265,1.502972
tr008499,2.093098
tr010622,2.182367
tr012535,1.005056
tr002795,0.761993
tr005280,0.902134
tr012460,2.481364
tr001938,0.552307
tr011790,1.053246
tr001501,0.6379
tr008842,2.902633
tr008485,0.959508
tr012251,2.331247
tr013340,2.053624
tr014004,2.627616
tr008175,2.293542
tr000141,2.81513
tr010231,2.211402
tr012607,2.747657
tr002685,0.605319
tr000079,0.799288
tr006891,1.100896
tr003390,2.29005
tr012837,1.896157
tr003541,2.694789
tr004867,0.792306
tr010718,2.179393
tr007587,2.580874
tr008541,0.59595
tr007184,2.276637
tr006229,2.099641
tr009299,0.932309
tr012640,2.26064
tr013533,2.43397
tr007643,2.070899
tr012081,2.197544
tr007231,0.914144
tr010961,1.358718
tr004649,2.013467
tr002759,2.110813
tr004199,2.734804
tr005905,0.961338
tr009725,1.241202
tr010761,2.872714
tr006846,2.96136
tr010901,2.107033
tr009443,2.558931
tr003292,2.72877
tr013141,1.561518
tr010920,2.318084
tr001557,1.991576
tr005724,2.704444
tr009509,2.491103
tr006831,1.948604
tr002028,2.704357
tr003150,1.276857
tr007273,1.272634
tr001407,2.444616
tr002069,1.950583
tr012301,2.862073
tr002699,1.631371
tr012484,1.167056
tr004368,1.037953
tr007475,2.526271
tr000915,2.487577
tr001699,2.116038
tr006057,2.062712
tr006107,2.585662
tr011784,2.471472
tr000872,1.44978
tr012976,1.230344
tr003052,2.517931
tr008756,0.872483
tr014355,1.285141
tr009049,1.336211
tr002660,2.916413
tr001609,0.752574
tr013581,1.465225
tr002745,2.511368
tr000885,1.928885
tr013415,2.296068
tr011819,2.298195
tr002170,1.14672
tr001552,2.757362
tr011141,2.948962
tr013372,1.783064
tr002683,2.782224
tr000190,1.618626
tr005796,1.2059
tr002138,0.969801
tr013697,2.274357
tr000809,1.383302
tr003016,1.482149
tr004527,0.934066
tr001136,1.867687
tr000179,1.881832
tr001099,2.987659
tr002895,2.745262
tr007684,2.483628
tr014931,0.91125
tr014824,1.546819
tr011225,2.931222
tr014234,0.876593
tr011983,1.374973
tr012846,2.309374
tr003129,2.518642
tr011586,2.747679
tr000757,1.176528
tr012932,2.763553
tr013348,1.508102
tr007195,2.732887
tr000979,2.206952
tr006628,2.776557
tr002551,2.863437
tr006385,2.800525
tr004317,1.745361
tr008023,1.043832
tr001899,1.747879
tr002554,2.41115
tr013197,1.663334
tr009079,2.204491
tr005399,0.835845
tr008585,2.698136
tr001103,2.128206
tr004610,2.708873
tr014603,2.970632
tr009183,2.567994
tr010258,1.892626
tr006563,0.504596
tr009348,2.523821
tr013880,2.023658
tr002906,1.987694
tr003287,0.642139
tr013643,2.827133
tr008167,2.416263
tr003247,1.140547
tr012459,0.855369
tr004430,0.642505
tr004638,0.761128
tr005526,1.499331
tr000430,2.572852
tr005167,1.821127
tr013126,2.789452
tr007303,2.852658
tr011325,0.664921
tr011750,1.172952
tr009808,1.868706
tr008035,1.214268
tr010063,1.839427
tr005454,1.74894
tr013687,1.432858
tr010555,2.546681
tr012958,1.774504
tr011752,1.63556
tr001615,0.78538
tr002347,2.753916
tr005897,2.515695
tr011350,2.412518
tr007000,0.629775
tr011211,1.326186
tr007922,2.22956
tr008867,1.982919
tr005115,2.046702
tr001907,1.691697
tr014389,0.526555
tr007552,1.674317
tr004671,1.535401
tr003435,1.655334
tr010698,2.858691
tr003222,0.537002
tr001043,2.174065
tr011518,1.533887
tr003682,0.703774
tr005388,2.513274
tr014600,0.771794
tr000158,2.510891
tr002490,2.786532
tr000702,1.766536
tr001929,2.240804
tr014618,2.328462
tr008267,0.547051
tr006589,2.091844
tr011979,2.178959
tr014546,1.119029
tr005193,0.962749
tr001489,2.702483
tr007396,1.00682
tr014019,1.154536
tr010596,1.516648
tr004972,0.877205
tr006712,1.802602
tr014677,2.451144
tr006722,0.639514
tr006797,2.341872
tr011990,2.125767
tr013280,2.477044
tr004904,1.568772
tr013341,1.052641
tr014003,2.33724
tr004131,1.316193
tr002208,0.850947
tr007024,0.645351
tr013807,2.985009
tr005664,1.969831
tr010037,2.662071
tr001837,1.140865
tr005841,1.050553
tr000996,2.919365
tr014159,2.994468
tr013924,2.302931
tr008877,2.704356
tr013309,2.147408
tr000614,2.598461
tr005595,2.555819
tr014078,0.612672
tr003803,1.064973
tr012101,2.909791
tr014935,2.957019
tr007335,2.906637
tr000137,1.49264
tr010769,2.530097
tr010854,2.434928
tr014416,1.011788
tr006603,1.288474
tr010479,2.397591
tr010458,1.147565
tr010263,2.773657
tr008219,2.006031
tr000545,0.511698
tr004435,1.689173
tr008662,2.815295
tr013129,0.75188
tr011771,2.889221
tr001860,2.730239
tr013422,1.150998
tr011114,2.02458
tr012890,1.287734
tr006052,2.397685
tr000250,1.23236
tr008257,1.892154
tr007196,0.88421
tr011335,2.125975
tr002628,1.347315
tr003354,1.764559
tr007502,2.947815
tr014943,1.876919
tr014500,2.976096
tr006212,2.122895
tr011559,1.749056
tr002186,0.544434
tr001887,1.0651
tr004735,2.703698
tr007346,1.869195
tr005578,2.584027
tr008121,2.400625
tr006758,1.518118
tr009164,1.941682
tr009702,1.548633
tr010149,1.145062
tr014438,0.621355
tr012476,0.645385
tr011169,2.841074
tr004092,2.221096
tr004388,1.686213
tr009051,1.158493
tr001988,1.79919
tr012510,1.823291
tr007956,2.725843
tr010469,2.311011
tr014967,2.594466
tr009663,2.417758
tr003736,1.306776
tr014152,2.923737
tr011245,2.91266
tr011958,0.982503
tr007595,0.841265
tr013413,0.799894
tr011405,1.384568
tr010034,2.323702
tr000248,2.095508
tr007317,1.781115
tr013569,2.287143
tr000312,2.118195
tr014670,2.301474
tr000261,1.014847
tr002475,2.282243
tr001536,0.965984
tr010554,1.374424
tr014111,0.786405
tr012975,2.282722
tr005052,1.160582
tr006500,0.956531
tr013427,0.999659
tr007409,2.970047
tr001704,2.572007
tr007148,0.611802
tr002366,2.484008
tr002457,2.601319
tr003126,1.159371
tr000675,2.134576
tr005994,0.858343
tr004075,2.868629
tr007566,1.865945
tr014242,2.572062
tr013201,1.532004
tr006916,1.156546
tr013024,1.535156
tr006330,0.990827
tr001534,2.304653
tr002829,2.245237
tr008647,2.966401
tr009678,0.56625
tr013753,1.356387
tr001964,1.302339
tr000284,2.597085
tr005628,2.518849
tr005534,0.568184
tr001011,1.43925
tr001045,2.906446
tr004745,1.416256
tr012228,0.889516
tr010926,2.338456
tr011213,1.041259
tr003568,0.903333
tr008729,2.759829
tr003585,2.33191
tr001713,2.629155
tr012362,0.939675
tr014409,1.790908
tr010381,2.031105
tr001033,0.686838
tr000574,0.516881
tr011913,0.956591
tr000922,1.31572
tr001048,0.594914
tr009982,2.335147
tr006106,1.774153
tr002771,1.78638
tr013363,1.291725
tr014584,1.390173
tr003669,2.347192
tr008631,1.533005
tr004451,1.370201
tr008564,2.731594
tr008385,0.567839
tr014621,1.403096
tr000444,1.409445
tr013718,1.519949
tr006174,2.123044
tr008835,1.19308
tr004545,2.353001
tr014788,0.851194
tr000711,1.854708
tr010559,0.541313
tr008892,1.553124
tr004445,2.762471
tr003422,1.052935
tr000366,2.893925
tr013993,2.823887
tr006915,1.743876
tr011876,1.904388
tr014474,2.903189
tr010784,2.332393
tr011218,2.187139
tr006114,2.225976
tr013709,1.457298
tr012658,1.795102
tr008474,1.031246
tr009975,0.977388
tr006911,1.469414
tr010248,2.715023
tr010108,1.32841
tr014110,2.876731
tr002727,2.655644
tr013379,0.832503
tr013034,1.689079
tr004785,1.830599
tr011034,2.594422
tr014447,2.371654
tr011371,2.482977
tr001432,2.925208
tr005969,1.072644
tr002748,2.572734
tr010243,2.756191
tr007131,2.10409
tr001914,2.506837
tr007890,1.28353
tr011738,0.539034
tr004546,1.634015
tr006639,2.982072
tr013825,1.933003
tr006049,0.720859
tr005310,0.7639
tr002864,1.508479
tr004099,1.007799
tr006193,1.57035
tr014675,1.031547
tr006897,1.516385
tr009766,0.699782
tr004832,2.535421
tr006175,2.821072
tr009421,0.621354
tr007419,0.810889
tr004806,2.749267
tr000993,2.234502
tr003657,0.926986
tr009171,0.555246
tr000710,2.608104
tr002089,0.698174
tr003548,2.462403
tr001359,2.067266
tr006334,2.034381
tr010642,2.950056
tr008844,1.697489
tr008136,1.090253
tr005966,2.101355
tr005003,0.699141
tr012374,2.864042
tr010217,1.794145
tr009648,2.8181
tr014934,2.088567
tr004293,1.043505
tr001255,0.776076
tr004658,1.904307
tr005443,2.490442
tr005030,1.414315
tr007978,2.537037
tr012378,0.533851
tr000100,1.630999
tr011413,0.620341
tr002008,1.924472
tr007969,1.005911
tr003781,1.634956
tr002962,0.816221
tr010466,1.581323
tr006823,0.504976
tr008470,1.084256
tr004835,1.759003
tr011967,1.959245
tr007542,1.188825
tr002369,1.808815
tr007984,1.632782
tr000192,0.903929
tr000164,0.939076
tr000908,2.254418
tr009339,2.905613
tr013262,2.939308
tr001410,2.830313
tr000208,1.579011
tr011618,1.225578
tr003290,2.64056
tr014983,0.764948
tr011496,2.60822
tr011343,2.187761
tr012558,1.346418
tr010747,1.09321
tr000062,1.200123
tr006753,2.73338
tr011580,0.52378
tr013986,1.911423
tr004723,1.984716
tr000445,2.086126
tr005406,0.592058
tr012332,2.025254
tr002993,2.380612
tr005210,2.473609
tr003314,2.787734
tr001360,2.34978
tr002538,0.772047
tr008392,1.592508
tr011508,2.751982
tr005759,2.533923
tr006550,1.40324
tr004849,2.792511
tr013161,2.517
tr003703,1.54766
tr003296,1.095417
tr010085,2.855605
tr010979,2.2082
tr005440,2.950095
tr004946,2.541161
tr009374,1.600877
tr002718,0.621748
tr009131,1.153915
tr010112,1.115748
tr012696,1.205706
tr009530,1.241842
tr000233,1.322107
tr011512,2.766424
tr007675,1.294482
tr006367,2.891676
tr005609,2.459894
tr000504,1.625039
tr008860,2.838475
tr004875,0.696299
tr008548,0.863033
tr012833,2.832169
tr014795,1.086612
tr002045,0.995696
tr013045,0.89143
tr005112,1.287136
tr009740,2.287597
tr000914,2.334774
tr004387,0.659438
tr014228,0.720226
tr010866,2.858898
tr002054,2.237158
tr003601,0.984553
tr009558,2.492417
tr010376,1.676966
tr014207,2.551206
tr005476,2.703287
tr011146,2.782526
tr007717,0.675313
tr009698,1.105226
tr002532,2.131242
tr002588,1.525274
tr001481,1.403712
tr013181,2.532219
tr007870,2.701602
tr004776,1.955729
tr009452,0.831463
tr003844,2.37612
tr003497,2.873464
tr014534,2.53182
tr008377,2.796946
tr009264,2.077716
tr006312,1.501944
tr001399,1.137978
tr004390,1.714663
tr010572,1.020979
tr007805,1.901675
tr000467,2.876891
tr011678,1.284163
tr008645,0.644707
tr011362,2.22158
tr000648,0.554357
tr011704,2.440934
tr009633,2.773359
tr013352,0.745992
tr010852,2.482412
tr002852,1.634201
tr003492,1.279589
tr002077,1.430141
tr011230,0.925284
tr000063,2.378715
tr007674,2.266954
tr006254,1.655063
tr014656,2.98178
tr003289,0.869822
tr002461,2.617057
tr008831,2.600979
tr004592,0.784957
tr009645,2.171457
tr007061,2.408889
tr001087,1.196751
tr006196,2.851145
tr009871,1.659608
tr010960,1.14746
tr005756,2.1309
tr001594,1.695843
tr013751,0.754213
tr005103,2.853483
tr013257,1.344117
tr002701,1.182026
tr010012,1.564419
tr012127,1.331015
tr001834,2.734747
tr003387,0.951555
tr012690,2.827343
tr010007,0.990391
tr007162,1.278931
tr006531,2.129074
tr009775,2.772617
tr006858,2.635903
tr013256,2.467393
tr013660,1.600101
tr013012,2.097234
tr013236,1.169574
tr005892,1.422336
tr000890,2.574448
tr010974,2.383421
tr005975,1.287815
tr011734,2.861338
tr006670,1.126744
tr012230,2.491675
tr000840,1.164797
tr004730,2.141697
tr001980,0.697144
tr009184,0.993876
tr000380,2.441718
tr002983,2.459693
tr002438,1.408879
tr013054,1.328101
tr014481,0.744745
tr000440,1.108428
tr003919,0.950062
tr006047,1.690794
tr003623,0.68015
tr003747,1.746992
tr005146,1.455947
tr013612,0.559273
tr003452,0.948085
tr003969,2.397497
tr000355,2.25592
tr009166,2.924486
tr001561,0.938274
tr003558,2.593102
tr013898,0.701378
tr011874,1.671717
tr000204,2.058958
tr007207,1.390232
tr012781,1.756997
tr001154,1.605173
tr008514,0.855264
tr009380,1.503759
tr001163,0.935097
tr013083,0.707842
tr004398,2.597114
tr002695,1.074367
tr000070,2.603568
tr003014,1.107856
tr006828,1.690582
tr008012,2.151648
tr011275,0.737615
tr005570,2.886142
tr009549,2.629101
tr013650,2.345574
tr011515,1.564138
tr008265,2.988922
tr014375,1.775952
tr011925,1.47564
tr005760,1.258652
tr001032,0.552657
tr003584,2.094285
tr012579,1.498166
tr001888,1.316902
tr008166,1.016524
tr009390,0.707125
tr003908,2.216529
tr006251,2.793259
tr006249,2.905571
tr012239,2.636712
tr006490,2.135214
tr006339,1.988055
tr010447,1.219561
tr012147,1.618217
tr008287,1.204216
tr008238,2.864766
tr012172,0.806522
tr012509,2.656517
tr002847,1.977777
tr005687,2.765635
tr000962,0.522266
tr002617,1.399774
tr006346,1.792801
tr000349,0.872841
tr012227,2.201981
tr011022,2.554562
tr007872,1.511209
tr006518,2.879213
tr003991,2.277143
tr001280,0.938402
tr013190,2.958271
tr008642,1.418126
tr014279,0.53509
tr012523,0.965477
tr004448,2.821552
tr007314,1.954128
tr005023,1.940591
tr006181,1.991515
tr005466,2.639369
tr004928,1.927683
tr009557,1.18383
tr002357,1.794801
tr013366,2.23959
tr007470,2.272073
tr008139,1.176629
tr013606,0.93403
tr003516,1.25673
tr004117,1.533203
tr007538,1.389137
tr011287,2.959026
tr002223,2.790865
tr014496,1.098468
tr002757,2.075782
tr012569,1.381789
tr004576,2.821053
tr000357,2.666673
tr013719,0.828664
tr012288,1.024165
tr000288,1.958344
tr014440,2.387677
tr013835,1.607773
tr012950,2.258683
tr008015,1.826298
tr006976,0.829227
tr004803,2.033548
tr006324,0.919501
tr013564,0.903323
tr014839,1.688658
tr007785,1.365112
tr010574,1.095874
tr007832,0.732785
tr005547,1.929401
tr004129,0.518974
tr011336,2.971275
tr014282,2.219565
tr003335,2.022481
tr009090,2.238952
tr002462,1.935006
tr008833,2.042783
tr010459,2.161366
tr001893,2.891242
tr004963,2.682688
tr005279,1.504029
tr011196,0.655998
tr004374,2.154879
tr001779,2.217069
tr014733,1.620197
tr002981,1.622091
tr006003,1.905619
tr006489,0.588917
tr008477,1.280189
tr009330,0.86371
tr012184,2.414255
tr002562,1.592776
tr010601,1.412856
tr002025,0.554278
tr006926,1.667596
tr004511,0.756096
tr013320,2.726037
tr005927,2.053683
tr001114,1.926538
tr003170,1.04399
tr011509,1.271745
tr006084,2.22577
tr011957,0.781264
tr007602,2.421663
tr003607,1.213922
tr014777,1.437848
tr007726,1.859499
tr014785,1.739379
tr002447,0.62195
tr010177,1.149061
tr002382,2.724654
tr014161,1.625896
tr010858,1.900092
tr001017,2.562332
tr001971,2.066466
tr014527,2.924264
tr010254,1.848851
tr006864,2.029118
tr008684,1.394168
tr012177,2.5891
tr007075,2.11823
tr002889,0.658216
tr013974,1.911304
tr010392,2.800205
tr005900,2.942702
tr012464,1.944032
tr005984,2.500803
tr004542,2.849005
tr003304,2.583952
tr004260,2.160383
tr004423,0.878183
tr008565,2.15465
tr006702,1.30207
tr008664,1.783554
tr010996,2.822671
tr002932,2.028877
tr012931,1.903213
tr005195,1.654321
tr002073,0.601843
tr005390,2.278108
tr001411,2.512774
tr003491,2.70546
tr006171,2.930573
tr010080,1.029225
tr012130,0.688966
tr010013,2.874965
tr007033,0.965009
tr003323,1.400844
tr012745,1.422214
tr005077,2.41945
tr009404,1.23774
tr007861,1.865074
tr011145,1.091145
tr012798,2.906461
tr008518,0.613537
tr005048,2.381941
tr010256,2.601942
tr000541,1.856644
tr007998,1.925915
tr001839,2.318477
tr008464,1.436574
tr013419,1.749384
tr007657,2.080962
tr002796,1.700485
tr013474,0.922755
tr006371,0.626336
tr001554,2.547266
tr012104,0.804282
tr014692,1.671813
tr013297,2.494108
tr008720,2.30583
tr004938,2.95212
tr001919,1.392773
tr008651,0.515353
tr003373,1.154395
tr011398,1.871444
tr002710,1.42609
tr010862,2.274349
tr007562,0.576681
tr006715,1.246922
tr003019,0.721909
tr006804,0.957572
tr009691,2.682375
tr011050,0.855875
tr009680,1.888649
tr003288,2.074605
tr000615,0.869182
tr002408,2.441875
tr010845,2.859141
tr011546,1.75933
tr009278,1.863107
tr014395,1.650743
tr011501,0.648982
tr004852,2.72304
tr004980,2.061767
tr004050,0.94753
tr014309,0.507436
tr006664,2.309717
tr008600,2.718919
tr007640,2.792662
tr012867,2.829784
tr004680,0.591408
tr005962,0.604939
tr008626,0.641095
tr007740,2.147518
tr002102,0.815396
tr004164,1.825354
tr003702,0.540761
tr007167,1.801688
tr006493,1.430519
tr008632,2.327083
tr013258,1.282741
tr000718,1.912311
tr000616,1.662584
tr000281,2.563575
tr010833,1.707868
tr000458,1.892378
tr007682,2.873547
tr008390,1.476196
tr003542,2.691299
tr000677,2.260629
tr002091,1.916812
tr010172,1.405147
tr014405,2.581336
tr010564,0.968832
tr014381,2.738261
tr005709,1.009927
tr000717,2.393881
tr004187,2.582414
tr009820,1.147325
tr008036,0.624151
tr008828,2.530031
tr005324,0.543675
tr010563,1.703723
tr007883,1.110609
tr002337,0.541881
tr002978,1.027102
tr007119,2.266831
tr007141,0.544369
tr008760,1.895831
tr006326,0.890007
tr012131,2.059515
tr002192,2.198753
tr001412,2.149134
tr012155,1.480595
tr006885,2.078573
tr012892,2.800499
tr008574,1.955311
tr005532,0.816051
tr014811,1.237728
tr012723,0.75149
tr008883,0.612787
tr004981,2.423529
tr003202,1.491391
tr003572,2.291146
tr008707,2.224905
tr006600,0.598452
tr006154,1.267507
tr008622,1.522692
tr012456,2.344441
tr008314,1.566121
tr006377,1.25613
tr001736,2.703981
tr013560,1.587279
tr006354,2.87796
tr008691,1.986323
tr008575,1.629773
tr003692,1.929389
tr000532,2.296271
tr000271,0.731578
tr008821,1.505914
tr012395,1.62246
tr005540,2.781544
tr001613,1.296366
tr003914,2.624959
tr014079,1.730052
tr006832,1.122916
tr008546,1.471118
tr008412,1.311696
tr009394,0.610752
tr011403,1.628493
tr004890,1.705344
tr001168,1.166315
tr004226,2.518568
tr001145,1.999057
tr011040,0.966608
tr014470,2.708698
tr009949,2.759672
tr014062,2.656577
tr001277,1.136577
tr005959,2.417978
tr011058,0.586438
tr008455,2.992104
tr014448,2.840221
tr006691,2.66652
tr004823,1.494148
tr012008,2.470291
tr004896,2.053699
tr007644,0.594917
tr007284,1.581003
tr009861,2.536665
tr001294,2.023339
tr007817,1.713555
tr007330,2.041404
tr009449,2.314982
tr002210,1.05984
tr005831,0.909102
tr004645,1.913992
tr009817,0.870861
tr010213,1.69329
tr001548,1.349821
tr007553,2.217726
tr010632,2.393112
tr000347,0.773568
tr005608,0.537638
tr010503,1.522946
tr013391,1.36646
tr000185,2.401458
tr007436,1.742641
tr003748,2.157245
tr006515,1.6307
tr009754,2.201696
tr006359,1.884876
tr002413,2.323607
tr014976,1.434507
tr001468,2.489813
tr005906,1.812706
tr011720,2.990608
tr006943,2.243095
tr010218,2.941418
tr014709,1.808654
tr004262,2.798442
tr013648,2.63268
tr013939,0.92691
tr005173,2.87193
tr013060,1.0366
tr000825,1.490669
tr000340,2.28875
tr002321,1.624431
tr004315,2.508273
tr012744,2.732093
tr012022,2.187892
tr010716,1.037401
tr000409,2.08323
tr007367,0.657437
tr009436,2.735008
tr005598,1.095323
tr010151,0.605803
tr013376,1.209786
tr008206,2.14624
tr014473,2.06685
tr002948,1.298883
tr003510,0.608546
tr008856,0.955108
tr004299,2.986079
tr005643,2.921815
tr014420,0.828179
tr004872,2.547963
tr013852,2.684818
tr008428,1.542696
tr014080,2.497
tr006406,1.643812
tr002930,1.359502
tr009176,1.141266
tr007476,2.166436
tr001982,0.511784
tr014016,0.603769
tr012994,1.843599
tr003699,0.55399
tr009368,2.564211
tr002227,0.926426
tr000689,2.105426
tr003553,2.187107
tr009656,1.476018
tr002973,2.535488
tr006630,0.590783
tr003513,1.505724
tr001342,1.907304
tr013133,0.717294
tr005625,1.769362
tr002191,1.270776
tr007946,1.366799
tr001854,0.602147
tr007388,0.799062
tr003156,2.803199
tr011855,2.604569
tr000182,2.32132
tr005840,1.131457
tr007811,1.06439
tr008881,0.772673
tr013918,0.735955
tr009205,1.559167
tr013652,1.443298
tr008384,0.970204
tr008588,1.987441
tr005407,0.642353
tr010000,1.362087
tr004271,2.313944
tr002715,1.9067
tr008758,2.899831
tr000122,1.741155
tr003592,2.738781
tr013436,0.750461
tr009255,0.627004
tr012426,2.550386
tr013534,2.177598
tr007937,2.886977
tr013143,1.0393
tr012521,1.255944
tr006200,0.847895
tr006923,2.034555
tr003942,2.359536
tr007166,0.697838
tr009988,2.268965
tr009015,2.299025
tr001983,0.674933
tr007568,2.261481
tr011896,1.067297
tr005614,2.309151
tr001659,0.987689
tr001555,1.210443
tr006938,0.662963
tr000800,0.528379
tr004571,0.685747
tr011094,2.601105
tr001431,1.075575
tr004243,2.186786
tr011938,2.82301
tr000300,1.841955
tr013039,2.22772
tr003792,2.941758
tr011507,1.107628
tr005686,0.684918
tr004710,2.409384
tr001529,2.081743
tr010533,1.761323
tr000651,0.736458
tr006269,2.156238
tr007919,0.670357
tr008045,1.635695
tr011027,2.428593
tr012286,0.623698
tr000552,2.960598
tr006076,0.528103
tr000475,2.977257
tr012634,0.635822
tr002519,1.968475
tr005259,1.689397
tr007158,2.441363
tr014697,2.036044
tr012257,0.858034
tr007247,0.591752
tr008800,2.274142
tr003283,0.626256
tr007406,1.895385
tr009293,0.685406
tr008526,2.294512
tr011391,2.461168
tr006616,2.678
tr014312,0.942892
tr005576,1.370125
tr014980,2.147962
tr008232,2.412187
tr010336,0.690285
tr007489,1.947941
tr001495,1.753562
tr010374,1.381207
tr012096,1.641305
tr012599,1.922299
tr008911,2.86873
tr012757,1.827392
tr001740,1.999056
tr005495,2.798834
tr002265,2.378276
tr008606,1.440502
tr002734,2.066597
tr004148,2.447654
tr013215,1.398973
tr012831,2.020645
tr008004,2.012626
tr010930,0.984849
tr010662,2.569879
tr002893,1.025831
tr014533,0.51181
tr002800,2.806476
tr000428,2.335672
tr005478,1.859234
tr000826,2.80603
tr009301,1.47907
tr013567,1.717519
tr013080,1.205527
tr009099,1.839451
tr007193,2.041648
tr004484,2.933452
tr011155,0.55095
tr001850,0.942784
tr011016,0.859288
tr010405,0.538959
tr013617,2.110558
tr010056,1.09334
tr012627,2.506188
tr001574,2.038092
tr014570,2.413269
tr008439,1.197158
tr003093,0.545867
tr009974,0.804322
tr007206,1.564895
tr013140,2.143812
tr005218,2.265061
tr006903,2.992822
tr003670,0.976316
tr004912,1.861874
tr000764,2.992194
tr010670,1.105217
tr014932,0.84338
tr003099,2.972866
tr000417,2.423807
tr005730,1.455138
tr012357,2.193576
tr002586,1.420534
tr001016,2.785898
tr011696,1.968217
tr013472,0.839583
tr003493,1.295476
tr002286,1.649578
tr013685,2.402494
tr009768,1.693639
tr001923,2.727567
tr006434,2.979138
tr000946,1.811088
tr009700,1.913728
tr004880,2.20993
tr000980,2.219102
tr014966,2.635809
tr000468,1.144734
tr013069,1.656238
tr004058,2.941923
tr007437,1.756523
tr011569,1.375185
tr007021,2.354826
tr001639,2.506753
tr005991,2.715779
tr000805,2.57514
tr013988,1.928484
tr005945,2.615007
tr000275,2.301432
tr001932,2.933074
tr007223,2.766141
tr011106,2.705621
tr009288,2.728574
tr007896,1.2309
tr008444,0.849615
tr002344,1.514613
tr006099,0.541407
tr010191,1.880615
tr010045,2.986597
tr012935,2.153942
tr006148,1.278397
tr007903,1.077701
tr001419,1.665699
tr005852,1.624581
tr009028,2.742037
tr013387,2.728214
tr007916,2.630522
tr009410,2.906077
tr005829,0.862481
tr011348,2.759863
tr003107,1.732689
tr012978,1.394531
tr012559,2.549498
tr007047,2.700717
tr003049,1.159243
tr001451,2.629634
tr007816,2.131432
tr004969,1.818741
tr003688,1.013522
tr005682,1.967022
tr014585,2.297377
tr008941,1.8539
tr008052,1.850029
tr003313,0.650944
tr012098,2.042845
tr003318,2.311137
tr000375,2.190306
tr007685,1.214024
tr014374,2.593926
tr007874,1.891916
tr004236,0.649092
tr002229,0.849094
tr008298,1.486567
tr012397,0.699615
tr001267,0.91484
tr007524,2.863171
tr012649,0.914396
tr013806,1.497151
tr009152,1.453641
tr011502,2.63476
tr001657,1.459371
tr003022,2.515985
tr010656,2.469236
tr010788,0.746471
tr004108,1.439648
tr012067,0.793535
tr013208,1.546023
tr014450,1.809816
tr009809,2.742778
tr007689,0.82466
tr001344,1.460809
tr013853,2.399368
tr013712,0.791451
tr000669,1.343791
tr004707,1.895514
tr010439,1.072511
tr013023,1.966164
tr003735,2.214043
tr003086,1.941236
tr013384,1.577424
tr003676,2.266997
tr009046,2.640132
tr006425,0.74199
tr003443,2.98162
tr012218,2.995301
tr011946,1.800014
tr013948,2.560903
tr011692,1.7023
tr008196,1.066776
tr008039,0.520824
tr013017,2.950749
tr002804,2.000777
tr012107,2.502097
tr011052,1.720071
tr007775,1.609455
tr010245,0.681859
tr011779,1.003043
tr013033,0.739743
tr006745,0.817439
tr009464,1.56353
tr010709,2.607003
tr008895,0.731995
tr014538,2.639751
tr004824,0.549539
tr001446,1.926312
tr013371,2.953339
tr002623,1.144006
tr001641,1.961575
tr001365,1.411884
tr011342,1.044467
tr013885,2.80338
tr008044,1.986204
tr001262,2.71973
tr001261,1.881976
tr006092,1.904356
tr006120,2.611466
tr009686,2.072426
tr014337,2.615288
tr011255,0.806589
tr008058,0.521226
tr011947,1.680389
tr011723,0.802747
tr007319,1.976188
tr010464,0.709644
tr001910,1.337925
tr009043,1.596584
tr014202,1.645874
tr006548,1.978566
tr008466,0.500467
tr012361,1.917106
tr014431,0.875679
tr011665,2.52607
tr008002,0.58679
tr013119,1.197153
tr009082,0.660279
tr012898,2.403609
tr005423,0.961743
tr003618,1.974147
tr013490,0.689353
tr009158,1.859348
tr014916,1.475336
tr002989,1.213495
tr000820,2.884933
tr011820,1.046081
tr003884,2.410203
tr007043,2.22774
tr008765,2.841728
tr000586,0.943927
tr012512,1.190483
tr006541,2.057837
tr014547,1.839069
tr001998,1.849574
tr005258,2.446541
tr009551,2.691645
tr010286,2.89475
tr006227,0.591017
tr007772,0.544117
tr012743,0.769158
tr012421,2.128786
tr014505,2.897777
tr006046,2.105524
tr010839,2.400837
tr001661,0.710157
tr005656,2.218015
tr004057,2.394115
tr010749,1.682525
tr002996,2.818506
tr004796,0.770283
tr014116,1.375813
tr005159,1.435783
tr004464,1.334207
tr005394,1.995796
tr011965,2.206165
tr009300,2.960072
tr000568,2.585394
tr009011,2.748127
tr009279,2.330752
tr012444,2.391371
tr002256,1.026111
tr008596,0.671007
tr005075,2.452177
tr014938,2.346427
tr012185,0.677057
tr006123,0.519636
tr000102,0.818287
tr006457,0.736633
tr000836,1.216818
tr010434,1.395035
tr013144,2.355116
tr005834,2.798217
tr005227,2.352141
tr004334,1.834407
tr014287,1.911849
tr008942,2.538167
tr006285,0.74597
tr012586,2.344955
tr005591,1.520677
tr000075,1.907805
tr007856,0.975835
tr008005,2.976284
tr011649,2.319356
tr004415,2.041311
tr001757,1.825059
tr007953,1.50041
tr000694,1.550398
tr011285,1.770389
tr001492,1.460916
tr000627,1.135436
tr000488,2.116917
tr007444,2.372126
tr011000,1.743576
tr010152,2.142284
tr008323,0.921375
tr011969,1.08537
tr008552,2.270796
tr000904,2.820858
tr005006,1.65932
tr009772,1.362662
tr009280,2.775491
tr012675,2.921347
tr002619,2.451806
tr014832,1.273597
tr014894,2.874218
tr006582,1.580612
tr011568,1.937351
tr008848,0.685228
tr008107,2.418043
tr004602,0.840525
tr009326,1.735448
tr012797,1.542341
tr002671,0.596026
tr006596,1.78516
tr012463,2.422936
tr014073,2.916962
tr013125,2.071012
tr000581,1.42273
tr004194,2.264176
tr004977,1.808319
tr003227,1.666924
tr010407,2.219105
tr006671,2.864889
tr006849,1.048235
tr014455,2.98861
tr002776,1.649946
tr001455,2.323584
tr009542,1.608656
tr002037,2.171026
tr012173,1.933359
tr012815,0.750546
tr008201,1.397217
tr010117,2.823847
tr004081,2.354179
tr014616,2.649905
tr011281,0.635866
tr004535,0.508491
tr010255,2.653561
tr000093,2.596763
tr012785,1.483312
tr012159,1.496509
tr002578,0.629721
tr005668,1.628362
tr014631,2.702631
tr008229,2.949017
tr000620,1.83794
tr000432,1.166275
tr004840,2.495118
tr004942,1.05563
tr000026,2.185572
tr012854,2.965558
tr014688,1.317154
tr012466,1.076451
tr003939,1.787732
tr000414,2.380695
tr008014,2.411905
tr006687,2.628977
tr011170,2.021945
tr013163,1.913543
tr009717,1.156672
tr001771,2.206336
tr011682,1.270463
tr003755,1.182404
tr002884,0.563959
tr004276,1.965226
tr005037,0.805126
tr009268,2.276666
tr009807,1.466163
tr001221,1.718762
tr004544,1.017656
tr012826,2.179971
tr012054,2.047532
tr000135,2.500816
tr008311,1.618071
tr008845,1.914625
tr013230,0.57933
tr005328,2.187227
tr011964,1.459486
tr002785,1.645304
tr013953,2.91702
tr011931,2.713426
tr013861,0.636451
tr011195,0.904652
tr003696,1.032945
tr002925,1.844876
tr014388,2.891794
tr013109,2.806502
tr000988,0.840687
tr008047,0.697611
tr004894,2.771408
tr007172,1.317075
tr007188,1.446108
tr013786,2.265046
tr011587,1.790849
tr003026,2.986048
tr002313,1.082177
tr011573,0.857792
tr003480,1.992843
tr011511,2.491639
tr003918,2.511089
tr009225,2.899422
tr006661,1.034167
tr008357,1.671643
tr010509,1.502238
tr010166,2.754189
tr007564,1.509427
tr000905,0.850882
tr004615,2.945943
tr013478,2.959017
tr011355,2.481049
tr014623,2.668894
tr009590,0.982497
tr011401,0.795026
tr009515,2.987957
tr001376,1.530377
tr004573,0.530537
tr007891,2.280973
tr011949,0.900975
tr000886,1.03524
tr014536,1.555419
tr001025,2.543988
tr009379,1.951205
tr005304,2.179801
tr003032,2.395087
tr000891,1.755998
tr002967,1.648892
tr007249,0.941754
tr008188,1.790965
tr009955,0.686401
tr008882,2.89829
tr002957,0.910181
tr008393,0.534225
tr001135,1.942532
tr004807,2.52241
tr000959,2.037196
tr000735,2.749045
tr003525,1.893988
tr013670,1.438234
tr006281,0.573189
tr005177,1.556034
tr008997,1.46255
tr013328,0.867435
tr014858,2.156832
tr002465,2.34673
tr009466,0.882071
tr014559,2.763164
tr004289,1.330626
tr010289,1.28858
tr002278,2.52264
tr000957,1.270031
tr003630,2.040009
tr010595,1.949418
tr006906,1.640763
tr014120,1.597675
tr010169,2.039831
tr006452,1.499786
tr002302,2.480418
tr012625,0.626295
tr007087,2.862997
tr005469,1.357668
tr011841,1.86989
tr008101,1.548172
tr004690,2.861263
tr008935,1.242417
tr003911,2.112567
tr011933,1.44397
tr014622,2.810823
tr007835,1.240981
tr007799,1.39114
tr001829,1.879956
tr007280,2.782344
tr003273,1.956758
tr003695,2.32879
tr003041,2.37132
tr003664,1.770399
tr007885,2.626464
tr011182,2.987785
tr012836,2.242754
tr002157,0.633364
tr004652,0.694147
tr009537,1.22471
tr001722,2.566412
tr009440,2.181157
tr004774,2.764262
tr004491,0.797887
tr001218,1.003938
tr010998,1.907505
tr007844,2.092707
tr003365,2.198296
tr013536,2.717361
tr014701,2.139637
tr008733,2.573902
tr005679,0.551544
tr004660,0.786652
tr013441,0.771876
tr002684,2.27782
tr007103,1.602762
tr006817,1.192578
tr003302,1.516116
tr004266,1.655028
tr009287,2.962969
tr007585,2.895036
tr014751,1.931785
tr007594,2.8586
tr010803,1.093868
tr007170,1.479634
tr003785,1.53583
tr006261,2.866117
tr013894,0.651693
tr003055,2.006865
tr001061,1.559944
tr013891,1.669407
tr006376,2.325929
tr007694,1.777934
tr007081,2.241097
tr005529,2.617328
tr002330,0.924756
tr010394,2.147067
tr014686,0.798062
tr000083,2.598286
tr014406,2.363607
tr009526,1.688289
tr012219,0.982726
tr004763,0.611388
tr009653,2.949887
tr006737,0.657233
tr009439,1.944272
tr005389,2.986167
tr000876,0.638911
tr011886,1.964407
tr010176,0.999453
tr013173,2.500239
tr001658,1.615615
tr004871,2.700801
tr004591,2.150317
tr003514,0.752567
tr006486,1.025109
tr003316,2.111133
tr009448,2.073748
tr001085,2.171595
tr000205,1.231016
tr012580,1.541763
tr009270,2.435349
tr010372,2.489626
tr007222,0.501367
tr002168,1.953819
tr002235,0.745235
tr013595,1.91569
tr007441,1.418944
tr004659,2.747596
tr008420,0.99375
tr010257,0.871067
tr013053,0.715808
tr005133,2.751634
tr012335,0.659439
tr012492,2.477747
tr011083,2.761552
tr014743,1.693008
tr008050,1.271254
tr014182,0.800275
tr001271,1.983854
tr005386,0.736163
tr001345,1.112262
tr013531,2.544732
tr009585,2.766819
tr005323,2.441875
tr012414,2.670927
tr011550,1.979233
tr005114,1.16507
tr008406,0.931681
tr000209,2.255135
tr001974,1.608448
tr000008,2.018803
tr007022,0.56067
tr006308,2.547007
tr013449,1.506503
tr009991,1.85906
tr007793,1.657767
tr013210,1.134276
tr007182,2.093355
tr011121,2.738966
tr009018,2.225854
tr009485,2.876597
tr013895,1.728106
tr014928,0.500116
tr003381,2.001028
tr000739,0.552734
tr006942,1.47467
tr006481,1.461469
tr007911,2.133025
tr001156,2.43135
tr011081,1.968718
tr007596,2.676972
tr006124,2.738434
tr005987,2.954027
tr012448,2.278358
tr001387,2.732676
tr008987,0.898482
tr008378,2.849727
tr003968,1.604156
tr002830,0.766622
tr001508,1.19913
tr011500,0.700226
tr006027,1.921213
tr000892,2.533296
tr007897,0.774684
tr012714,1.196487
tr002257,1.624096
tr013820,1.978784
tr002990,2.214704
tr009062,2.523076
tr007836,2.145542
tr003198,2.83211
tr000784,2.193892
tr010265,0.574247
tr001196,1.958178
tr005544,1.515186
tr014166,0.884485
tr005076,2.60489
tr004210,2.194543
tr002427,1.295698
tr012455,2.60259
tr006775,2.884295
tr010462,1.844768
tr007321,1.007757
tr003275,1.125843
tr003839,0.517343
tr005698,2.203253
tr005447,1.764491
tr005734,0.582965
tr014107,0.581851
tr012630,2.274423
tr013454,0.831618
tr000747,1.621847
tr009501,2.142619
tr002027,1.90619
tr008259,2.584637
tr012034,1.11484
tr000242,1.493003
tr012037,1.667107
tr013789,1.094248
tr006419,1.285974
tr011374,1.015541
tr011131,0.910944
tr013269,2.513157
tr012315,0.934014
tr001940,1.882275
tr003065,2.841336
tr009596,1.699115
tr013919,0.923297
tr008602,2.387557
tr003326,2.731853
tr011815,1.897295
tr001480,1.332142
tr014238,1.5803
tr013910,2.322519
tr013350,0.721934
tr012661,1.912078
tr014804,1.781901
tr010308,2.923727
tr005727,2.431697
tr010142,2.843903
tr001580,2.321172
tr000474,2.903112
tr009226,1.59648
tr010499,1.189804
tr012337,2.358537
tr012712,1.274502
tr014462,2.231851
tr011996,2.363329
tr009048,1.159004
tr006786,1.459135
tr004767,2.640778
tr002870,1.656438
tr009733,2.683373
tr001015,2.94351
tr008280,1.755744
tr000649,1.423569
tr000966,2.624125
tr000422,2.370924
tr005784,1.563143
tr013044,2.573021
tr004595,2.830002
tr011681,2.780343
tr007066,1.845849
tr007962,1.391216
tr013731,0.981918
tr005236,2.772376
tr003828,1.949008
tr012103,0.523867
tr000401,2.167538
tr006538,0.948364
tr003109,1.091286
tr014806,1.404398
tr003140,0.729848
tr011080,1.421135
tr005278,2.80465
tr007443,1.460038
tr006650,2.858069
tr014883,2.515224
tr007626,2.977135
tr005934,1.543947
tr013977,2.35143
tr002359,0.583424
tr004918,2.592985
tr012299,1.635465
tr009042,1.354939
tr013661,1.418635
tr006018,1.782142
tr009141,1.860495
tr003743,0.739401
tr008233,2.831729
tr005472,2.530841
tr013909,2.301728
tr004989,2.725159
tr007402,2.407234
tr011248,0.899842
tr012594,1.434864
tr010776,2.638437
tr002298,1.461722
tr010197,2.485764
tr007767,1.606783
tr013794,1.99521
tr003043,2.846708
tr008055,0.8288
tr005371,1.129144
tr009992,0.524404
tr000111,0.789143
tr012954,1.469371
tr004836,1.924012
tr003393,2.658787
tr014041,2.153015
tr004699,1.285085
tr000924,1.506183
tr007147,2.569173
tr004245,1.548428
tr006445,0.90404
tr004779,1.954322
tr007701,0.757586
tr005340,1.301814
tr000228,2.30926
tr006564,0.500615
tr013329,1.530582
tr010039,1.018776
tr001906,2.530726
tr011283,2.452418
tr003543,1.045208
tr005697,2.79476
tr000350,2.150225
tr007397,0.733901
tr012134,1.423542
tr001418,2.892867
tr001204,2.69438
tr005320,1.821214
tr013029,2.390718
tr001822,2.532772
tr013446,1.69091
tr011423,2.15622
tr001172,2.911448
tr008879,2.763134
tr000554,2.275992
tr000348,2.797512
tr010508,1.609255
tr011959,1.059231
tr007244,2.162365
tr002975,2.330845
tr005770,1.489303
tr010397,0.55985
tr001836,2.058876
tr009322,2.261024
tr011614,0.85029
tr012350,1.047831
tr012410,1.690855
tr002053,1.95857
tr014736,2.323743
tr013921,1.691399
tr009878,1.334809
tr000934,1.616978
tr014800,1.279723
tr004456,2.379536
tr006921,1.352143
tr002521,1.286064
tr010881,1.856286
tr011674,2.157377
tr008358,0.999601
tr012928,2.143715
tr000782,2.328902
tr004620,1.245258
tr011486,2.361265
tr003952,0.523866
tr002645,2.801347
tr009139,1.02681
tr006813,1.515691
tr000734,1.422301
tr011882,0.640042
tr010375,1.681962
tr000977,1.169252
tr007951,1.767819
tr002429,0.903865
tr008089,0.525587
tr009564,0.643494
tr004010,2.595571
tr005277,0.845534
tr012305,1.603685
tr005457,1.377629
tr012664,2.691898
tr006690,1.525221
tr009741,2.967768
tr000542,0.645136
tr010945,0.629206
tr012545,0.731778
tr011049,0.566744
tr011823,0.990433
tr010030,2.242652
tr001293,1.666449
tr007656,1.525898
tr011777,1.458361
tr013646,2.264449
tr014213,2.349131
tr011623,2.135992
tr006060,1.911926
tr005247,2.949919
tr003113,1.13385
tr006224,2.327675
tr004589,1.479891
tr003281,1.000175
tr007378,1.787157
tr013375,2.970257
tr007494,2.264089
tr005107,1.201167
tr010760,2.788795
tr012021,1.946704
tr010410,1.714903
tr004044,0.993581
tr004906,1.210993
tr007506,2.356381
tr003360,1.231245
tr003130,0.855774
tr002587,0.73039
tr006568,1.484267
tr011968,2.802583
tr002440,2.059208
tr001305,2.44479
tr006035,2.439757
tr009916,0.557306
tr014651,1.278598
tr001884,2.931547
tr011229,1.17209
tr007118,1.47662
tr000028,1.9057
tr011197,1.799166
tr002383,2.465963
tr012807,0.60754
tr010062,0.516715
tr001125,1.190639
tr010705,1.867664
tr005717,1.007883
tr003196,2.900666
tr000754,2.583399
tr007016,1.734542
tr007299,1.352656
tr001322,2.797685
tr012905,1.5618
tr009057,0.536698
tr004414,0.974565
tr009366,2.399623
tr014042,2.18716
tr010131,1.040573
tr003137,2.441118
tr008517,1.6993
tr011260,0.508843
tr010460,1.888772
tr001532,2.270285
tr005832,1.319433
tr010498,0.79297
tr013952,2.87774
tr011542,0.802117
tr006473,2.179396
tr014493,2.157858
tr006297,2.465277
tr014356,2.204514
tr009305,2.057477
tr002307,2.369218
tr014502,1.610651
tr014908,1.962366
tr005926,1.762478
tr014731,2.680209
tr008627,0.900911
tr009805,2.683992
tr010200,2.92238
tr010467,2.508541
tr012597,0.906059
tr000604,1.228772
tr005383,2.935158
tr003149,2.614338
tr014323,1.83893
tr007150,1.130522
tr010345,2.154725
tr006502,2.736783
tr013088,0.805541
tr008944,1.838995
tr000865,1.270809
tr014089,0.723918
tr000636,0.546192
tr000011,0.645218
tr008824,1.869321
tr002680,2.877681
tr000607,2.757643
tr010450,0.654008
tr005653,1.77379
tr001674,2.03731
tr008375,2.010462
tr007099,0.702854
tr007054,2.908772
tr011901,1.782289
tr002414,1.274901
tr003468,0.508497
tr003622,1.151895
tr008618,2.960439
tr005059,1.721605
tr003069,1.798633
tr002110,0.859578
tr001173,2.069396
tr009742,1.237675
tr007966,2.051928
tr009657,1.037133
tr012413,1.875849
tr009212,1.57415
tr007697,2.237762
tr008168,0.634527
tr004432,2.03728
tr012206,1.483618
tr007260,2.194963
tr014715,2.227163
tr002672,0.637331
tr002432,0.952176
tr013108,2.431118
tr002605,1.318503
tr012708,0.726429
tr012370,1.503314
tr006984,0.912609
tr000216,2.090878
tr008040,1.360423
tr014901,0.582624
tr000546,1.940477
tr010380,1.119926
tr010616,1.068595
tr013613,2.035788
tr012651,2.731879
tr005253,1.964988
tr000530,0.73269
tr009911,1.36458
tr008293,1.117629
tr011656,1.545449
tr006019,2.881265
tr001092,0.565378
tr009007,1.698596
tr005285,0.633116
tr007839,1.456442
tr002046,2.774961
tr005641,0.562263
tr008801,1.024294
tr012839,0.959355
tr005740,1.960293
tr008054,2.798927
tr006115,1.293785
tr004300,0.682258
tr012477,2.298057
tr006210,2.746931
tr008148,1.008739
tr006779,2.463328
tr000453,1.629927
tr011795,1.749458
tr009285,0.887539
tr001144,1.420305
tr008006,2.047144
tr010330,1.621873
tr014617,1.508672
tr000880,2.184907
tr007910,2.986755
tr013630,1.695258
tr005169,0.529939
tr013388,0.544935
tr004782,2.222611
tr003404,0.824811
tr008675,1.445413
tr007576,2.14356
tr009866,2.26821
tr011449,1.49022
tr013826,0.967221
tr002542,2.664718
tr006075,2.016271
tr011420,2.402824
tr007945,2.353229
tr001654,2.307662
tr001524,0.970385
tr003088,0.633541
tr004087,1.374574
tr008500,1.131913
tr001868,1.398225
tr008852,2.695566
tr011272,2.091345
tr012993,1.196333
tr000482,2.420515
tr004805,1.009145
tr002898,1.26339
tr009097,1.123115
tr002753,1.999371
tr012292,2.779003
tr000381,2.321015
tr011543,1.165996
tr012015,2.497846
tr011974,2.611031
tr000243,1.758665
tr013131,1.222936
tr001798,2.359698
tr004740,2.84104
tr004581,2.227906
tr011096,1.978572
tr013839,2.494339
tr000251,2.454756
tr013364,2.754323
tr000339,1.582266
tr009996,1.23662
tr008369,1.133037
tr012291,2.20332
tr003463,1.749882
tr005642,1.50253
tr002968,2.421447
tr000395,1.426317
tr006993,1.44827
tr004329,2.206938
tr000841,1.501824
tr002098,1.666548
tr010430,2.922746
tr007559,1.384185
tr012303,2.836485
tr010714,1.093835
tr005797,2.461852
tr002100,2.025018
tr002328,1.677634
tr005762,1.574926
tr009946,2.775205
tr012857,0.944822
tr000295,1.339093
tr009983,2.783872
tr005649,0.7956
tr001782,1.211281
tr010663,2.045882
tr001239,2.673869
tr004575,1.235138
tr013501,1.000586
tr013464,2.789878
tr012389,2.536535
tr000117,2.378364
tr003374,0.703965
tr000133,2.445593
tr003935,1.885465
tr002652,0.908111
tr008112,2.788392
tr007315,2.17597
tr002469,1.084736
tr004538,0.790451
tr010427,2.838756
tr008227,1.581407
tr013913,2.698031
tr006041,0.809145
tr002270,1.44717
tr006335,0.731785
tr014823,2.665124
tr000511,1.402136
tr005215,1.097696
tr002153,0.982593
tr003518,2.707219
tr005924,1.973828
tr000507,1.203314
tr002863,1.571362
tr014691,2.388503
tr007425,2.51636
tr001619,2.111595
tr003620,1.269006
tr013187,1.202022
tr013499,0.65387
tr008289,0.570098
tr004404,2.762219
tr006808,1.003434
tr001372,0.900049
tr011296,1.331552
tr010035,2.968685
tr003523,1.785864
tr009824,1.087087
tr008409,1.026886
tr001244,2.630489
tr005331,2.440159
tr006584,1.110477
tr000576,1.284706
tr010849,0.516479
tr008814,2.278969
tr008759,2.325201
tr006208,2.360202
tr005772,1.684331
tr013165,1.65329
tr013695,0.580775
tr008309,2.662915
tr000199,1.078145
tr004333,1.304762
tr011800,0.740586
tr005864,2.599654
tr014680,1.568625
tr002858,1.348183
tr001549,1.399516
tr001831,1.190646
tr008144,2.776261
tr010627,2.701425
tr014262,0.967483
tr014408,1.650834
tr001785,1.667314
tr009758,1.04071
tr009524,1.547242
tr009844,0.750872
tr011551,1.98352
tr007783,2.043111
tr002308,0.669898
tr003564,1.409276
tr002872,0.851716
tr014848,1.350661
tr010952,2.071593
tr010808,1.091901
tr004138,1.86545
tr014666,0.933605
tr012619,2.657356
tr001237,2.822662
tr010832,2.699584
tr011111,0.613166
tr006809,0.767001
tr001028,1.103319
tr008322,1.402793
tr005312,1.117231
tr000234,2.432827
tr009965,1.812956
tr002691,1.367017
tr006634,2.779866
tr002492,1.387393
tr010284,1.572406
tr014338,1.412441
tr004766,2.408404
tr001808,1.264063
tr004808,2.223316
tr013577,2.70899
tr003529,0.926656
tr011073,2.818018
tr002197,2.620422
tr004873,2.686413
tr005094,0.838903
tr002425,1.694534
tr011363,2.436551
tr006166,1.318083
tr013294,2.188897
tr010196,2.286424
tr011036,0.566053
tr009302,2.258617
tr002593,2.477401
tr000778,2.291983
tr013360,2.529056
tr012710,1.591239
tr014903,1.893032
tr000676,1.881979
tr006763,2.097436
tr011332,2.357466
tr000089,2.582807
tr005819,2.437696
tr008481,1.911967
tr011517,0.574873
tr002360,2.427953
tr005482,2.114003
tr011394,1.999333
tr005737,1.887017
tr004838,0.959851
tr011807,1.33663
tr010211,2.497179
tr007780,2.124965
tr002230,1.872243
tr010524,1.136822
tr004622,2.852755
tr008351,1.48553
tr007145,1.967243
tr010161,1.746338
tr004988,2.748922
tr003944,1.005339
tr008502,2.525284
tr001620,1.005032
tr008223,1.987021
tr011592,0.94927
tr008516,1.531436
tr011007,2.62272
tr013092,1.729389
tr008013,2.815474
tr002518,0.535003
tr014277,2.92892
tr011629,1.661592
tr011702,2.526916
tr008748,2.023242
tr003464,2.595475
tr006677,1.257386
tr006514,0.699378
tr009434,2.404358
tr010578,0.755603
tr012121,1.463486
tr011695,2.433421
tr008494,1.757861
tr014331,0.761367
tr006656,2.796158
tr013292,1.429616
tr001351,1.259622
tr006930,0.904072
tr006624,2.231884
tr004825,1.674454
tr005818,1.408194
tr014350,2.085735
tr003538,0.56079
tr004765,2.972829
tr011849,1.622184
tr012405,2.332365
tr003649,2.079653
tr006707,2.56262
tr008654,0.753089
tr001976,0.941873
tr011924,1.598576
tr007037,2.51037
tr013410,0.93855
tr011459,1.899807
tr012247,2.939334
tr003171,2.033268
tr006852,0.661176
tr003496,0.588218
tr014391,1.282305
tr001076,2.105057
tr012736,1.666241
tr004599,1.931592
tr000320,0.936561
tr000387,2.930919
tr004525,0.902253
tr006716,1.881137
tr005810,1.159463
tr008923,0.803332
tr010411,2.698544
tr014256,2.25183
tr003146,0.652674
tr001161,1.582745
tr007667,2.10328
tr007232,2.689595
tr005942,1.379589
tr000930,2.932044
tr011621,1.502828
tr011654,1.710388
tr004452,2.266776
tr002050,2.779579
tr012777,0.850203
tr005500,0.783331
tr007101,2.006615
tr009343,1.03215
tr005200,2.272684
tr007201,2.107454
tr013552,2.091965
tr011619,1.012905
tr004154,1.391445
tr013763,2.357023
tr007557,1.718456
tr012855,2.153216
tr014877,2.263473
tr008668,2.798599
tr001755,1.706487
tr010368,1.3207
tr009722,2.050999
tr010141,2.720118
tr002756,2.721565
tr007130,2.0958
tr005288,1.734025
tr014560,2.4635
tr014255,2.18054
tr014853,0.520922
tr004837,2.21543
tr012262,2.582977
tr002162,2.189259
tr008672,2.842099
tr003097,1.766247
tr009041,1.344363
tr003997,0.766459
tr001986,1.988432
tr012887,1.575007
tr012124,2.345433
tr001039,2.561883
tr008540,2.057901
tr004720,1.981568
tr007181,2.337206
tr005097,1.534405
tr012256,0.852589
tr012001,2.452489
tr013875,1.975993
tr005683,1.046935
tr001544,2.076642
tr009458,2.666825
tr001701,1.869931
tr013224,1.055073
tr006743,1.106917
tr009593,1.149306
tr012758,1.418496
tr003810,1.194693
tr001127,1.57669
tr014524,0.522091
tr014642,0.789283
tr003788,2.596728
tr006925,0.561942
tr003716,2.947829
tr005516,2.67525
tr010153,0.685313
tr007048,1.378734
tr005425,0.655507
tr002124,2.455201
tr009874,2.504485
tr009118,1.762347
tr012677,2.744305
tr014518,1.888846
tr005954,1.204532
tr007823,1.520384
tr005122,1.55834
tr001202,2.66055
tr014799,2.851594
tr003738,1.381566
tr011113,2.476547
tr009428,2.771754
tr001985,1.482993
tr001055,2.634612
tr008913,1.377103
tr014495,1.326853
tr010482,2.095097
tr010882,1.52655
tr011664,2.587934
tr008288,2.855296
tr003972,2.438637
tr011440,2.909492
tr000099,1.256963
tr002065,1.850782
tr009562,2.991445
tr005246,1.0871
tr008870,2.175684
tr008368,1.486465
tr010997,1.008967
tr008767,1.885446
tr009461,1.588735
tr009620,0.501247
tr004400,2.387338
tr008617,1.433662
tr007672,1.052913
tr000839,1.257329
tr008858,1.777971
tr009930,1.22388
tr012893,1.378491
tr013314,0.740346
tr014024,2.452744
tr012602,1.825527
tr001444,2.437899
tr006734,1.31894
tr009422,0.723057
tr011453,1.676104
tr003298,2.911689
tr003757,1.336327
tr009092,2.655925
tr001716,0.628645
tr011369,0.649723
tr012900,1.972827
tr005747,2.040487
tr013365,1.101265
tr007350,2.448037
tr006091,2.631683
tr009961,1.874431
tr009890,2.965983
tr009336,0.944835
tr002372,2.327349
tr008432,1.85191
tr006322,0.885618
tr006437,1.347948
tr002781,2.963723
tr013160,0.890132
tr014944,2.569986
tr011604,2.061655
tr010259,0.791342
tr012277,2.871148
tr002034,1.424389
tr012269,1.585861
tr001476,0.933434
tr003722,0.704233
tr006577,0.736198
tr014449,1.125708
tr007806,2.853639
tr003965,1.171246
tr005252,2.559484
tr012738,1.927318
tr014628,2.202359
tr001858,1.802018
tr000927,1.498122
tr007417,1.294329
tr005179,2.990059
tr003924,1.482548
tr002142,1.164576
tr003763,0.696318
tr012306,1.590533
tr008124,2.198893
tr012803,1.805961
tr010386,2.57929
tr005465,0.543535
tr001205,2.855985
tr009616,2.550226
tr008925,2.288988
tr008915,2.774735
tr007070,1.436982
tr009385,2.998504
tr012181,0.830004
tr010623,1.46011
tr002392,1.946205
tr005255,1.561329
tr009310,2.160994
tr006574,1.978347
tr005750,2.739517
tr003532,2.167888
tr014310,2.595404
tr007258,1.295721
tr004585,1.567763
tr000720,1.439365
tr003880,1.664827
tr009213,2.790667
tr004939,2.92108
tr010809,2.93834
tr005549,0.943404
tr009804,1.209941
tr000878,1.8348
tr006204,1.675663
tr007831,0.593126
tr013051,2.21391
tr009156,2.361844
tr005380,1.519672
tr004741,2.778963
tr000356,2.401993
tr012264,0.828409
tr009144,1.642657
tr003028,1.641759
tr005761,0.633962
tr014490,2.389488
tr010863,1.257996
tr013970,1.843925
tr013562,0.658283
tr013689,1.419745
tr002349,2.407308
tr001783,1.056268
tr003917,1.560488
tr010904,1.199062
tr011174,0.611153
tr004016,1.467715
tr007535,2.086925
tr010390,2.666513
tr008754,2.129305
tr004224,0.974466
tr010724,1.148746
tr008709,2.329067
tr012916,2.345413
tr010886,2.24313
tr002333,2.779267
tr012647,2.461651
tr008547,1.552574
tr014942,2.700253
tr007279,1.593732
tr000505,1.901302
tr009703,2.578154
tr012423,0.915713
tr001150,2.49042
tr000266,1.365807
tr001292,1.257523
tr007878,1.362315
tr009831,2.106056
tr014930,1.047621
tr012236,2.393411
tr004356,1.354892
tr002281,1.862551
tr009976,2.513047
tr000166,1.000347
tr000579,2.846641
tr008443,2.947331
tr004348,1.106191
tr013183,2.164074
tr013152,1.078361
tr014216,0.64881
tr010948,2.512461
tr005001,2.443031
tr013994,2.892586
tr003719,1.538292
tr008043,0.844926
tr013832,1.832076
tr011280,1.005783
tr010657,0.861488
tr008199,2.663012
tr010731,2.046143
tr003841,1.955365
tr010978,2.016783
tr008550,2.19969
tr000343,2.672434
tr000954,1.590386
tr007190,2.222136
tr000207,2.319398
tr011071,1.399224
tr013916,1.506479
tr007435,2.454472
tr000330,0.979474
tr011125,1.888167
tr007138,2.765388
tr006424,0.604036
tr008134,2.128009
tr010322,2.062567
tr010402,2.8541
tr009967,2.260902
tr001166,1.520757
tr001018,1.605591
tr010781,1.59269
tr003943,2.629991
tr007592,2.847047
tr008976,1.457979
tr003434,2.723128
tr013122,1.433279
tr007994,1.323649
tr005893,0.780598
tr001852,2.411147
tr009858,1.239976
tr006402,0.964248
tr004347,1.543889
tr001414,2.022596
tr005459,2.283877
tr007972,1.702591
tr001362,2.416062
tr013008,1.688011
tr005536,1.318234
tr011513,1.72099
tr003728,1.332821
tr007325,1.676446
tr002882,0.542008
tr014671,0.537843
tr007027,1.756862
tr006043,2.474379
tr008525,1.704168
tr004135,2.82526
tr006344,1.521728
tr000779,2.00246
tr005854,1.19069
tr010276,0.533496
tr013180,0.815152
tr011349,2.218946
tr014013,1.504965
tr000976,2.561189
tr006397,2.96466
tr010592,1.376381
tr007541,2.039845
tr001339,2.930252
tr006950,0.934347
tr006409,2.807145
tr014873,2.246027
tr004844,0.756874
tr014158,0.933842
tr014550,2.113653
tr011608,0.588339
tr010094,0.866032
tr003003,1.963109
tr011758,2.771305
tr005707,2.160305
tr004043,2.66606
tr002860,1.638246
tr012548,1.166486
tr012211,0.81722
tr014341,1.446886
tr006985,0.704268
tr000406,1.219352
tr004352,1.843479
tr008324,1.817927
tr000972,1.816993
tr003001,2.142007
tr001098,0.510411
tr003865,1.342159
tr000970,1.132901
tr006278,1.407378
tr009985,1.063403
tr005617,0.825953
tr010294,2.370262
tr014975,1.163759
tr003881,1.822866
tr010933,0.805471
tr010089,2.371848
tr002419,1.410075
tr004487,1.580211
tr014348,1.610792
tr014362,2.46531
tr005432,2.07837
tr006824,0.634464
tr004676,0.743425
tr002816,0.733635
tr008566,1.421582
tr012705,0.544412
tr012522,2.966481
tr012718,1.641753
tr014066,0.571641
tr005657,1.977972
tr013433,2.056111
tr006978,0.905743
tr003371,1.473536
tr001171,2.282664
tr013890,2.873377
tr004746,1.603521
tr011256,1.388629
tr012491,2.630721
tr012695,2.197142
tr004537,1.973331
tr007983,2.293305
tr002206,1.088694
tr003172,2.748611
tr007177,1.078602
tr013546,2.328442
tr001014,2.813854
tr011461,2.637783
tr007168,1.410191
tr004935,1.473413
tr003024,2.443113
tr002483,2.01485
tr012734,2.213659
tr004142,2.686224
tr008325,1.319379
tr008603,1.475932
tr013793,2.942279
tr005198,2.700668
tr003073,2.497805
tr001121,0.751376
tr002965,1.937076
tr012573,2.583514
tr014947,1.787696
tr012764,1.100616
tr011646,1.488272
tr005548,0.579537
tr004047,0.790534
tr005149,1.899237
tr011765,1.300758
tr005468,0.644665
tr010821,2.534891
tr003454,1.206581
tr013593,0.535601
tr001420,0.939059
tr014639,2.447156
tr004063,1.794328
tr007455,1.380926
tr004246,2.080528
tr011192,1.635329
tr002841,2.88396
tr009165,2.322135
tr009468,2.042056
tr014274,1.014759
tr007456,0.711944
tr002219,2.632479
tr011617,1.972992
tr013111,2.254447
tr004957,1.620693
tr013969,0.93684
tr012547,1.547672
tr004636,2.092255
tr004761,1.674755
tr011148,1.404951
tr003251,2.87261
tr006686,1.2392
tr000557,1.072874
tr006988,2.268709
tr002799,2.907467
tr012897,2.144147
tr008761,2.43623
tr003315,1.458921
tr006711,1.883255
tr013992,2.703197
tr010077,2.582771
tr009665,1.766571
tr000837,1.365593
tr007768,0.873561
tr005242,0.625732
tr009025,2.702675
tr002621,1.77046
tr005154,2.85261
tr001027,1.890788
tr004466,2.984661
tr014361,2.958049
tr013370,0.890635
tr005416,2.815781
tr002171,1.022607
tr004705,2.643298
tr001813,2.870054
tr004884,1.50079
tr013747,1.995748
tr000917,2.163824
tr003339,1.656231
tr008732,2.717459
tr008380,2.932359
tr002915,0.89327
tr006024,2.052283
tr011122,2.313936
tr006259,2.073741
tr008519,2.907483
tr003160,2.436371
tr010008,2.99038
tr002434,2.183483
tr004588,0.890167
tr000114,2.978291
tr001157,2.476121
tr004091,1.750124
tr011611,1.711562
tr013599,1.118001
tr001677,1.183827
tr000259,1.527638
tr000027,1.444315
tr007797,2.611696
tr004353,1.0093
tr009574,1.450473
tr008433,2.901319
tr013829,1.614226
tr006893,2.125519
tr013522,0.604246
tr001138,1.331839
tr004759,1.661419
tr003234,2.890873
tr004220,2.652178
tr003321,2.830063
tr011039,2.277274
tr006626,1.562576
tr010659,2.707471
tr011311,1.730409
tr003183,0.803459
tr011308,2.489703
tr000074,1.020103
tr012132,2.353708
tr008214,2.054123
tr006693,0.71048
tr004471,2.472328
tr007925,0.670249
tr001487,2.039072
tr000361,2.002323
tr008778,1.789106
tr006752,1.607244
tr009830,1.905401
tr004225,2.113942
tr012469,0.899497
tr009153,0.797683
tr012668,0.741229
tr005765,2.644615
tr006360,2.553631
tr005913,1.407797
tr007882,2.743651
tr013772,2.83439
tr009528,0.535859
tr002601,2.518214
tr003551,0.815167
tr007691,1.742655
tr014694,0.89289
tr003394,0.947303
tr004376,0.941752
tr001097,2.90451
tr011099,1.626515
tr007477,2.251184
tr002723,0.77056
tr012398,1.697136
tr012191,2.439647
tr009667,1.153327
tr008504,1.445555
tr013547,1.891884
tr008990,1.553389
tr009178,2.233811
tr003878,1.332057
tr002123,2.109765
tr013749,1.78634
tr007959,0.959366
tr014048,1.169358
tr014820,0.675209
tr000464,0.682906
tr001587,1.082828
tr014273,0.533775
tr010106,2.144771
tr000667,2.415083
tr003042,2.666491
tr002635,1.956045
tr010205,1.140414
tr002118,2.920299
tr011187,1.031325
tr005442,2.780446
tr011302,2.196235
tr009055,2.287578
tr011816,1.58727
tr013319,1.782892
tr011207,0.844355
tr009073,0.816482
tr012977,2.444823
tr013951,1.071747
tr012114,1.701597
tr001340,0.834552
tr013804,1.253371
tr002173,1.082621
tr007821,0.902621
tr001406,2.242993
tr004813,2.049058
tr005719,1.01263
tr013204,1.129033
tr003511,2.197359
tr012261,1.172874
tr014644,0.754875
tr000291,2.295308
tr012955,2.760638
tr009920,1.19705
tr011858,1.524338
tr009914,0.941458
tr003230,1.860801
tr002505,1.542514
tr006698,2.317961
tr005396,2.518159
tr005414,0.507513
tr001804,2.350641
tr003816,2.998898
tr014314,1.692083
tr010029,1.994688
tr014461,1.56332
tr001513,2.562198
tr014020,2.317299
tr008461,0.58492
tr006341,1.217854
tr007208,1.311996
tr002137,2.979838
tr012727,2.285464
tr006137,1.340033
tr014850,0.767123
tr012748,2.57372
tr011086,0.516126
tr004182,0.647739
tr009203,1.34222
tr009469,1.118784
tr001832,1.659642
tr003801,2.243183
tr006492,2.323648
tr010283,1.725508
tr010608,1.642485
tr010295,2.678496
tr006605,2.557114
tr004674,2.097677
tr006848,1.994031
tr014488,0.634254
tr009654,2.30814
tr001215,2.459196
tr001140,2.127317
tr010356,1.814705
tr011340,0.524859
tr006746,2.923388
tr006958,2.718346
tr011590,0.711632
tr010745,2.72465
tr004968,2.269787
tr014740,1.549923
tr009000,2.299905
tr014053,1.288019
tr006794,1.115909
tr004937,2.697813
tr005410,2.712537
tr001108,2.379483
tr012648,1.420498
tr003154,2.4065
tr001743,1.794465
tr002631,2.48168
tr011313,1.384058
tr006288,1.841308
tr001818,1.419272
tr001325,1.591729
tr005404,2.421918
tr008333,2.305565
tr009774,1.662075
tr003650,1.491796
tr010980,2.950697
tr011575,2.683784
tr014333,2.735273
tr006660,0.949382
tr001459,2.268074
tr000553,2.32101
tr005943,2.937641
tr013871,2.927507
tr013640,1.741838
tr011472,1.688129
tr010725,2.53954
tr003772,1.99015
tr009736,2.632308
tr001856,2.905514
tr006653,2.038542
tr010748,1.717112
tr004462,1.928501
tr012062,2.775844
tr005475,1.224971
tr001751,2.066618
tr004530,1.432254
tr005479,2.036024
tr008235,1.536637
tr003368,0.516599
tr000049,0.580279
tr002528,0.973342
tr003704,2.854303
tr005302,0.780523
tr003802,1.164784
tr003397,2.716367
tr002678,2.272123
tr013624,2.339629
tr010909,2.38763
tr012786,2.184286
tr008866,1.625582
tr012604,2.645938
tr005372,2.820376
tr005654,1.698756
tr012377,2.369626
tr000456,2.408365
tr007913,1.772157
tr013770,2.041748
tr013717,2.538718
tr011425,2.618392
tr008458,2.724141
tr000480,2.483103
tr001585,2.197365
tr006667,2.730812
tr012340,2.172944
tr012789,2.919331
tr006450,0.83636
tr007480,2.860507
tr009694,1.513614
tr001238,1.471687
tr010634,2.648765
tr013886,2.27377
tr000749,2.174318
tr003457,1.127507
tr006219,1.597629
tr004955,1.051218
tr007302,1.416154
tr006143,2.113504
tr011929,1.560645
tr007290,2.993108
tr004364,0.867262
tr011063,0.643012
tr002599,0.753234
tr003047,2.470301
tr003224,1.848843
tr007510,2.783363
tr006086,2.704715
tr004242,1.725216
tr013698,1.7759
tr003268,1.051595
tr013492,1.039041
tr012273,2.738191
tr011510,2.533643
tr004521,1.316805
tr007827,1.960652
tr002209,2.419338
tr012499,2.601988
tr002292,1.021302
tr003459,1.114088
tr000668,1.009792
tr004394,2.293573
tr008264,2.758708
tr009375,1.65995
tr010677,2.019822
tr009471,1.4853
tr011977,2.714264
tr012017,2.01667
tr006203,1.815021
tr000090,1.241503
tr006632,2.394636
tr012969,2.180842
tr006280,0.755949
tr003341,2.800588
tr012526,2.081821
tr010359,0.871802
tr005523,2.625038
tr007185,0.876894
tr013169,0.527438
tr010693,2.144106
tr009154,2.391037
tr013529,2.592931
tr000236,1.756367
tr007637,2.942217
tr000211,0.858164
tr014997,1.531093
tr010786,2.054998
tr009516,2.131284
tr005230,0.950544
tr008411,2.220706
tr007889,2.013669
tr013199,2.407842
tr002452,2.288066
tr014196,1.530747
tr014444,0.600679
tr006122,2.728036
tr007316,1.209416
tr004614,2.306539
tr003147,1.420624
tr007009,2.220923
tr008983,0.615106
tr007474,1.436869
tr007820,2.412146
tr014099,2.853428
tr013708,2.708677
tr007954,1.651344
tr001962,1.85203
tr005974,2.601109
tr000050,1.773937
tr008417,1.145584
tr013848,2.372554
tr000660,1.405562
tr009063,2.027808
tr013271,1.312064
tr007084,1.462722
tr009622,2.981497
tr007712,1.465266
tr014989,0.904251
tr008025,2.406056
tr012965,0.599125
tr008421,1.966267
tr007040,2.900511
tr008686,1.795014
tr011655,0.742991
tr002789,0.79058
tr001366,0.626095
tr013015,2.824806
tr006198,2.147091
tr013211,0.930212
tr002095,2.089514
tr008308,2.095778
tr005126,1.537004
tr005008,1.482348
tr004048,2.600417
tr004943,2.50487
tr009737,0.878751
tr011589,0.943003
tr004579,1.675628
tr005326,2.346157
tr010436,2.360828
tr011085,1.970534
tr004267,2.640359
tr001797,2.7486
tr012110,2.903959
tr006539,0.682033
tr014343,1.728834
tr014485,1.283571
tr003768,2.28565
tr013361,2.318435
tr011179,1.610909
tr014349,1.961427
tr001405,1.538632
tr014765,2.874986
tr004219,0.874209
tr013667,0.922944
tr014058,1.652296
tr014851,1.923507
tr008269,1.740806
tr000337,2.734029
tr004850,2.399524
tr002717,1.818217
tr004936,2.2286
tr004323,2.885141
tr010660,2.573707
tr002402,1.760409
tr014636,1.993732
tr008635,1.227432
tr001448,1.302289
tr013966,2.773161
tr006972,2.30662
tr011822,0.649671
tr012278,0.775941
tr014093,0.744333
tr006874,0.501205
tr011396,2.915974
tr000405,1.401535
tr014893,0.905268
tr009311,2.917441
tr007988,1.89587
tr008931,0.985291
tr005655,0.696417
tr007035,2.677293
tr010065,2.879039
tr006651,2.900764
tr012408,2.07999
tr009508,2.951745
tr003210,0.53963
tr001567,2.996544
tr008699,1.214704
tr001269,2.307917
tr003843,2.199439
tr010739,0.849445
tr005575,1.942795
tr001518,0.852944
tr012051,1.272154
tr010126,0.714394
tr010521,2.554339
tr014615,2.747865
tr002436,2.631306
tr009525,2.36481
tr001073,2.858914
tr013004,1.603174
tr006902,2.400352
tr004285,2.833443
tr002945,2.21917
tr000797,0.565249
tr006094,1.855423
tr000812,1.915467
tr001753,1.399683
tr009799,0.864341
tr005282,0.921906
tr009493,2.537554
tr005590,1.28178
tr014866,2.115791
tr014153,2.289065
tr007026,2.074083
tr009359,2.699901
tr001756,2.655827
tr009771,2.254877
tr008816,0.806539
tr001851,2.094219
tr000253,2.354481
tr010859,1.014548
tr006552,1.35342
tr003101,1.115962
tr014270,2.24705
tr014704,1.568596
tr013965,2.439057
tr005996,2.911898
tr007933,1.388861
tr003503,2.467142
tr004984,2.145626
tr009619,1.969474
tr003453,0.733925
tr003846,2.33367
tr005398,1.903631
tr011583,0.818431
tr008613,1.714333
tr010765,2.936757
tr003773,1.132257
tr001320,2.883569
tr014380,1.434399
tr014755,1.303289
tr008701,1.925463
tr013243,1.494901
tr008189,2.719631
tr009381,1.833166
tr005141,1.884884
tr009088,0.792962
tr013817,0.682681
tr011117,1.312442
tr002820,0.669613
tr009873,1.305581
tr002179,1.859549
tr000847,1.163003
tr007756,2.945661
tr002451,1.767817
tr014407,0.588162
tr006570,2.193938
tr000652,2.525059
tr009188,2.926251
tr000154,2.603282
tr011462,2.590116
tr009427,1.368919
tr010340,2.007304
tr004675,2.119162
tr007229,0.917921
tr012252,0.542396
tr012505,1.968479
tr012379,0.86529
tr011757,1.888931
tr012805,2.828961
tr005898,0.852877
tr014209,0.888081
tr006799,1.452431
tr013078,0.847144
tr006206,1.827127
tr001063,0.850819
tr012564,1.120931
tr014453,2.077449
tr011497,1.032207
tr005733,1.306875
tr003946,2.613216
tr014284,1.950739
tr005192,1.96891
tr000215,1.624259
tr002535,1.069099
tr009398,1.208698
tr011074,1.723133
tr006073,2.580335
tr002012,1.680256
tr014404,1.403149
tr014971,1.509886
tr001367,0.825498
tr014721,2.536935
tr011490,1.604099
tr006428,2.737529
tr011728,2.687281
tr000824,1.099889
tr008677,2.090761
tr011176,0.989286
tr012063,1.12556
tr008830,0.644973
tr011053,1.749076
tr009692,0.94951
tr010679,2.891139
tr000932,2.200564
tr012454,0.822365
tr009403,2.778153
tr010923,1.472315
tr002867,2.457837
tr012673,1.64267
tr004878,0.665319
tr012391,1.935595
tr002132,2.396409
tr008510,1.089481
tr004480,0.617435
tr013310,2.358202
tr014095,1.921494
tr006756,2.36506
tr014847,0.869652
tr005161,1.78308
tr002527,0.851741
tr009303,2.699938
tr013056,1.53808
tr007810,0.67593
tr010461,1.022388
tr004318,1.026797
tr003635,1.493102
tr013185,1.779881
tr007426,1.954627
tr000688,1.78221
tr004397,1.12596
tr010425,2.886647
tr009978,1.921889
tr003344,2.852296
tr004560,2.661692
tr000708,1.073312
tr003167,0.736913
tr012258,1.721005
tr002285,1.437572
tr002693,0.563471
tr010624,1.323964
tr003039,1.442479
tr012796,1.140247
tr007773,0.586948
tr010329,2.187466
tr009723,0.805086
tr000319,1.598419
tr008488,2.073806
tr010099,1.103098
tr009012,1.522995
tr010311,2.415708
tr004028,0.609385
tr003537,1.556141
tr002726,1.594231
tr002033,0.537189
tr008735,0.853875
tr012618,2.202089
tr005170,1.610982
tr007376,1.396144
tr008773,1.524124
tr012885,0.567256
tr004834,1.196221
tr010669,1.457873
tr000848,1.172081
tr005197,0.941297
tr008640,2.575
tr013438,2.141284
tr004514,0.543138
tr011523,2.066749
tr007408,0.622983
tr012551,1.468526
tr010605,0.542557
tr000867,0.76413
tr014652,2.134911
tr010321,1.97082
tr006869,0.833505
tr012552,1.668192
tr012486,2.213707
tr009367,1.0492
tr014650,2.34869
tr008169,2.729385
tr011101,1.581643
tr002379,0.945137
tr003515,1.161016
tr010934,1.348867
tr010313,1.042912
tr012381,2.81081
tr002306,1.145092
tr002931,1.980987
tr006411,0.881529
tr004102,2.906808
tr011564,2.229474
tr009251,1.719885
tr013594,0.723091
tr007122,1.78349
tr008954,2.839954
tr001581,1.612236
tr008790,2.949204
tr011719,1.091445
tr002430,2.078294
tr002234,2.881652
tr013432,0.820283
tr002390,1.704893
tr010192,2.244615
tr014909,0.664072
tr004183,0.981044
tr011344,0.840478
tr012133,2.442846
tr010826,0.577399
tr012693,0.643266
tr000071,0.999622
tr013086,1.651209
tr002658,1.434174
tr010072,2.803351
tr010442,0.643314
tr008170,0.860344
tr005793,1.769332
tr011842,1.989864
tr004962,1.661761
tr012193,0.691783
tr006299,2.709572
tr005993,1.286548
tr001569,1.760709
tr008132,0.505922
tr013398,2.381579
tr009612,1.380812
tr007355,2.475
tr006689,0.927139
tr009642,0.901529
tr013821,1.00912
tr006275,2.670265
tr002536,2.551716
tr009837,0.870003
tr008342,1.90257
tr010942,2.859123
tr011031,2.707763
tr008126,2.525416
tr000763,2.278391
tr005009,2.877363
tr009490,1.813643
tr014052,2.741948
tr011210,1.342109
tr009877,1.410305
tr011091,0.688536
tr002873,2.736572
tr005251,1.202913
tr009899,1.576261
tr003128,1.089988
tr011982,1.453698
tr014977,1.803775
tr007462,2.022513
tr003761,2.839626
tr009481,2.255172
tr012117,1.86292
tr010991,2.799823
tr013738,1.406932
tr006792,2.365801
tr004121,0.800666
tr002486,1.624065
tr003562,2.779653
tr011984,2.049416
tr010816,2.097558
tr005214,1.710029
tr000129,2.090393
tr007386,2.788762
tr009937,1.717551
tr003358,1.254183
tr006654,2.83318
tr013135,2.287257
tr010505,1.170766
tr012018,0.856584
tr012084,2.091882
tr000816,1.058094
tr013722,2.989119
tr005067,2.68013
tr010981,2.544565
tr005378,2.430783
tr005135,2.790881
tr001551,2.773998
tr002834,1.255998
tr003674,1.670413
tr013076,2.089497
tr006648,0.598051
tr002215,0.666649
tr005633,1.382247
tr012952,1.791309
tr005936,0.630472
tr006899,0.517202
tr013997,2.754226
tr010497,2.944307
tr001479,1.976991
tr009915,2.699652
tr012356,2.590854
tr012268,2.115037
tr003708,1.954258
tr007492,1.557856
tr013003,1.50636
tr004253,2.976103
tr004979,2.918079
tr002284,1.003416
tr014841,2.788116
tr000146,0.820472
tr013504,2.373137
tr013888,0.915684
tr006139,2.018312
tr000509,2.141692
tr014428,1.153734
tr001082,1.429891
tr002539,2.062055
tr006562,0.847755
tr013878,1.576817
tr006071,2.30112
tr009132,1.078069
tr002291,2.92736
tr001467,2.619016
tr010661,0.582738
tr005087,2.82832
tr012401,2.203161
tr001672,0.807949
tr010860,1.725012
tr011908,1.851394
tr009076,1.572069
tr012754,2.379141
tr006668,2.971699
tr012070,2.643352
tr001874,1.113297
tr001206,1.733732
tr002755,2.215769
tr013575,1.421197
tr000145,1.350193
tr010827,0.874617
tr004726,2.185465
tr005004,1.241498
tr004338,1.571034
tr009578,1.782016
tr002976,2.102526
tr000040,1.042585
tr008643,1.478734
tr003228,2.885677
tr002048,0.728338
tr000594,1.962526
tr001197,1.447662
tr003646,2.194797
tr006796,1.019323
tr007530,0.556067
tr009357,2.050267
tr002969,2.279167
tr014218,0.552774
tr003254,0.597053
tr009661,1.549487
tr006283,1.48245
tr014732,2.453233
tr004716,1.102555
tr010936,2.849391
tr009643,0.767256
tr002092,2.311474
tr005186,2.895107
tr011936,2.612282
tr002778,1.875559
tr013884,0.935164
tr004113,1.237778
tr009115,2.092317
tr004603,1.633924
tr002381,2.527075
tr000801,1.066705
tr000551,2.684658
tr014330,1.447072
tr012352,1.010781
tr002196,0.782429
tr004346,1.23028
tr011651,1.438774
tr002193,2.823112
tr003799,1.947406
tr014326,0.757938
tr002646,1.082151
tr003233,2.630294
tr007968,1.803759
tr013259,2.123242
tr001936,0.530941
tr001384,0.97355
tr007457,1.629677
tr011265,0.962451
tr003632,0.873299
tr000148,0.704624
tr012578,0.892459
tr009984,1.041796
tr000661,1.971135
tr007970,1.059833
tr006863,2.739377
tr009228,1.953153
tr000811,1.047185
tr012267,2.542928
tr009606,1.269287
tr002243,2.560282
tr012254,2.590365
tr001762,1.973181
tr008046,2.427571
tr006961,0.880503
tr001597,0.768625
tr014612,2.998862
tr009237,1.258226
tr002581,2.345909
tr009729,0.803185
tr000386,1.7446
tr012728,1.908253
tr004919,2.308099
tr004625,2.477527
tr012050,2.460785
tr010025,1.648102
tr005460,2.936377
tr000084,0.744708
tr004425,1.643286
tr013587,1.323717
tr014881,1.44889
tr013302,1.898453
tr012565,2.401259
tr005561,1.717603
tr002350,0.543319
tr005356,1.059488
tr005695,1.3785
tr011204,0.955694
tr010689,0.515622
tr006173,1.23024
tr003831,0.749108
tr007493,2.266747
tr013519,2.128228
tr014884,2.628756
tr003077,1.322011
tr011525,0.602902
tr000907,2.088085
tr001723,0.551285
tr010723,1.813029
tr008953,1.829295
tr010216,1.733169
tr011980,1.148151
tr010676,1.559648
tr002790,1.381665
tr012420,1.878459
tr014635,2.742218
tr004314,2.475069
tr014054,1.055314
tr006672,1.605885
tr002511,2.513996
tr012733,2.793092
tr011144,1.275729
tr003612,2.760973
tr012217,0.823329
tr007062,0.771504
tr014705,1.772025
tr013347,2.474588
tr014568,1.366309
tr000342,1.032028
tr000519,2.981993
tr006544,1.948923
tr013486,2.791574
tr014264,0.731961
tr007491,2.302658
tr014012,2.122364
tr011653,0.712276
tr014896,2.606136
tr005675,1.097456
tr000037,1.612922
tr007008,2.441203
tr010797,0.518032
tr005503,2.23041
tr014876,2.125402
tr004583,1.055033
tr013758,0.823577
tr011588,1.75234
tr003528,0.770892
tr009730,0.670015
tr005661,1.405467
tr008888,2.92018
tr013926,2.014721
tr000921,0.772649
tr006087,1.749536
tr010798,2.283818
tr007154,0.92392
tr006187,1.143674
tr012287,1.074837
tr006090,1.273953
tr001044,0.736491
tr009179,1.757716
tr006553,1.957381
tr008965,0.755385
tr013828,1.222894
tr013619,1.884049
tr011390,1.591195
tr003945,2.740497
tr000628,1.022042
tr011161,1.695292
tr013818,1.469698
tr007850,2.227382
tr009887,2.123554
tr009734,2.730861
tr003191,1.186329
tr001925,2.489084
tr005276,2.118618
tr005634,1.361261
tr006981,1.987697
tr008260,2.776742
tr009570,1.260871
tr013399,2.474725
tr010076,2.510255
tr014106,2.125201
tr008939,2.254194
tr004396,1.48552
tr009396,2.917923
tr000273,1.167076
tr004038,1.242893
tr010857,2.348916
tr010584,2.252411
tr002650,1.863602
tr008929,2.138355
tr014871,2.590723
tr009769,0.652501
tr001862,2.634303
tr013191,0.834117
tr007997,1.915871
tr008587,0.649522
tr001299,1.773591
tr013982,2.071846
tr005127,2.05117
tr007391,1.659678
tr007627,2.893818
tr008681,0.611659
tr001505,1.292811
tr008138,1.999443
tr002662,1.02008
tr004269,0.826301
tr005789,2.338779
tr013235,1.451753
tr004410,1.756547
tr012472,1.643288
tr011322,0.741628
tr005838,2.863251
tr006645,1.396417
tr010274,0.672114
tr000772,0.557313
tr011116,1.809825
tr007341,0.617398
tr002881,1.926605
tr000783,0.716587
tr010036,1.468103
tr008897,0.836747
tr000870,2.527871
tr009232,1.585242
tr008615,0.863933
tr010488,0.701964
tr013344,2.434512
tr002561,1.892099
tr007769,0.556304
tr010463,2.813773
tr003142,2.856282
tr011918,2.797007
tr002415,0.989395
tr012813,2.237304
tr011093,2.397701
tr004259,1.076868
tr014423,1.879685
tr001402,2.413308
tr003742,2.639872
tr003600,1.216961
tr006127,2.632018
tr011675,0.894848
tr008809,1.683259
tr013282,0.675063
tr014923,1.148925
tr014253,2.004439
tr013513,1.312719
tr002649,2.039694
tr000254,2.295861
tr007039,1.430052
tr013757,2.116259
tr000802,2.800078
tr013473,2.796648
tr002982,1.120551
tr004847,2.113272
tr011995,0.907204
tr001438,1.901801
tr010433,2.444199
tr011156,0.870117
tr013766,1.87504
tr006766,0.857748
tr002404,2.61632
tr007059,2.177089
tr000435,0.855723
tr013369,2.574434
tr007395,1.925322
tr005889,1.752036
tr010775,2.372668
tr011705,0.583805
tr003795,0.56191
tr007326,1.034815
tr004490,0.957781
tr001525,0.59669
tr013055,2.208668
tr008727,1.134761
tr007963,0.9065
tr008275,2.684911
tr005998,2.705861
tr002026,1.70335
tr009313,1.114289
tr014002,1.6152
tr002394,0.564103
tr012027,2.026826
tr007944,0.841378
tr002574,1.431034
tr012170,0.907297
tr012446,0.584028
tr014378,2.114711
tr003975,2.210158
tr013288,1.124054
tr014591,1.155936
tr004371,2.564103
tr010476,1.217182
tr012311,0.648774
tr009494,1.009985
tr013720,1.909785
tr007600,1.125158
tr010156,2.48453
tr004344,1.608634
tr010098,0.919461
tr007144,2.389672
tr000712,1.750256
tr011430,1.673304
tr014834,1.462109
tr012066,0.666453
tr007847,2.45675
tr010569,2.923926
tr012879,1.159349
tr012908,2.811542
tr004190,1.788904
tr002766,0.510189
tr014929,1.460989
tr013170,1.614445
tr014554,2.240746
tr005287,2.659133
tr012539,1.115689
tr014754,2.555017
tr002320,0.67144
tr012035,1.605264
tr011574,0.627849
tr008276,1.850372
tr001209,0.655797
tr004829,2.393776
tr003446,1.623189
tr000402,1.731585
tr014071,2.634031
tr001285,1.739204
tr006456,1.216259
tr005588,2.149604
tr005391,1.429726
tr005062,2.284992
tr006523,0.915623
tr005451,1.348041
tr010494,1.582269
tr011445,2.233792
tr008638,2.29541
tr014363,2.322144
tr010879,1.433136
tr002558,2.879545
tr009209,2.975875
tr003252,1.213479
tr008001,2.820271
tr003539,0.571668
tr008711,0.902377
tr011626,2.514546
tr012174,2.994632
tr008231,2.828742
tr004927,0.726497
tr004351,2.35562
tr005712,2.0021
tr014445,1.46571
tr013218,0.932076
tr012929,1.166876
tr010756,2.625843
tr013007,0.989557
tr010702,1.294229
tr004634,0.968956
tr013205,0.768384
tr008656,2.544863
tr012776,1.718554
tr012494,0.794945
tr012010,1.194876
tr012210,1.007101
tr005309,1.439258
tr013510,2.432889
tr006774,1.612103
tr006182,1.475541
tr014084,2.834615
tr014898,1.135007
tr011316,0.78555
tr001094,2.126683
tr001873,2.052389
tr012848,0.726788
tr004657,1.435082
tr010299,0.587073
tr008131,0.994393
tr010735,0.738494
tr012442,0.748561
tr006998,2.021572
tr003595,1.089355
tr003840,2.62491
tr008296,2.373506
tr014729,1.287092
tr010230,1.677555
tr009319,2.351599
tr012475,2.38816
tr001917,2.081439
tr008791,2.832822
tr010266,1.840644
tr007746,1.094511
tr013665,2.265165
tr010932,1.98868
tr006750,2.071724
tr004799,1.796077
tr012606,2.691022
tr011932,1.511645
tr000088,2.005765
tr009573,0.923742
tr008118,2.993034
tr010982,0.980135
tr011935,0.969207
tr007108,2.737633
tr003286,1.720238
tr010515,1.697728
tr006647,1.496028
tr004454,2.700389
tr006309,2.974281
tr008031,1.137205
tr006588,0.685553
tr008355,2.477733
tr005392,2.149097
tr011025,0.543432
tr002063,1.149692
tr003255,0.987732
tr014300,0.828984
tr003426,2.174963
tr010715,2.272306
tr014466,1.130556
tr001676,1.09693
tr000267,1.985679
tr010342,2.917889
tr000130,2.740315
tr005985,1.446153
tr008886,2.824844
tr002128,2.478235
tr005615,1.854028
tr013700,2.565916
tr000698,0.682135
tr006714,2.224606
tr003162,2.397525
tr004238,1.547986
tr002780,2.4854
tr013574,2.178352
tr005158,1.930291
tr007137,2.150052
tr010319,1.977015
tr003066,1.672537
tr005345,2.269147
tr008703,2.057578
tr010412,0.924954
tr011055,2.73359
tr000177,0.772267
tr007757,1.902975
tr011208,1.28312
tr010332,1.19683
tr005505,2.064576
tr007547,1.844518
tr009406,2.01573
tr010847,1.197433
tr003597,1.93136
tr004251,2.897802
tr013917,2.975224
tr000502,0.771617
tr011330,0.517705
tr008282,0.992552
tr008095,1.303637
tr005069,1.021144
tr011887,0.507562
tr006692,0.799098
tr005782,2.355517
tr002412,2.672539
tr005096,1.717791
tr013920,2.327989
tr000389,1.074567
tr013728,2.866703
tr013874,2.726134
tr008237,2.401449
tr014055,2.566881
tr012562,1.809081
tr004975,0.524678
tr003679,0.823581
tr004231,2.749439
tr005804,2.887849
tr005164,2.452502
tr011603,1.100118
tr002985,2.915216
tr000363,2.625063
tr003665,2.956884
tr010334,1.254893
tr006097,1.933392
tr006723,0.771982
tr007917,0.802875
tr011310,0.903599
tr001602,0.67776
tr002384,1.426726
tr000136,2.631087
tr000047,0.636293
tr014249,0.934382
tr012167,2.916321
tr007028,0.585277
tr014480,1.382845
tr008400,1.787804
tr005620,2.390611
tr004731,1.278318
tr005415,2.266191
tr013933,1.814912
tr001460,2.289414
tr012638,1.39908
tr009787,0.878266
tr012984,1.665526
tr007481,1.155223
tr002481,0.754725
tr000478,2.324883
tr001300,1.837319
tr003985,2.747301
tr008242,2.110845
tr008328,2.391531
tr013178,0.507349
tr009098,2.820485
tr004153,0.557214
tr004783,2.240929
tr002779,1.413042
tr002085,0.982473
tr011227,2.791898
tr003300,1.635692
tr012731,1.714302
tr008110,2.768984
tr005685,2.260451
tr008279,0.884419
tr009286,1.703998
tr000798,2.620575
tr000030,1.138559
tr010892,2.245308
tr007704,2.941014
tr001122,2.473631
tr011981,2.024076
tr010150,1.004452
tr003330,2.116015
tr007377,2.549894
tr000657,2.742356
tr004034,1.767263
tr007065,2.138162
tr000446,2.894871
tr011540,2.040131
tr013081,1.192002
tr008123,2.910912
tr003913,2.286779
tr013154,2.074394
tr011013,0.832363
tr005160,1.321191
tr012383,2.521473
tr008305,0.574168
tr008682,2.19947
tr005397,0.855905
tr001222,1.984278
tr014679,2.353775
tr008802,1.713315
tr014525,2.325417
tr004152,1.576195
tr007888,2.747574
tr010764,1.377864
tr000884,2.80328
tr012056,0.903914
tr013476,0.578627
tr005929,1.351952
tr008241,2.246816
tr014515,0.817919
tr014711,0.727613
tr013703,1.057914
tr000858,1.166857
tr009518,1.220907
tr011455,1.194448
tr001119,2.5221
tr005439,0.500906
tr001335,2.668065
tr010306,2.487779
tr008482,1.398879
tr004036,0.701135
tr000950,1.141945
tr011554,2.925834
tr013451,1.14338
tr014233,2.240293
tr012873,1.874661
tr013573,2.605994
tr006623,0.546684
tr008185,1.780045
tr007977,2.127392
tr002959,1.029108
tr010290,1.866597
tr002504,1.699667
tr009283,1.559096
tr012326,2.725943
tr005058,1.755662
tr002665,2.295852
tr004959,2.138017
tr010409,2.356073
tr013568,2.642678
tr000021,2.295312
tr000619,0.596997
tr008327,2.940036
tr003370,0.725664
tr010774,1.244358
tr006959,2.139458
tr007263,0.670431
tr010292,0.510484
tr012090,2.612535
tr002606,1.86516
tr004197,2.387422
tr002254,2.07564
tr003048,0.959287
tr005327,0.713607
tr006954,0.732731
tr000029,0.529788
tr011488,1.727456
tr001190,2.793658
tr008067,1.00343
tr014411,0.516991
tr006860,1.757862
tr007169,1.969336
tr009265,1.124939
tr002563,1.760447
tr008332,2.34283
tr006665,1.658597
tr003697,2.712105
tr012593,2.586511
tr005723,1.816903
tr006195,2.586984
tr009284,2.428481
tr005261,1.965901
tr004373,1.070172
tr010683,2.908108
tr003490,1.159443
tr011698,1.109786
tr013730,1.946201
tr008605,2.237045
tr013908,2.681615
tr001916,1.292716
tr007292,0.516998
tr009068,0.963695
tr009885,2.027779
tr005702,1.167933
tr001117,2.803128
tr012457,1.507095
tr007354,2.406963
tr013508,1.921538
tr012093,0.878751
tr009906,2.349996
tr005662,0.719742
tr009572,1.937869
tr003119,2.53665
tr000498,1.105961
tr014573,1.501139
tr004003,0.735049
tr014981,1.826483
tr010288,1.287475
tr004804,1.692267
tr010160,1.595385
tr003934,2.365311
tr001968,1.506174
tr001729,1.016767
tr005751,1.297322
tr009882,1.161957
tr007257,1.870344
tr003118,2.758133
tr013482,2.931896
tr011610,0.953271
tr000416,1.894551
tr002036,1.595104
tr000384,0.902798
tr000955,2.515566
tr008505,1.923039
tr009145,1.893579
tr014654,1.787571
tr010296,2.887371
tr003178,2.074671
tr011181,2.411716
tr000728,1.6661
tr010900,0.542583
tr012424,1.015228
tr006233,2.157445
tr005790,0.721904
tr011051,1.346232
tr002669,2.982946
tr000264,1.576093
tr003427,2.358139
tr002568,1.378363
tr014590,0.693354
tr013727,1.764122
tr008398,1.380193
tr006453,2.927405
tr012687,1.257768
tr001347,1.167405
tr003817,2.52023
tr013032,0.747326
tr002416,1.245488
tr003403,2.306111
tr011278,1.741162
tr009745,1.876272
tr004764,2.297792
tr000170,1.846038
tr013093,0.938759
tr014250,1.630605
tr014358,1.986029
tr014303,0.557649
tr002424,2.318178
tr011249,1.034153
tr012575,2.764324
tr001428,2.547292
tr006770,2.451163
tr004593,1.752409
tr002733,2.214506
tr002688,2.113727
tr001245,2.825202
tr005056,1.304212
tr000053,1.490976
tr005941,1.324278
tr012449,2.81037
tr000009,2.813257
tr002999,2.290527
tr003139,1.272684
tr002007,0.529488
tr011351,0.969482
tr005070,2.384455
tr001993,1.431733
tr009999,1.794746
tr013906,2.40283
tr012461,2.883849
tr002946,2.122796
tr014780,1.730647
tr008534,0.691347
tr011761,0.731799
tr010794,0.971643
tr002250,2.672276
tr005677,1.817794
tr006276,2.525024
tr007779,2.829231
tr001608,1.213935
tr012808,2.262717
tr008048,1.605095
tr014109,1.354812
tr012339,1.778743
tr001614,0.951568
tr004380,2.676025
tr009793,2.777551
tr008057,1.614045
tr000072,2.970452
tr011558,2.827519
tr001514,2.3802
tr001349,0.689312
tr009813,1.240473
tr012774,2.704096
tr007382,1.222898
tr008841,0.549885
tr008243,2.086771
tr004973,2.950491
tr004031,1.651738
tr010561,2.150489
tr013686,0.580491
tr010579,2.552334
tr009595,1.074775
tr011059,2.021828
tr003873,1.852956
tr005348,2.123909
tr010059,1.629632
tr010413,2.825042
tr000437,2.378774
tr006320,1.724303
tr010071,1.510996
tr011464,1.728121
tr013798,1.566972
tr014195,1.337707
tr011857,1.216074
tr004279,2.268658
tr009006,1.989496
tr014939,1.940868
tr008919,1.182708
tr002005,1.771264
tr001867,1.62618
tr011235,1.852846
tr012360,2.538178
tr012368,2.146679
tr007023,1.921007
tr003415,0.710821
tr003621,2.80819
tr006592,2.073152
tr001954,2.849268
tr008164,2.417886
tr012732,2.320162
tr012721,1.881127
tr012138,2.220018
tr011744,2.332478
tr007995,2.532002
tr012555,2.971161
tr001010,2.107903
tr013922,0.718603
tr001506,0.552767
tr007735,0.795666
tr006837,1.112954
tr010865,1.617461
tr011917,1.72818
tr000700,1.937233
tr004350,0.815839
tr005240,0.576598
tr014996,2.174861
tr009761,0.503171
tr010010,2.360951
tr007791,0.958099
tr007660,1.932602
tr004616,2.766407
tr000573,1.25559
tr002237,0.649008
tr010785,1.102169
tr000051,2.663922
tr006673,2.079669
tr004862,2.602914
tr013842,1.241873
tr014227,1.596587
tr006038,1.164382
tr012568,0.622543
tr000645,2.541801
tr001200,0.863437
tr008676,2.294315
tr010060,0.603093
tr007975,0.661911
tr005449,1.24308
tr000769,1.214841
tr001670,1.311287
tr012810,1.899489
tr004934,2.769801
tr011119,2.971086
tr007842,1.150656
tr013070,1.521289
tr010011,1.382614
tr002787,2.316866
tr007516,0.64519
tr011547,1.512622
tr007127,2.453277
tr012629,2.86841
tr006658,1.39492
tr004361,0.520959
tr010891,2.673565
tr012480,2.475952
tr013823,0.668832
tr002698,0.736464
tr008980,2.254425
tr002246,1.918301
tr013447,2.394529
tr008571,0.62389
tr004495,1.961007
tr013503,0.760425
tr014460,2.191194
tr009695,1.871505
tr014629,2.103521
tr014596,1.31726
tr013315,0.72001
tr004725,0.877757
tr011228,1.57514
tr011666,2.40676
tr007661,1.978916
tr004324,0.525071
tr005400,2.02734
tr004715,0.819801
tr008838,1.945142
tr007543,0.700291
tr001115,0.807492
tr001227,1.398277
tr000799,2.483954
tr002325,1.251038
tr008744,2.6284
tr001439,1.12706
tr002411,0.875198
tr004569,1.997974
tr010237,0.943324
tr010999,0.571442
tr002897,2.601026
tr003892,2.721041
tr010326,1.40182
tr009470,1.984901
tr002700,2.461612
tr012091,1.748105
tr006028,2.454586
tr007298,0.683864
tr004683,0.909646
tr004382,0.986534
tr001054,2.781253
tr013641,2.022196
tr013655,2.060869
tr003823,2.29247
tr008220,2.890227
tr008193,1.053436
tr004868,2.041192
tr005088,0.69608
tr014344,2.671713
tr005321,2.537463
tr007424,2.957678
tr014069,0.666689
tr010451,2.467766
tr012870,1.870583
tr008018,1.171666
tr000871,1.371419
tr000658,2.704666
tr006989,1.824332
tr013680,1.413341
tr010905,1.24626
tr009909,2.933801
tr000274,1.847891
tr010081,2.318041
tr011688,2.295532
tr003760,2.569764
tr008182,1.844595
tr002507,1.902282
tr005692,2.920109
tr011775,1.974955
tr010957,2.12653
tr006877,1.305887
tr007423,1.669785
tr000302,1.056166
tr009800,2.463872
tr011154,1.980467
tr003677,2.130496
tr010416,1.191823
tr004009,0.654208
tr008985,2.77498
tr002117,0.847268
tr004100,1.447908
tr000935,1.563938
tr006556,1.698982
tr004195,2.667367
tr014753,1.339326
tr004509,2.725418
tr003693,2.731156
tr001123,2.626524
tr000640,2.586519
tr009719,2.102003
tr001598,2.864965
tr000791,0.506852
tr009433,2.584931
tr007337,0.905667
tr011962,1.703803
tr009274,0.692901
tr002722,1.136974
tr006004,2.528923
tr014796,1.772285
tr011110,2.189418
tr007360,1.977893
tr004073,1.180495
tr010021,1.004821
tr006039,2.900822
tr010836,0.715498
tr008970,1.762474
tr007519,0.995306
tr010971,2.912326
tr003270,0.579774
tr013255,2.982152
tr000362,0.994174
tr012376,0.514995
tr000317,0.981557
tr011010,2.599926
tr010636,2.894779
tr011647,1.734408
tr003571,2.558675
tr010377,0.826568
tr003929,0.91354
tr005713,2.479231
tr009411,1.501799
tr006364,0.885278
tr002901,1.086976
tr000438,2.389516
tr009520,0.632313
tr009651,2.264663
tr000310,1.798802
tr012171,2.572239
tr007857,1.997166
tr008352,0.546562
tr011521,1.80581
tr005584,2.337062
tr001515,2.213749
tr000292,1.986759
tr014056,1.582052
tr007912,1.774868
tr007730,1.470374
tr010305,1.112933
tr002074,0.638215
tr000923,0.641056
tr009527,2.117376
tr004524,0.581424
tr000256,2.249947
tr011163,2.837742
tr004775,2.54473
tr010843,0.760488
tr008239,2.088545
tr013434,1.20239
tr001326,0.917037
tr010438,1.14903
tr002240,2.136092
tr005422,1.598918
tr013626,1.021572
tr008262,2.274343
tr012365,2.63695
tr001096,2.474526
tr006506,1.683138
tr006296,0.719999
tr005916,1.056497
tr005875,2.893016
tr005978,2.916898
tr010350,1.640183
tr000076,1.833421
tr012002,0.791652
tr010593,2.737672
tr007057,0.940601
tr012297,1.181225
tr001628,1.561316
tr008671,0.565514
tr013984,0.517902
tr003096,0.766252
tr008774,1.908389
tr006134,2.10192
tr004051,1.426857
tr003017,1.376497
tr010423,2.539741
tr014681,0.512352
tr000150,1.908585
tr000382,2.510476
tr008555,1.950836
tr013528,2.246904
tr003579,1.744573
tr014809,2.700142
tr004647,0.890501
tr004628,0.693435
tr005932,1.882379
tr007219,1.481116
tr012300,0.723583
tr004672,1.006655
tr005448,2.673121
tr010969,0.669795
tr013158,1.19477
tr001449,1.392438
tr006321,0.844385
tr009912,1.038341
tr006101,1.485143
tr008973,1.996779
tr012962,0.564905
tr011365,2.142063
tr004105,0.725331
tr012716,1.89663
tr003040,0.643896
tr010406,2.964051
tr001629,0.594648
tr003079,1.644734
tr003750,2.821232
tr004846,1.526172
tr003552,0.96069
tr001101,0.672472
tr013417,2.807758
tr002719,2.341439
tr012853,0.939099
tr002865,1.881138
tr013836,2.24008
tr000486,2.32269
tr000297,0.984821
tr014377,2.026435
tr002902,2.087038
tr006560,0.741651
tr000115,0.706002
tr005461,2.168669
tr004336,2.207461
tr010840,0.741451
tr011872,2.997021
tr001796,2.785994
tr006413,1.995551
tr008787,1.900866
tr000514,0.731926
tr005828,1.172575
tr005358,2.957531
tr010625,2.358935
tr013927,0.594059
tr014741,1.003997
tr000985,2.449438
tr011966,0.905551
tr012930,2.241147
tr002512,1.477222
tr009897,2.020027
tr005519,2.969625
tr002354,1.537844
tr012814,1.717178
tr007133,1.682958
tr005330,2.407084
tr008949,1.812388
tr007759,2.984837
tr005600,0.923137
tr014548,1.226681
tr011769,0.710117
tr008652,0.625324
tr013428,2.901131
tr002746,2.952057
tr001263,1.467606
tr003057,0.903282
tr013091,2.669924
tr012793,1.951597
tr012003,1.15683
tr006012,1.291398
tr004922,0.876185
tr014328,2.443195
tr000969,2.529811
tr002918,2.755382
tr011713,1.734713
tr011852,2.55345
tr011916,1.597104
tr005084,2.098067
tr000843,2.391883
tr005635,2.332174
tr012871,2.595574
tr011676,1.359348
tr013274,1.101613
tr004045,1.053295
tr014775,2.345222
tr003008,0.593471
tr001816,0.787462
tr009370,1.21604
tr005577,0.664353
tr005325,1.560425
tr001705,1.990809
tr011689,0.703265
tr011375,2.902686
tr012832,2.558922
tr002891,1.027599
tr004778,2.367462
tr000760,0.56613
tr010614,2.465618
tr008030,1.707284
tr005701,0.911227
tr003280,1.337561
tr014843,1.488148
tr009913,1.83591
tr005672,0.866962
tr014061,0.861106
tr007362,2.808413
tr001578,1.683761
tr006391,2.682797
tr006497,2.319947
tr004997,2.984079
tr010538,1.122878
tr007173,1.706808
tr001566,2.357197
tr014725,1.346744
tr013610,2.880169
tr014685,1.050381
tr011797,2.538869
tr010768,2.430168
tr000092,1.701404
tr008317,0.62066
tr002094,1.625744
tr008930,2.960342
tr012038,0.801721
tr001680,2.968543
tr005551,2.299178
tr001696,0.666829
tr002149,2.588604
tr009371,1.715919
tr014946,1.264189
tr009514,2.598296
tr010446,0.676732
tr001700,2.056769
tr009765,1.101994
tr002106,0.967684
tr011648,1.259913
tr001811,1.047972
tr006587,2.336812
tr003348,0.797458
tr009446,2.618748
tr009655,2.237303
tr013059,2.919762
tr003651,0.859478
tr013471,2.250337
tr000238,2.943585
tr013551,1.468258
tr009415,2.289774
tr007125,0.525942
tr011530,1.316879
tr001270,1.725069
tr011622,1.527166
tr005663,2.810391
tr003058,1.200585
tr006221,1.569429
tr003953,1.374595
tr012324,0.524514
tr002136,2.487632
tr002417,0.728414
tr001484,0.680766
tr001807,1.932237
tr009029,2.577939
tr013658,1.052408
tr006238,1.52782
tr007928,2.979293
tr007915,1.643396
tr009484,1.821651
tr000707,1.170133
tr002548,0.589926
tr011597,1.024544
tr005190,1.377046
tr012396,0.908338
tr009531,1.064503
tr006292,0.806343
tr014825,1.596692
tr010646,2.17166
tr004156,0.918862
tr010938,0.923154
tr005314,1.866482
tr003555,2.869671
tr005054,2.953469
tr011612,2.30903
tr011298,2.811379
tr001744,2.970373
tr013914,2.34766
tr000889,0.647317
tr008434,0.973634
tr010167,1.154078
tr005333,0.635756
tr002953,1.849184
tr001577,1.311628
tr002397,1.964978
tr009708,0.980351
tr003725,2.942685
tr002524,2.509565
tr011240,2.256164
tr000131,0.831574
tr008611,0.632596
tr003819,1.948976
tr006226,1.229464
tr006696,1.051713
tr006886,1.166146
tr000477,2.66388
tr012100,0.530343
tr012795,1.622438
tr012953,1.326938
tr004664,1.449814
tr001233,2.720908
tr002099,2.45357
tr013402,1.468227
tr013637,1.533234
tr011262,1.778652
tr003554,0.987879
tr000981,1.194052
tr002737,1.466113
tr013009,0.941792
tr012981,2.064157
tr009659,0.676003
tr002513,1.136542
tr012508,0.888573
tr001626,0.51139
tr005874,1.539577
tr008236,1.046055
tr007163,2.303937
tr008813,2.921021
tr011634,2.203734
tr011347,1.411956
tr003112,1.026017
tr004026,0.986557
tr006733,0.549951
tr005960,1.439544
tr006607,0.812259
tr006479,1.356007
tr004668,2.952178
tr011904,1.978075
tr002356,2.727067
tr006476,2.752088
tr004742,1.463201
tr011566,1.235553
tr012717,1.289229
tr001155,2.950713
tr002166,2.588553
tr006145,2.927209
tr001576,2.549662
tr001618,0.657933
tr007807,2.145084
tr005989,0.747096
tr003534,1.763412
tr005299,1.745549
tr002020,2.387874
tr004931,1.719431
tr007715,1.107754
tr012165,2.098702
tr002729,0.927006
tr003127,1.18915
tr005011,1.90754
tr006414,0.6947
tr003753,1.167062
tr008521,0.507089
tr008818,2.903626
tr004013,2.141473
tr006934,2.122136
tr013656,2.170612
tr014163,0.830613
tr004902,1.116016
tr008683,2.361485
tr004790,1.76047
tr005271,2.841483
tr012570,0.996933
tr009512,0.629227
tr012692,1.398832
tr008091,0.589815
tr003602,1.24627
tr013261,1.405897
tr003011,2.832798
tr008344,2.986108
tr013971,1.781307
tr007683,0.57725
tr007615,1.868055
tr004070,1.772975
tr008988,0.785724
tr001904,2.195612
tr014149,1.035425
tr010828,1.280718
tr003745,1.17164
tr001682,1.317971
tr004820,2.680079
tr001790,1.539418
tr009731,1.709379
tr014860,2.790087
tr014887,2.505597
tr002575,1.591814
tr011470,2.440752
tr005128,2.47754
tr007034,0.645991
tr009910,2.437762
tr014727,2.989422
tr000624,2.432049
tr005426,0.677394
tr008000,1.99131
tr014578,2.420183
tr014074,1.084485
tr008133,0.872722
tr011985,2.738897
tr005166,2.649383
tr010491,0.929494
tr001338,2.914678
tr002500,0.739861
tr007230,1.532134
tr002323,2.343299
tr012869,1.442925
tr009321,1.356112
tr009615,2.189658
tr002654,2.154217
tr009672,0.73852
tr014689,1.908225
tr013493,2.142906
tr003769,1.888336
tr009103,2.640985
tr000096,0.527944
tr003038,2.621786
tr003986,2.961398
tr000835,2.634538
tr008950,0.972115
tr000269,2.550539
tr013775,1.510316
tr011673,1.478478
tr001853,2.636449
tr011880,1.319113
tr002154,0.748688
tr004056,1.830486
tr007536,0.599379
tr002052,2.757883
tr003483,0.895456
tr014553,1.345745
tr013137,2.177166
tr001213,2.403788
tr001289,2.374666
tr011746,0.629253
tr010950,2.863565
tr012866,0.537985
tr012722,0.818314
tr008805,0.644055
tr014142,1.081375
tr001599,1.336422
tr002980,2.721785
tr013362,2.556811
tr003121,2.124698
tr003732,2.443766
tr013973,1.102197
tr012161,1.753681
tr004420,2.858475
tr010053,1.509781
tr007838,0.742636
tr006724,2.669531
tr004632,1.882824
tr006268,1.681037
tr007312,2.930133
tr005901,2.602114
tr002744,0.597875
tr013411,2.514597
tr001502,1.882362
tr005012,2.348014
tr014565,1.042419
tr009806,1.024748
tr002517,2.218821
tr008320,1.195114
tr011505,2.017246
tr011048,0.752884
tr014949,2.57201
tr008300,0.787389
tr013378,1.122357
tr002184,1.909319
tr009069,0.926629
tr011928,0.619956
tr011792,0.727373
tr001485,2.189809
tr011026,2.371347
tr011970,1.112948
tr005565,0.768272
tr010203,1.859819
tr009400,1.868602
tr007651,0.725959
tr012532,2.419896
tr005535,2.920121
tr000388,1.771699
tr012988,2.894212
tr010453,2.24822
tr003175,1.071294
tr008460,0.597585
tr007518,1.15362
tr007401,2.007204
tr003625,1.527198
tr010492,2.257394
tr008963,0.860091
tr008661,2.837814
tr009472,2.043831
tr001517,0.895038
tr011264,2.483764
tr008200,0.82718
tr011942,2.221953
tr006741,2.238817
tr012329,1.426253
tr013132,1.363137
tr013733,0.932886
tr010576,2.589459
tr009138,0.644026
tr007571,2.374063
tr002506,0.809591
tr008914,1.748172
tr007760,1.677343
tr008907,1.324853
tr000936,2.228532
tr000085,2.461472
tr002668,1.316482
tr003628,2.764534
tr001369,2.079136
tr012224,1.009286
tr009290,1.376063
tr000692,2.188363
tr012354,1.804988
tr005290,2.53419
tr006806,0.877834
tr013264,1.566145
tr009032,2.857699
tr002040,2.651204
tr009044,2.877217
tr004996,1.997376
tr003242,1.04747
tr009583,2.474662
tr005780,1.825297
tr007939,2.338105
tr012504,2.021517
tr002590,2.659291
tr005498,2.901658
tr004095,0.641104
tr002910,1.520435
tr011220,2.123143
tr010327,2.078489
tr011834,1.413425
tr001958,1.382249
tr010022,2.625469
tr000496,2.350788
tr001746,2.566277
tr000152,1.864438
tr003995,1.760172
tr006000,2.872657
tr007662,1.77175
tr006440,1.656538
tr005044,1.317895
tr009957,2.633131
tr004419,0.641727
tr003056,2.245815
tr012200,0.642107
tr007202,1.2972
tr007616,0.908812
tr013932,2.642911
tr014472,2.720223
tr011772,2.202722
tr005968,2.680888
tr011380,0.975687
tr007085,2.438726
tr004112,2.218387
tr002877,1.554761
tr008507,1.6501
tr013227,1.263505
tr011535,2.64478
tr012874,1.44461
tr006417,2.054985
tr009432,0.750111
tr013721,2.131751
tr000305,2.079338
tr000755,2.490612
tr005920,2.644652
tr004854,0.894795
tr012203,1.215699
tr011868,1.363455
tr012622,2.596231
tr011190,1.047007
tr007483,1.594825
tr000043,0.846896
tr010082,2.805682
tr001684,1.25396
tr005504,1.420804
tr000916,1.874736
tr002164,1.673217
tr011006,2.973368
tr012847,1.234928
tr004506,1.566108
tr007575,1.649169
tr002641,1.841291
tr010314,0.720202
tr013879,2.787687
tr013128,1.674747
tr001538,2.453859
tr011643,2.166565
tr013324,1.12943
tr007992,2.003921
tr011361,1.719891
tr004529,0.584997
tr009822,2.048933
tr014005,0.664357
tr011802,1.949722
tr010750,2.62353
tr003741,2.994723
tr002433,2.4378
tr008316,1.697165
tr003161,0.941879
tr000232,1.076056
tr012322,1.718209
tr010165,0.913958
tr001931,1.813297
tr010163,0.767567
tr006256,0.663567
tr014291,1.858824
tr001819,1.088393
tr004697,2.790282
tr005753,2.878567
tr009233,1.933595
tr006889,0.744546
tr009230,0.660745
tr010119,2.103214
tr014026,2.461991
tr003925,0.842712
tr011158,2.656193
tr006964,1.254425
tr002015,0.729795
tr003888,2.699374
tr003867,1.6562
tr013792,2.185477
tr008266,1.945365
tr001430,0.927404
tr003905,2.38571
tr004305,2.172282
tr010408,2.613041
tr004578,1.14119
tr012536,1.145201
tr005375,2.891081
tr006496,2.328586
tr007677,2.092743
tr010617,1.423503
tr008423,1.90161
tr001688,0.537405
tr013633,1.28772
tr011730,0.902433
tr006177,1.490709
tr004433,1.525285
tr013518,0.820443
tr013961,2.197438
tr001229,2.387223
tr004921,1.352445
tr009148,0.639186
tr001052,1.534222
tr004482,0.919329
tr014911,2.352553
tr000767,2.697712
tr007990,0.931365
tr007982,2.751346
tr009644,1.763765
tr010588,1.706899
tr009553,1.425254
tr000911,2.077933
tr010703,0.822619
tr013272,2.43617
tr006914,1.215537
tr003332,2.755957
tr014247,0.900852
tr013279,2.816869
tr004328,0.816102
tr008150,1.72784
tr011267,0.749693
tr003070,0.92349
tr008271,0.88031
tr008700,2.642339
tr011373,1.124137
tr004275,2.324037
tr009221,1.895436
tr004992,1.261844
tr007460,0.837829
tr007551,2.914177
tr012542,0.817861
tr011813,1.571962
tr009712,2.286317
tr011788,2.052421
tr006266,1.604953
tr007370,2.327121
tr001057,1.236567
tr003933,2.333688
tr006429,2.376788
tr006801,2.121681
tr008992,2.795803
tr004526,0.795231
tr013458,1.347355
tr005490,1.28256
tr010965,2.803538
tr000424,2.436849
tr014129,1.382141
tr007002,0.714631
tr005413,2.715116
tr002917,1.086601
tr012939,0.694338
tr006528,1.401792
tr005491,2.080322
tr005344,1.217032
tr013308,1.840762
tr010125,0.94557
tr011716,2.330818
tr010629,2.170878
tr010939,2.608536
tr001273,2.731828
tr011436,0.979658
tr008796,1.077794
tr000318,1.497001
tr011830,0.797469
tr001588,1.100629
tr006054,0.633789
tr005778,2.468175
tr014878,1.981674
tr004453,2.328923
tr003619,0.718886
tr008624,1.699907
tr006426,0.686577
tr009196,0.806826
tr010268,1.420479
tr009445,1.364602
tr002147,2.324526
tr000296,2.465775
tr006485,0.751285
tr011657,1.291683
tr003643,1.573784
tr000108,2.379757
tr014526,1.470847
tr010829,2.482454
tr010810,0.610286
tr003639,1.252942
tr014268,2.815734
tr008383,1.683431
tr002279,2.456793
tr002679,0.755194
tr001616,1.797056
tr000461,1.670858
tr001091,1.744199
tr006403,2.130394
tr014854,1.128271
tr010214,0.658933
tr012868,2.478996
tr010114,2.078022
tr003608,1.864079
tr008747,2.611234
tr010575,0.833594
tr000877,1.757627
tr000171,2.970029
tr008163,2.970173
tr004522,2.469563
tr011382,2.03126
tr003346,2.083289
tr001741,2.516904
tr012540,1.240495
tr005225,2.042935
tr013244,1.362235
tr008742,1.02821
tr002146,2.254076
tr013342,1.027767
tr003938,1.582584
tr000733,0.567584
tr005619,1.936355
tr005311,1.542752
tr005241,1.524661
tr001737,1.253884
tr010831,2.56091
tr002797,1.832717
tr012016,2.179446
tr000200,0.962419
tr008329,0.758754
tr007142,1.145777
tr012620,2.250602
tr002093,2.460896
tr004054,2.597629
tr012429,1.794131
tr001120,1.018665
tr007761,2.5228
tr005051,2.60841
tr003485,1.635969
tr005853,0.749613
tr000107,1.9955
tr011338,2.707083
tr005035,2.063292
tr002769,1.859838
tr001240,2.511768
tr005639,0.531587
tr004244,0.603218
tr002886,0.776116
tr006336,1.041514
tr001442,2.276105
tr014904,1.547171
tr004196,2.568026
tr011778,2.246352
tr006507,1.537483
tr007764,2.208703
tr010333,1.554691
tr005860,2.530871
tr011860,2.784902
tr011638,2.262153
tr014713,0.849736
tr001595,1.319088
tr008162,2.083464
tr002661,2.410385
tr008042,1.372608
tr004502,1.555766
tr011473,2.17114
tr008723,1.909184
tr012294,2.822703
tr006933,1.908892
tr014593,1.07304
tr002368,2.983127
tr000903,1.627105
tr010095,1.830648
tr013452,1.852095
tr001975,1.788985
tr003089,2.131858
tr007482,1.235583
tr014957,2.933887
tr006135,2.242777
tr007349,1.259442
tr009292,1.021622
tr011381,0.983588
tr011544,1.582585
tr009256,0.728108
tr009214,2.910417
tr012707,2.33536
tr001712,2.587438
tr003423,1.629329
tr004217,2.706349
tr003023,2.283617
tr009847,1.191303
tr013488,2.030829
tr006404,2.459048
tr001074,0.989744
tr012876,1.221913
tr013148,1.650189
tr014696,1.194479
tr010819,0.502058
tr002900,1.597763
tr007586,0.830849
tr009879,0.651016
tr002473,2.309173
tr002259,2.213485
tr006163,2.984466
tr013600,1.470485
tr012679,1.859942
tr008230,1.800226
tr003866,1.996258
tr006610,1.368753
tr010204,1.817745
tr009941,1.572464
tr005848,1.14519
tr006374,1.682403
tr013653,2.393176
tr014096,1.779792
tr009223,1.750924
tr010244,1.668146
tr000756,1.7936
tr008784,1.326937
tr006332,0.89802
tr006048,0.715989
tr008463,2.570997
tr008029,1.556011
tr008591,1.818976
tr014260,0.760482
tr007472,2.751718
tr012763,2.4459
tr003237,1.169014
tr006504,2.719867
tr005949,0.692855
tr006006,1.796667
tr012334,0.711428
tr014739,1.945682
tr013843,1.650434
tr005870,2.701891
tr011642,2.810407
tr000473,2.875864
tr009582,2.883663
tr010733,1.589654
tr005315,2.794553
tr000186,1.854132
tr008554,0.922039
tr010620,1.379624
tr003203,0.906596
tr004557,1.060796
tr000276,0.906502
tr000991,1.3375
tr000577,1.676824
tr000588,1.834973
tr004564,0.649534
tr010019,2.733467
tr014767,1.32621
tr012790,2.294489
tr007792,1.654707
tr012845,2.584206
tr012631,1.642125
tr009503,1.286005
tr012209,0.685573
tr009172,2.172141
tr003213,1.524105
tr002625,1.159511
tr010001,0.587134
tr013911,0.826705
tr001995,1.927497
tr014151,2.073442
tr002767,1.699075
tr007705,1.247252
tr007921,1.994099
tr011438,1.471272
tr011850,0.596287
tr002826,2.658529
tr004062,1.179039
tr009650,1.242233
tr001863,2.105389
tr013213,2.299258
tr014135,0.546002
tr005497,1.534532
tr003589,0.711406
tr013505,1.954597
tr007619,2.358507
tr010403,1.43964
tr008655,1.614618
tr003988,1.530623
tr008010,0.505029
tr004029,2.273542
tr008174,2.765466
tr006968,0.945071
tr012819,1.110509
tr005705,2.277749
tr012270,2.229305
tr006243,2.310431
tr013834,1.051282
tr004011,2.282605
tr004531,0.514562
tr010722,1.2129
tr004727,2.645086
tr003361,1.879072
tr008644,1.074794
tr011276,1.489335
tr006878,2.555819
tr000377,1.324892
tr013300,0.704115
tr011247,2.638007
tr004465,0.933471
tr004504,1.63453
tr008075,0.772055
tr004274,0.50311
tr010606,1.032649
tr013079,1.143016
tr002812,0.597998
tr004000,1.549813
tr009818,2.613642
tr011134,0.993801
tr007086,2.123002
tr000751,1.770509
tr008113,2.668244
tr005721,1.895284
tr008024,2.542286
tr005474,2.822243
tr012966,1.192278
tr002343,1.408516
tr009143,1.406438
tr007497,0.646117
tr009876,1.342247
tr013614,1.684954
tr000002,1.687017
tr012141,1.100388
tr013925,2.49531
tr014315,2.587385
tr003219,1.086599
tr000303,0.874627
tr011749,1.207395
tr011818,2.369837
tr008863,0.680471
tr008894,2.977366
tr014191,2.111832
tr012878,0.741342
tr006800,2.00221
tr009567,2.030624
tr002139,2.68135
tr004993,2.542019
tr002805,2.944371
tr010736,2.564197
tr005213,2.745647
tr001759,1.060379
tr007038,2.300496
tr013232,2.056848
tr009925,2.645304
tr000379,1.870213
tr009101,2.510386
tr003668,2.00681
tr008354,1.028516
tr005638,1.624779
tr002526,0.906613
tr002674,1.591835
tr002470,1.195402
tr011627,1.868614
tr014900,2.398227
tr004282,2.747037
tr013426,1.058059
tr006931,1.267925
tr005286,0.891195
tr013103,1.675631
tr001130,0.731038
tr014299,1.688718
tr004249,0.624385
tr010178,1.500964
tr011133,2.176681
tr001060,1.006987
tr004233,1.930602
tr001450,1.731514
tr008462,0.524652
tr002373,2.968327
tr005877,2.195349
tr006599,0.675621
tr009193,2.460018
tr004640,2.453542
tr005735,2.480833
tr006405,1.341728
tr002152,2.908316
tr009210,1.506481
tr002970,1.349997
tr014332,2.345575
tr008360,2.931058
tr002944,1.134388
tr010420,2.475041
tr003151,1.051316
tr007871,1.757459
tr010639,1.789641
tr006640,1.853692
tr006580,1.3595
tr014746,2.277331
tr013312,0.521966
tr005742,0.961368
tr004458,1.72572
tr006996,0.682673
tr008649,1.43748
tr009784,2.066016
tr012176,2.272658
tr006125,2.692631
tr011157,1.447826
tr000210,1.597948
tr004386,0.822578
tr013780,2.757923
tr007264,2.5761
tr000490,1.462179
tr001013,2.297139
tr003512,1.246792
tr006040,0.85368
tr009346,0.727842
tr010182,1.380839
tr010111,1.964623
tr003955,2.877511
tr014954,1.228942
tr001257,1.11291
tr005501,0.581137
tr010918,1.71455
tr000153,2.491047
tr001164,1.756025
tr007371,1.638788
tr013212,0.543393
tr009361,2.009644
tr010201,2.399061
tr011223,2.092507
tr011943,2.836215
tr007706,2.063041
tr010426,2.077164
tr008061,1.576332
tr012858,2.252033
tr009215,1.940203
tr004651,1.750377
tr004447,2.299526
tr011341,2.825622
tr013377,2.668821
tr014045,2.585819
tr007485,2.334935
tr007041,2.042457
tr011261,2.258552
tr002180,2.818465
tr008726,2.105072
tr013246,2.746755
tr005922,2.904491
tr014511,2.599979
tr005301,1.909066
tr009030,0.547836
tr011774,1.129836
tr005827,1.31899
tr001764,1.602344
tr013035,1.205008
tr004053,2.481738
tr012915,1.4706
tr012563,2.602579
tr002572,2.165687
tr007511,2.846253
tr003325,2.359029
tr005599,2.032942
tr010315,0.576656
tr003889,1.264025
tr002251,1.801997
tr002530,0.837693
tr012390,2.566495
tr006423,1.603839
tr005260,2.222531
tr008447,1.096454
tr011553,1.823883
tr006400,0.541933
tr011848,2.353943
tr006764,0.857086
tr004066,1.231035
tr012842,0.692237
tr006064,1.919434
tr010180,2.946808
tr010050,1.097803
tr010908,2.911302
tr003253,2.996988
tr014798,2.836401
tr002317,2.290169
tr014076,1.445397
tr010675,1.030485
tr001361,2.187586
tr008402,0.70838
tr000408,1.808784
tr006407,1.277616
tr000731,2.815819
tr006732,2.693967
tr009094,0.953945
tr004472,1.490049
tr006463,2.402192
tr005879,1.515079
tr007276,2.727557
tr013233,0.525326
tr010888,2.416805
tr004624,1.056122
tr005857,1.25035
tr010795,2.790797
tr006834,2.200937
tr006353,2.089565
tr002639,2.397431
tr002828,0.57783
tr007940,1.86444
tr009486,2.682587
tr003790,0.749238
tr004994,0.82564
tr008207,2.708129
tr003705,1.645118
tr013020,1.143485
tr002006,1.644377
tr006260,2.59178
tr005842,0.702238
tr000161,0.813345
tr002622,2.86346
tr012013,0.913869
tr009939,1.997821
tr009586,0.92388
tr007632,1.0007
tr011476,2.783208
tr002109,1.577949
tr008687,1.350546
tr002939,1.434122
tr004478,0.681767
tr005693,2.459573
tr013252,2.594813
tr000120,1.794698
tr008666,0.878235
tr013063,1.528841
tr012643,2.96229
tr005940,0.992336
tr002903,1.030498
tr009617,1.645845
tr010726,1.084852
tr005105,1.292602
tr004035,2.074059
tr009444,0.739385
tr000781,1.773859
tr006161,2.696066
tr006211,2.706676
tr003984,1.951488
tr013327,2.535136
tr014985,2.791895
tr004519,0.831207
tr007686,1.369671
tr003691,2.051743
tr007218,0.793618
tr008896,1.359664
tr001040,1.644447
tr009242,0.602501
tr014912,0.662966
tr011743,2.370808
tr008751,1.703826
tr013545,1.549808
tr008808,2.077547
tr013899,1.676322
tr005602,1.10716
tr006183,2.592312
tr006098,1.544903
tr002514,2.160762
tr007531,2.300039
tr006505,2.470277
tr013025,1.934294
tr009200,1.17805
tr009243,2.594676
tr003310,2.080905
tr003386,2.043483
tr008511,0.768534
tr011552,1.765821
tr013022,1.874662
tr013355,2.29157
tr012416,1.821958
tr001380,2.947228
tr005878,2.682777
tr010822,0.956648
tr014119,1.516209
tr012818,2.125815
tr003256,1.6109
tr008696,1.394856
tr008737,1.062078
tr012886,2.88132
tr010454,0.856641
tr007550,1.093721
tr010655,1.515274
tr013247,1.854532
tr004568,2.322903
tr008114,0.745913
tr010811,1.093536
tr014414,2.259558
tr004596,1.316573
tr010893,2.984808
tr012439,2.15768
tr005587,1.841074
tr008407,2.11576
tr006093,0.526455
tr001777,0.871392
tr007471,2.218172
tr006225,0.685419
tr009750,1.256485
tr009801,0.700351
tr005243,2.81559
tr003407,1.378557
tr005567,0.850698
tr006355,1.063169
tr002522,1.290823
tr000862,2.408762
tr011976,1.734983
tr014353,0.644127
tr005339,2.362277
tr009004,1.960769
tr003243,2.830536
tr002426,1.858718
tr001739,1.607677
tr014081,0.543424
tr009387,2.471457
tr006061,1.572003
tr000888,2.807837
tr004234,2.817454
tr006887,0.602619
tr001734,1.399808
tr013778,2.897134
tr010026,1.558952
tr007348,1.630351
tr006845,1.279157
tr010431,2.35726
tr004914,0.619381
tr007403,2.86147
tr001433,0.902959
tr000632,2.088287
tr000365,1.716021
tr004949,1.35374
tr006242,0.515697
tr009272,1.28863
tr013470,2.934168
tr011895,1.180237
tr013554,0.750989
tr004686,1.726037
tr005873,0.81308
tr000808,1.517017
tr011770,1.777805
tr007905,0.680058
tr000157,2.806106
tr002537,1.913701
tr007356,0.564788
tr014067,2.176063
tr003852,2.317609
tr000785,2.348876
tr005142,2.912547
tr006395,1.332472
tr002566,0.84705
tr003718,1.982647
tr010513,1.31509
tr009258,1.439515
tr008553,2.931437
tr004343,2.451534
tr007132,2.098887
tr001447,0.917047
tr008194,2.174285
tr004954,1.981372
tr004941,2.974357
tr008572,1.466683
tr004402,0.980183
tr002224,2.107161
tr000304,0.689281
tr009146,1.940523
tr012601,1.289892
tr010544,2.479995
tr007513,1.383333
tr004811,1.944959
tr011754,2.939895
tr005703,2.543416
tr007961,1.876923
tr009842,2.458821
tr002003,2.820518
tr007604,1.829505
tr010711,2.911154
tr008670,2.882326
tr000684,1.746023
tr011737,1.297406
tr006520,2.103144
tr010490,1.484792
tr009521,2.523245
tr013580,1.269035
tr011172,2.538011
tr001878,1.074726
tr006146,0.753939
tr000329,1.922124
tr011140,1.667278
tr005610,0.627908
tr012043,1.582865
tr007050,2.724414
tr009705,2.503115
tr004650,1.770832
tr011290,2.525809
tr009986,0.804661
tr014427,2.784104
tr012437,2.754404
tr007737,0.856801
tr005992,1.959132
tr009235,1.709805
tr002689,0.712249
tr004696,2.775971
tr002066,1.918019
tr012709,1.347213
tr002165,0.995123
tr010104,1.940623
tr007628,1.86871
tr014128,2.818052
tr003744,1.421943
tr002552,2.79001
tr004064,2.880759
tr009386,2.671955
tr008195,1.244584
tr005131,1.52582
tr011847,2.721337
tr013636,1.829051
tr003337,2.585259
tr006474,1.204868
tr012701,1.141942
tr013295,1.033139
tr001987,0.744274
tr012298,1.130104
tr011151,2.751503
tr004886,2.279824
tr001773,1.158716
tr008245,1.243053
tr000005,1.601062
tr000623,0.61397
tr002144,1.446719
tr007387,2.878749
tr006999,1.897153
tr014807,1.700307
tr006147,2.609172
tr012830,0.543586
tr013696,0.734922
tr007121,2.373514
tr011047,0.756734
tr005074,2.453585
tr010743,2.969756
tr001310,0.941918
tr004198,1.94605
tr014244,2.500206
tr008087,2.429664
tr000575,0.516088
tr014021,1.190436
tr000491,0.913262
tr001956,1.626895
tr009545,1.095985
tr004457,2.548346
tr002242,2.907038
tr014308,1.861973
tr006883,0.802061
tr004450,2.504875
tr008846,1.187344
tr006579,1.299528
tr004125,0.878079
tr009529,2.42849
tr013746,2.841247
tr011150,2.301462
tr009086,1.125557
tr009190,1.918735
tr011602,1.422476
tr002489,2.045038
tr012073,1.608078
tr009198,2.949302
tr012741,1.024861
tr007243,0.910242
tr004079,2.432663
tr010647,2.823299
tr012328,0.69311
tr011417,1.742698
tr001301,2.283347
tr009475,2.328735
tr014037,1.950148
tr003678,1.062187
tr004533,1.048735
tr004311,0.948841
tr001217,1.351569
tr007420,0.532466
tr001981,1.2236
tr011429,2.55365
tr011491,0.589148
tr012372,1.150452
tr006468,2.332727
tr006890,1.916411
tr011136,1.897662
tr004678,2.512386
tr014672,2.181843
tr012875,1.050005
tr009843,2.826997
tr006058,2.158031
tr010737,1.895423
tr004118,2.719738
tr014115,2.808698
tr008442,1.304966
tr005355,0.914367
tr011266,1.659118
tr010666,2.103902
tr014563,1.876152
tr002082,1.272633
tr010130,2.209313
tr004211,2.802228
tr014859,0.882275
tr006838,1.049533
tr001023,1.974029
tr012434,0.694319
tr003355,2.373743
tr008807,2.310893
tr013416,2.900993
tr012244,1.824627
tr003876,1.517052
tr010696,1.723475
tr004223,0.718641
tr008567,1.692491
tr006017,2.821245
tr000898,2.769922
tr013539,2.099292
tr002058,2.930585
tr012384,1.719671
tr012369,2.518613
tr012358,1.335032
tr005640,0.66433
tr012841,1.664892
tr002534,2.143807
tr009129,2.035767
tr006455,2.178562
tr006185,1.362036
tr014822,2.880694
tr004301,1.517906
tr004897,2.335997
tr013175,1.752084
tr006888,1.506605
tr003590,0.947862
tr008890,0.698383
tr001002,2.68361
tr009335,2.131863
tr014189,1.18032
tr002673,0.524405
tr013380,0.851103
tr004752,1.719662
tr013021,1.335015
tr010164,1.214779
tr009455,0.969384
tr003380,1.680549
tr007534,2.111023
tr004313,1.562422
tr008689,0.572951
tr011147,1.115269
tr014220,1.662724
tr011032,1.182309
tr007522,2.994457
tr000127,2.945478
tr005882,0.966083
tr014167,1.482379
tr002784,1.405074
tr010591,1.555722
tr006415,2.997259
tr008528,2.637161
tr012276,1.138843
tr014745,1.514468
tr000679,2.103887
tr004520,1.675764
tr001530,0.52395
tr007852,1.125911
tr004385,1.45624
tr001889,0.9435
tr010825,1.769965
tr011309,2.981296
tr011317,0.937909
tr006606,2.319298
tr010789,2.353934
tr007368,1.493046
tr009116,1.814268
tr014913,1.25867
tr006511,2.396311
tr011768,1.657328
tr004827,1.886501
tr000566,2.058505
tr014347,2.022285
tr010813,2.811829
tr013987,2.270656
tr004563,2.391907
tr014818,0.740738
tr009180,1.850786
tr000653,0.506755
tr012485,2.457294
tr011339,2.710427
tr004841,2.857971
tr006759,1.642234
tr009412,0.73919
tr012888,2.409817
tr011259,1.330735
tr010820,1.700356
tr007271,0.830648
tr014173,1.424829
tr004691,2.454597
tr009332,2.312784
tr003573,2.430764
tr012996,2.863098
tr008714,1.784064
tr009795,0.673002
tr008749,1.392926
tr007545,1.365183
tr007461,1.768019
tr012940,1.893172
tr009083,0.53431
tr009785,2.53256
tr014387,2.570375
tr002624,0.99844
tr000670,0.687093
tr011463,2.746933
tr009125,1.525766
tr004970,0.531804
tr000941,0.929232
tr002169,2.447052
tr006369,2.2905
tr012346,0.546279
tr013483,0.761377
tr009732,0.946669
tr013553,2.209292
tr012150,2.447292
tr010637,1.314846
tr000188,0.530323
tr004411,1.401126
tr009478,2.765541
tr001452,2.465923
tr003350,0.516467
tr004891,2.856864
tr006293,2.459351
tr009431,2.306981
tr001210,1.58595
tr013346,2.888782
tr004339,1.879266
tr006919,2.429995
tr005518,1.597724
tr006023,2.977196
tr008191,0.832873
tr013702,1.979411
tr006896,0.719413
tr008901,0.781289
tr013050,2.030982
tr000547,1.693226
tr004507,2.016501
tr009747,1.931469
tr003081,0.982
tr001080,1.846351
tr000524,1.823299
tr003794,1.51484
tr012553,2.678967
tr014200,0.512699
tr011318,1.770421
tr002979,1.688542
tr001290,2.720808
tr003644,1.906944
tr010354,2.29671
tr002853,2.36428
tr011591,2.135742
tr010754,1.590167
tr002794,1.442699
tr007815,0.815291
tr001334,1.446832
tr002391,0.816154
tr007248,0.916755
tr011915,0.906715
tr008927,1.489154
tr003856,2.624838
tr006559,2.922766
tr009635,2.792192
tr002848,1.461377
tr003599,0.565419
tr000225,2.735751
tr008799,1.664641
tr000983,2.249147
tr011804,1.155826
tr013248,1.203006
tr007744,2.120699
tr005990,1.774155
tr005752,1.624569
tr012678,2.272207
tr001692,1.944514
tr013897,1.532297
tr000854,0.531394
tr010055,0.921696
tr005533,2.294451
tr004515,1.324551
tr000746,1.957658
tr014180,1.016549
tr004688,1.799725
tr011718,2.896321
tr009413,2.260111
tr013555,0.621208
tr002435,2.723793
tr009312,1.373072
tr005374,2.640773
tr005777,2.834094
tr014779,0.976908
tr010838,2.266126
tr001984,2.124419
tr010853,2.678913
tr004528,0.536254
tr009382,1.905047
tr007129,0.873307
tr008873,1.661926
tr000465,2.163073
tr008920,2.620574
tr014304,1.693992
tr013905,1.724938
tr006184,2.629262
tr002788,2.235517
tr006329,2.249847
tr000331,1.254915
tr009963,2.159567
tr010752,1.585208
tr008090,1.004791
tr009962,1.268625
tr005032,0.993117
tr004136,2.590781
tr014794,2.250193
tr000142,2.310305
tr009362,1.109754
tr013563,1.734181
tr014542,1.8667
tr009112,2.339045
tr003624,0.544707
tr008712,1.266641
tr010547,0.74965
tr013883,2.463747
tr010158,2.326556
tr001219,2.07816
tr011615,1.842833
tr002653,0.590927
tr003364,1.301484
tr001727,1.60885
tr002920,1.124277
tr001383,2.036538
tr008995,0.743675
tr001276,2.523984
tr009136,0.859743
tr006879,1.655463
tr010092,0.672953
tr013530,1.640254
tr004077,1.709377
tr014271,1.948529
tr006540,2.43464
tr004739,2.035931
tr005090,2.649568
tr002950,0.984839
tr011209,1.148603
tr009297,1.410778
tr013305,1.515512
tr002303,1.18788
tr002134,0.939919
tr008639,1.819873
tr011215,2.036335
tr004721,2.556635
tr014915,1.339053
tr001812,0.786193
tr007846,2.727723
tr002824,2.477373
tr012058,1.788401
tr009275,0.655891
tr002913,1.212899
tr006126,1.492706
tr002725,2.652297
tr003930,1.296673
tr005921,2.452595
tr009929,1.215826
tr010246,2.60003
tr003850,1.058468
tr005150,2.905197
tr013764,2.884733
tr001193,0.504141
tr011422,2.28529
tr011432,1.1097
tr008085,2.839095
tr007601,1.723568
tr007329,2.938709
tr002480,0.89966
tr006782,2.289283
tr008934,2.57723
tr000322,1.226637
tr011616,0.947737
tr002494,2.521863
tr006441,0.738374
tr002821,2.491224
tr014620,2.94086
tr007106,1.29406
tr012020,1.692871
tr010398,0.822795
tr007858,1.031601
tr014281,0.774702
tr010512,0.729423
tr007215,1.484141
tr006586,1.60524
tr004181,1.503921
tr013903,1.703703
tr005202,1.585711
tr007781,1.489771
tr006250,0.889857
tr007297,1.842557
tr000850,1.623022
tr007063,1.358263
tr004104,0.705777
tr000283,0.96948
tr006652,1.437286
tr005925,2.833911
tr000706,2.103292
tr006138,1.192867
tr008667,0.937313
tr013168,0.803723
tr001062,0.707177
tr003894,0.895957
tr007077,1.547513
tr010717,2.965623
tr006699,1.725612
tr000118,1.465073
tr008253,2.056969
tr002670,0.688397
tr013002,1.260612
tr007987,1.451291
tr007570,1.527393
tr003614,1.795148
tr014814,2.061143
tr002011,1.057859
tr003746,2.982526
tr002924,2.100316
tr008070,2.260599
tr005773,0.503298
tr012666,0.561211
tr000383,0.565664
tr002041,0.963194
tr003689,1.427123
tr008509,1.60395
tr012609,1.518685
tr001621,0.805513
tr006675,2.527345
tr009759,1.088406
tr003707,0.793853
tr009884,0.668843
tr004926,1.968969
tr010135,1.349815
tr009921,1.939736
tr014022,2.166845
tr009960,1.114344
tr010523,0.568466
tr004817,2.312759
tr004186,2.405783
tr009710,2.095495
tr001281,1.917848
tr000659,2.42191
tr014861,0.520092
tr009457,0.545109
tr009181,1.021239
tr009853,1.847804
tr008119,1.944737
tr002546,0.784839
tr001354,1.456987
tr002455,2.531334
tr004611,2.144009
tr004146,0.514525
tr001278,2.689748
tr013323,1.584409
tr004842,2.702011
tr005813,1.59646
tr011522,1.69095
tr006718,2.609983
tr007463,2.223884
tr009447,0.643534
tr002428,2.125727
tr005596,2.882523
tr003301,1.552989
tr007372,2.117299
tr013176,0.945398
tr004985,1.932944
tr007942,1.83502
tr008529,2.595591
tr012587,1.051065
tr004469,1.875429
tr014134,2.981887
tr012752,2.252876
tr012550,1.150846
tr014950,1.378752
tr004188,2.669506
tr009201,1.452764
tr000634,0.861447
tr010914,2.108015
tr009857,0.745769
tr014879,2.629578
tr004037,2.945788
tr014763,1.841189
tr011817,0.851663
tr007505,2.360831
tr013234,0.758977
tr002212,1.276777
tr010871,0.972629
tr003848,0.897522
tr009778,1.631902
tr009409,1.256171
tr007588,2.602607
tr000178,0.901227
tr008769,1.912685
tr008847,1.811433
tr010680,2.340462
tr008926,1.603003
tr013669,2.478235
tr003322,1.825582
tr009399,1.916156
tr003431,1.463774
tr000713,1.53046
tr013632,1.247192
tr006267,1.056745
tr011805,1.671678
tr009121,2.728846
tr009352,2.020331
tr007159,2.000637
tr011217,1.084259
tr000187,2.117767
tr005455,1.367355
tr004574,1.020406
tr012467,1.021345
tr008092,2.136291
tr001547,1.919177
tr000059,1.736909
tr008880,1.331943
tr005798,1.039351
tr002523,0.517188
tr003647,1.267876
tr009720,0.616816
tr001521,2.302838
tr007090,0.863862
tr006316,2.377446
tr006304,2.087682
tr010144,2.433253
tr004240,2.014677
tr000214,2.382782
tr009416,0.722201
tr012120,0.544311
tr000938,1.859116
tr009951,1.504488
tr001601,1.547781
tr002304,1.166691
tr013286,2.859993
tr014655,2.458912
tr006141,2.766999
tr004859,2.764535
tr005558,2.754454
tr014043,1.871899
tr014316,1.122384
tr012652,0.765952
tr010504,2.062151
tr000992,0.842773
tr012077,0.916439
tr001353,1.636925
tr009940,2.805522
tr004523,1.086298
tr012433,1.756996
tr012644,0.547348
tr001191,2.298651
tr013094,2.239529
tr011319,1.501538
tr010734,2.029307
tr010090,0.799083
tr007993,2.007902
tr004877,1.006447
tr013229,1.85718
tr008082,2.114558
tr000463,1.418208
tr000647,1.748345
tr014801,2.87875
tr003248,2.110516
tr012321,2.755408
tr006375,1.078263
tr000252,1.858256
tr010790,0.77183
tr010649,1.646144
tr010864,2.033815
tr011468,0.961492
tr009027,1.024056
tr014417,2.406997
tr006451,0.972224
tr003075,2.38973
tr007678,2.140383
tr005151,1.801634
tr008972,1.450182
tr003138,2.901012
tr010415,1.50303
tr012089,1.339763
tr006439,2.194882
tr013515,0.543501
tr011056,2.373666
tr003356,2.505022
tr007577,1.606187
tr014517,1.510839
tr011379,1.33936
tr014014,1.539052
tr001838,0.921539
tr005688,2.382649
tr001084,1.959052
tr009419,2.202861
tr006117,2.543315
tr011912,2.134947
tr006602,2.587089
tr004780,2.653767
tr005368,2.344606
tr005817,1.732685
tr013947,1.896413
tr000307,2.739516
tr011127,2.487498
tr005183,2.400167
tr005485,1.029559
tr006951,2.128599
tr009126,1.747348
tr014230,1.785272
tr005235,1.24319
tr008940,2.867713
tr008762,1.701803
tr004479,2.794561
tr001069,1.075941
tr014346,2.563118
tr006209,2.50702
tr004547,0.985585
tr002615,0.923233
tr005445,2.143138
tr008853,2.989143
tr012497,1.709506
tr014497,2.128503
tr005696,2.721112
tr012904,0.542029
tr013524,2.214766
tr012927,0.817861
tr011333,2.966691
tr013010,1.53409
tr003575,2.417568
tr004539,2.929072
tr004587,2.821313
tr001767,2.857176
tr003522,2.697444
tr011680,1.082552
tr007149,1.76768
tr014082,2.05498
tr009137,1.957121
tr002272,2.255825
tr003901,2.000458
tr000503,1.008231
tr009608,2.353348
tr008646,2.603801
tr002933,2.631288
tr010281,1.414598
tr011458,2.189328
tr014986,0.790651
tr006700,1.309595
tr011549,1.252333
tr010767,1.108785
tr009328,2.699516
tr000643,1.020452
tr003733,2.136394
tr001000,2.041434
tr000335,1.981655
tr011821,1.107142
tr012393,1.779457
tr001106,0.574813
tr006331,0.811086
tr008817,1.829846
tr000821,2.935926
tr001747,2.711839
tr009071,2.798083
tr009755,1.935483
tr003438,1.91944
tr011715,2.711597
tr010721,0.806667
tr009652,2.262124
tr009849,1.214556
tr004127,1.332681
tr005099,1.598478
tr006270,2.219695
tr004991,1.561403
tr004493,0.978777
tr008027,2.740223
tr008922,1.323876
tr009372,2.436523
tr010139,1.862036
tr008825,2.101917
tr012590,0.994253
tr011137,2.643909
tr001478,2.511406
tr007649,1.987881
tr007825,2.948076
tr007733,2.913913
tr010202,1.062128
tr004728,0.866034
tr001687,1.811202
tr001702,1.86732
tr003835,0.587615
tr004132,1.577005
tr002813,2.672993
tr003408,2.656626
tr004706,1.606915
tr014430,0.930767
tr011079,1.668526
tr000513,2.839907
tr012265,1.864043
tr010943,0.778645
tr001162,1.083195
tr011883,1.272999
tr008966,1.367084
tr014075,2.999447
tr013682,1.258867
tr003030,0.621125
tr000790,2.749795
tr011194,1.882433
tr008779,1.101181
tr006944,0.733545
tr008964,1.765625
tr006180,1.774254
tr005950,0.549063
tr001128,1.621331
tr006430,2.721916
tr004166,2.532166
tr001969,0.76263
tr006739,2.959456
tr003197,0.819309
tr014154,1.355964
tr013548,0.931602
tr004174,1.525351
tr006773,2.305992
tr001945,1.838061
tr000045,1.395019
tr012310,1.156568
tr012527,1.95966
tr005977,1.729135
tr013802,0.526021
tr005106,2.70245
tr008938,2.811579
tr004940,2.502553
tr013018,1.057337
tr009507,1.954571
tr000947,2.00348
tr011201,2.897672
tr000325,2.54951
tr001673,1.727752
tr007582,1.14513
tr008576,1.273109
tr011095,1.515435
tr006894,2.267744
tr004340,1.645266
tr014523,1.614089
tr013313,1.864445
tr013206,0.773499
tr012980,1.330776
tr012767,2.043686
tr000844,1.524623
tr009197,1.359102
tr008069,1.787383
tr008981,2.441452
tr007487,2.391689
tr006573,2.343622
tr011884,0.630371
tr011989,0.544415
tr014126,0.775673
tr005785,0.563346
tr009034,2.018507
tr011881,2.684577
tr004083,2.828423
tr000603,0.76901
tr005064,2.897381
tr007574,2.531072
tr007068,0.55912
tr009185,0.617855
tr004417,0.863824
tr004586,1.123656
tr013117,0.902024
tr005652,1.142919
tr006870,0.734765
tr004486,2.527533
tr002880,0.51492
tr007369,2.465265
tr008775,2.98388
tr014298,2.182957
tr004008,0.56357
tr003060,0.860267
tr000360,1.709675
tr012730,0.911827
tr001944,1.355611
tr014659,2.190462
tr005117,2.22611
tr003580,1.207033
tr011660,1.279654
tr001159,1.838179
tr012030,1.821884
tr014171,0.661647
tr002150,0.873331
tr007690,1.648592
tr003495,0.857842
tr005234,1.684389
tr011793,1.654421
tr000900,2.938061
tr000665,2.281763
tr006631,1.993447
tr011068,1.579329
tr014782,1.396643
tr014661,1.196105
tr003860,0.535994
tr006593,1.183851
tr000695,1.496723
tr005659,0.939967
tr008156,0.970747
tr009924,2.22432
tr001303,2.597822
tr009917,0.536259
tr012119,1.917371
tr013608,1.836954
tr006157,1.006898
tr013930,1.887404
tr006643,2.988388
tr014204,0.827802
tr013706,2.531395
tr004126,2.254544
tr001291,2.049973
tr002318,0.559998
tr011400,2.529874
tr004516,0.853377
tr001650,1.79648
tr008081,1.972421
tr008258,1.050391
tr002908,2.535507
tr004845,1.905834
tr004228,1.57319
tr010304,2.626377
tr013609,1.757252
tr010233,0.645746
tr002287,0.805441
tr001440,1.631216
tr004604,2.046584
tr005061,1.426738
tr000609,2.189032
tr011888,2.74046
tr008205,2.452715
tr009169,1.005892
tr008141,0.529713
tr005018,2.897637
tr007495,1.950953
tr013073,2.803852
tr005566,0.866357
tr005055,2.221204
tr004421,1.607123
tr007906,2.898567
tr001453,0.634172
tr002988,1.35686
tr003964,1.281711
tr000436,1.416424
tr014924,1.363129
tr013333,2.381862
tr006368,1.611838
tr001912,2.828255
tr009952,1.419981
tr006788,1.754776
tr010087,2.300839
tr012768,1.424669
tr014289,0.692609
tr002088,1.484124
tr008710,2.833765
tr000563,2.718955
tr009479,1.49202
tr013621,2.355589
tr009167,2.145819
tr000221,2.919746
tr009113,2.843188
tr004598,0.793833
tr001401,1.338004
tr012126,0.919751
tr005894,2.272422
tr007275,0.778316
tr010124,1.567657
tr004203,2.377452
tr012961,1.080217
tr012108,0.747756
tr012498,2.283092
tr011911,1.285062
tr005589,0.880363
tr003200,0.87682
tr007383,1.101814
tr012502,2.602872
tr001355,2.064757
tr009236,2.58162
tr003235,2.089494
tr008984,2.257236
tr012412,1.090282
tr012656,0.542103
tr000268,2.786872
tr009091,0.960804
tr014856,1.738603
tr007529,0.585617
tr000278,2.676536
tr007418,2.746305
tr001543,2.357999
tr008063,2.0345
tr014360,1.818271
tr010609,1.797293
tr005524,2.90208
tr007361,0.843277
tr007233,2.796473
tr001531,1.441879
tr007716,1.688181
tr012662,2.501275
tr005477,0.536636
tr005462,1.583166
tr001466,1.561045
tr010753,1.506476
tr003680,0.696065
tr005293,2.036831
tr007676,1.575601
tr004960,2.813376
tr009626,0.91019
tr011613,1.834088
tr006398,1.490111
tr013663,0.593256
tr008524,0.513125
tr002632,2.343725
tr002163,1.368805
tr003176,2.561184
tr007366,2.404971
tr003035,0.507393
tr002861,1.521826
tr011878,2.87191
tr013859,0.57917
tr007286,2.866282
tr000201,0.965294
tr008968,1.722525
tr010297,2.828598
tr013684,1.251638
tr005880,1.834935
tr007412,2.789896
tr004911,2.219012
tr009928,1.867807
tr009760,1.948349
tr008281,1.646444
tr006373,2.749404
tr014960,0.633628
tr000548,2.089541
tr014439,1.939384
tr013116,2.595865
tr005365,2.131485
tr011528,1.529804
tr007220,2.609931
tr002709,2.942516
tr006844,2.377693
tr005080,0.777275
tr003366,2.356353
tr007450,0.522592
tr010298,2.016588
tr014340,2.190622
tr012243,0.823645
tr009033,2.159071
tr014334,1.766683
tr000584,2.553247
tr008823,2.948033
tr010175,1.601904
tr007053,2.606479
tr011767,2.319051
tr002080,2.24675
tr009442,1.810558
tr005270,2.240472
tr001220,2.682488
tr006918,1.904667
tr003144,1.737034
tr005089,2.68901
tr008905,0.870991
tr001174,1.402004
tr012655,0.719816
tr000912,2.539954
tr004861,2.779361
tr003108,0.877902
tr004268,1.111905
tr002807,2.274869
tr006477,1.401262
tr005690,0.629567
tr012406,0.663289
tr005955,2.390327
tr001560,0.542846
tr007092,1.703284
tr006475,2.443956
tr014521,0.523372
tr010500,1.890666
tr014816,1.240246
tr013591,1.49892
tr011939,1.155083
tr001772,0.588168
tr005111,0.564535
tr000459,1.938381
tr006865,1.112197
tr011389,0.988604
tr013278,0.828473
tr001915,2.103434
tr006924,0.856507
tr011384,2.968667
tr001809,1.547071
tr006783,1.267693
tr013596,1.474273
tr008215,1.336512
tr012964,1.028626
tr012162,0.99192
tr001780,0.725086
tr000987,2.152653
tr001357,1.568099
tr003169,1.038478
tr011037,1.799933
tr003104,2.604384
tr007293,0.903341
tr004307,0.501092
tr010186,0.905153
tr012149,2.407785
tr005424,1.740108
tr009163,1.41552
tr000766,2.830248
tr000613,2.779597
tr006131,1.978927
tr002839,2.760317
tr010782,1.765457
tr007029,2.874741
tr008958,2.547417
tr002516,1.803335
tr004642,1.350449
tr012386,2.412865
tr002262,1.239195
tr012260,1.8524
tr003376,0.713031
tr012945,0.926937
tr013814,1.83321
tr000400,2.601764
tr000003,2.053713
tr007082,2.791014
tr012011,0.987305
tr006534,1.021347
tr002549,0.878588
tr003466,1.990422
tr014251,2.714527
tr002636,1.8775
tr005821,1.040233
tr001228,1.433349
tr006789,2.77379
tr001579,1.075608
tr011499,1.536172
tr001656,0.966486
tr009522,2.668997
tr012409,1.503744
tr004474,1.076615
tr001719,0.77017
tr003903,0.550342
tr012549,2.479685
tr005917,2.062097
tr008669,1.915273
tr006350,1.506514
tr009670,1.001173
tr013864,2.281378
tr006855,1.678693
tr008736,1.31252
tr003187,1.697632
tr007448,2.367745
tr013322,1.69175
tr008153,1.620729
tr004141,0.877673
tr012047,1.517712
tr002916,2.979515
tr014232,1.071828
tr004932,0.708009
tr000580,0.961557
tr007774,1.782618
tr006684,2.108486
tr002869,2.109608
tr010225,0.777078
tr004134,0.627782
tr011909,1.345631
tr005184,1.516453
tr014863,2.847355
tr014421,1.30072
tr006636,2.673165
tr011899,2.170393
tr004655,1.274068
tr006386,2.923173
tr011356,2.74791
tr009603,1.32139
tr005563,1.820495
tr004684,1.076781
tr012646,2.446437
tr000125,1.91627
tr012957,1.621039
tr014587,2.057113
tr012944,0.885398
tr006706,1.163654
tr014269,0.569389
tr014544,2.696385
tr007875,2.986999
tr009658,1.173783
tr000846,2.963613
tr003385,1.315757
tr002952,2.160186
tr006262,0.998114
tr007503,2.154407
tr012770,1.603463
tr013838,2.953467
tr010017,0.801917
tr013604,2.549311
tr001909,0.605135
tr007128,2.33056
tr003838,2.248432
tr000506,0.997711
tr011297,1.880324
tr011721,2.125684
tr007755,2.601922
tr007957,1.97542
tr013457,0.685489
tr000680,2.25833
tr002921,2.689451
tr009482,0.565943
tr013995,0.669553
tr002211,2.433895
tr006875,1.03721
tr000180,2.131542
tr002602,2.118666
tr007666,2.430859
tr006443,1.780971
tr001963,2.008996
tr001421,2.410909
tr007306,2.01537
tr008916,1.799767
tr005033,1.677219
tr007578,2.940219
tr004978,1.923076
tr011254,2.953603
tr013742,1.773748
tr000687,1.315223
tr004608,2.971621
tr002264,2.153019
tr006302,1.347192
tr011937,0.652018
tr014674,1.955671
tr011334,1.533954
tr002879,1.641647
tr007324,1.195493
tr006777,1.889949
tr007256,0.749004
tr012517,2.518404
tr006325,0.51946
tr007076,2.560063
tr010220,2.558321
tr013968,1.658288
tr009414,1.564299
tr012791,2.087282
tr005163,0.898181
tr012838,1.473469
tr012659,2.531522
tr005676,2.410012
tr006701,1.332463
tr008812,0.782479
tr009342,2.997144
tr010793,2.132329
tr001784,2.287249
tr011054,1.377955
tr014175,1.23881
tr002531,2.562534
tr007647,0.924596
tr005865,2.226212
tr013027,1.984004
tr010424,1.798785
tr007439,2.362928
tr005342,0.909301
tr001142,0.902809
tr011828,2.443703
tr009716,2.548051
tr006820,2.291768
tr010282,2.598644
tr012821,1.636359
tr013420,0.61354
tr010325,2.461744
tr010015,2.361123
tr012771,1.766566
tr002657,1.255555
tr004437,0.603636
tr006165,2.124707
tr005872,1.463944
tr009161,0.6537
tr007123,2.327406
tr010597,2.066628
tr009363,1.405593
tr012543,2.319903
tr007191,0.783843
tr005436,0.838396
tr009456,2.059406
tr003863,1.193169
tr010507,2.598989
tr011810,0.546501
tr013816,1.139268
tr013815,2.280305
tr005113,2.920372
tr005017,2.565745
tr014791,1.172685
tr014982,0.806979
tr013335,1.726565
tr012076,1.289405
tr013761,1.386936
tr001006,2.135604
tr006237,1.402907
tr005645,1.658011
tr002367,1.299234
tr009872,1.565467
tr006853,2.512802
tr012308,2.667362
tr002446,0.582468
tr009685,1.307637
tr013559,2.088346
tr012489,0.738332
tr007879,1.10979
tr012007,2.38104
tr012428,1.903373
tr009829,2.572461
tr006785,1.791148
tr006065,2.822548
tr005250,2.496942
tr012641,2.11789
tr012759,2.253864
tr012921,2.908073
tr004399,0.878882
tr009679,0.717276
tr001738,2.974753
tr008173,0.808476
tr000328,2.992989
tr000750,1.073468
tr006342,2.655229
tr014926,1.457866
tr000427,0.629953
tr014951,0.77672
tr007152,1.480809
tr012820,1.462804
tr011940,1.117623
tr013946,0.663838
tr003729,0.608481
tr003486,1.540163
tr000868,1.386944
tr005541,1.995695
tr001107,1.492932
tr013217,2.020316
tr003569,1.267824
tr007265,1.700138
tr000937,0.547939
tr004815,1.640208
tr002311,1.199213
tr004304,2.386886
tr003226,1.027813
tr001900,1.076065
tr004687,0.922525
tr004743,2.707967
tr001358,0.611316
tr010607,0.687009
tr013358,2.539102
tr001630,0.722987
tr010791,1.771486
tr000352,2.182242
tr012735,2.011721
tr013856,1.524946
tr012453,2.534177
tr009142,1.333678
tr014368,0.750584
tr012263,2.129131
tr003320,1.253852
tr007826,1.434186
tr006013,1.102593
tr005979,0.758924
tr008261,1.420183
tr002792,2.452701
tr011910,1.678232
tr009569,1.213668
tr000960,1.461631
tr008718,1.718781
tr014575,0.531707
tr006767,2.068156
tr013047,0.848264
tr012516,0.650146
tr002076,2.925285
tr006484,2.74661
tr008989,1.536064
tr013558,2.696822
tr003611,1.855617
tr005217,0.835554
tr003926,1.594891
tr000294,2.732734
tr007259,2.187849
tr013759,0.758285
tr003610,1.749251
tr003402,2.491455
tr013724,2.749923
tr014970,2.310297
tr007950,2.055459
tr000080,2.254819
tr002468,1.203686
tr004206,1.906259
tr007051,1.143938
tr000163,2.844956
tr005868,2.775772
tr013065,2.581575
tr012589,0.595638
tr006735,2.779048
tr011183,2.913051
tr010685,2.630389
tr009781,2.69545
tr013923,2.320579
tr013326,0.756372
tr009938,2.180856
tr007680,2.093942
tr002840,2.922122
tr001648,1.660138
tr012388,2.552194
tr004337,0.895715
tr001847,2.231176
tr014267,2.663797
tr008598,0.842922
tr013756,2.540164
tr011576,2.000672
tr003740,2.871433
tr006609,1.718347
tr013221,1.618128
tr014413,0.848927
tr000729,1.92766
tr014849,1.303075
tr009855,2.96153
tr009814,1.830142
tr005862,2.26606
tr008708,0.575217
tr002765,2.957155
tr002158,1.661024
tr011263,1.103172
tr014187,1.159267
tr012834,1.106909
tr007884,1.340525
tr006186,0.959399
tr006179,1.068805
tr000189,2.913706
tr000709,2.131383
tr012581,2.235383
tr011329,1.080035
tr002010,2.875393
tr010944,0.966441
tr008731,2.116856
tr005206,0.59214
tr009825,2.355126
tr005319,1.555909
tr013463,2.769147
tr004258,1.460565
tr001147,2.452201
tr009777,2.047473
tr011475,2.370519
tr001946,1.65838
tr013192,1.954956
tr001550,1.387971
tr011585,2.417587
tr004449,2.531136
tr001050,0.886833
tr003181,1.714213
tr007938,1.423998
tr009504,2.484418
tr010983,2.603986
tr013647,2.661327
tr014668,2.076051
tr014132,2.90124
tr003303,1.333108
tr011972,1.283428
tr001083,0.609947
tr004434,2.034664
tr001003,0.857559
tr007300,2.233702
tr001717,2.120045
tr012706,2.994754
tr009238,2.32991
tr012835,1.619615
tr011801,2.183802
tr008127,0.737206
tr005134,1.675644
tr005281,1.391585
tr014295,2.183673
tr009641,2.721727
tr002997,2.076584
tr000229,2.507574
tr008301,2.435882
tr002488,1.253244
tr010526,2.885027
tr001761,0.869386
tr014936,2.873861
tr006811,2.87762
tr006119,1.610351
tr000481,2.724553
tr012283,1.118438
tr010848,1.919762
tr005795,0.893515
tr009206,2.170826
tr005967,0.694814
tr012196,1.449385
tr003859,1.015455
tr011993,2.784675
tr010582,2.088747
tr000433,1.972465
tr013760,1.463994
tr011385,2.633049
tr013887,0.711563
tr007736,2.991832
tr012113,2.111555
tr012513,2.244341
tr009020,2.943124
tr014940,2.095948
tr003770,1.541705
tr010120,2.245744
tr000025,2.780623
tr009078,2.663349
tr011066,2.633208
tr001426,2.640825
tr014087,2.281465
tr007140,1.729927
tr008840,1.197325
tr011803,2.525645
tr013578,1.12263
tr001803,2.73524
tr000716,1.487843
tr004184,2.284869
tr000483,1.874867
tr001752,1.830923
tr012667,1.703941
tr013597,2.102894
tr009854,0.573821
tr002502,0.629377
tr012341,0.599429
tr006529,1.416782
tr010147,1.430897
tr001926,2.334476
tr002610,1.328156
tr004681,2.177077
tr007013,2.54666
tr005611,2.566436
tr000451,1.924809
tr008441,1.131286
tr012069,1.391136
tr001760,0.83376
tr013774,2.266688
tr006857,1.342027
tr011885,1.983394
tr004966,1.79103
tr011786,2.666309
tr013107,1.962677
tr007014,0.855118
tr014719,2.484593
tr004990,2.956314
tr013934,0.925095
tr004021,2.030397
tr001778,2.134623
tr005895,1.676185
tr005429,2.011716
tr005849,2.174338
tr014097,2.343563
tr014465,1.365583
tr013043,2.897085
tr009066,1.849315
tr002499,0.689249
tr014607,0.817349
tr010868,0.659906
tr001979,2.300132
tr000128,0.955388
tr010194,2.595218
tr008397,2.5421
tr000899,2.241948
tr011352,1.011083
tr004770,2.241728
tr007788,2.885697
tr008820,2.750878
tr010312,1.680047
tr014221,1.686068
tr014169,0.701476
tr000606,1.142117
tr002770,0.886067
tr008893,0.707907
tr010511,1.947702
tr012057,2.232663
tr002466,2.022646
tr008764,1.772582
tr000073,2.782072
tr014296,1.127596
tr014514,1.050684
tr004232,1.370908
tr009895,0.595514
tr008621,1.649961
tr012660,2.231678
tr007178,0.777289
tr009932,1.744712
tr000441,1.149919
tr005718,1.195087
tr000367,2.423405
tr011978,0.970418
tr003902,2.443921
tr012044,0.873459
tr005212,0.778451
tr002736,0.853441
tr014155,1.590783
tr011175,2.63844
tr009174,0.565259
tr008295,0.559289
tr006231,0.540658
tr004358,2.380988
tr005046,1.034489
tr000176,1.075655
tr005471,2.365896
tr009728,1.941588
tr004794,2.119621
tr009240,1.922881
tr003893,0.942929
tr001323,2.354444
tr013651,0.576903
tr009637,0.589678
tr013935,0.895071
tr013049,1.942948
tr014724,1.359097
tr010362,1.913154
tr012157,2.955026
tr008263,0.781185
tr003634,2.686001
tr004439,2.65
tr011456,1.744129
tr011243,1.835612
tr000014,2.276796
tr007116,2.542899
tr000035,2.526183
tr014748,1.263586
tr001937,0.643378
tr004422,2.928063
tr006776,2.199672
tr003382,2.19096
tr003359,1.281274
tr009245,1.544104
tr005678,1.950016
tr005844,1.17167
tr010568,0.982528
tr007045,1.542919
tr010796,0.973203
tr014962,2.692768
tr000608,1.073381
tr005574,1.639478
tr006621,1.388802
tr003409,2.816738
tr003759,1.124793
tr010927,1.23953
tr013694,2.215966
tr008948,2.823561
tr014143,2.551267
tr011326,1.279547
tr002222,2.926431
tr009157,2.794823
tr009727,2.620452
tr007308,2.865951
tr005728,2.979294
tr007345,2.82267
tr014174,2.284759
tr006554,1.917482
tr011024,1.063717
tr009864,1.935961
tr010911,2.0814
tr013498,2.701173
tr010571,1.096465
tr003398,2.792739
tr010565,2.838477
tr008604,1.541979
tr004286,0.792456
tr001833,1.233525
tr014384,0.612364
tr000597,1.618882
tr009437,2.217703
tr008350,0.974646
tr002221,2.325524
tr009541,2.409537
tr002389,1.783788
tr001758,1.692432
tr001663,2.775636
tr010137,1.256954
tr003462,2.826596
tr009320,2.003682
tr004065,2.236771
tr006635,1.648087
tr006812,2.892316
tr014868,2.679232
tr001827,1.601462
tr014148,1.065989
tr007083,2.776876
tr008251,0.881044
tr004215,2.761273
tr011652,2.787235
tr002961,1.393776
tr009085,1.918579
tr014156,2.854144
tr013356,1.883295
tr006100,0.916405
tr006142,1.642209
tr014352,0.895953
tr001425,1.449967
tr004360,1.66832
tr012225,2.709791
tr013240,2.777805
tr003445,2.777201
tr002441,1.252114
tr001632,0.616144
tr005555,1.253846
tr014313,1.077813
tr009613,2.647718
tr013231,0.663513
tr008680,1.942671
tr014737,2.355904
tr003441,0.820646
tr007776,2.237835
tr013963,0.75293
tr008109,1.32234
tr008693,0.638567
tr013543,0.624701
tr009194,2.453115
tr012775,2.934361
tr009677,2.490822
tr008589,1.828531
tr010530,1.871743
tr004061,1.262922
tr013098,2.137669
tr013249,1.419431
tr011288,1.727541
tr014436,1.208181
tr014198,2.303172
tr011268,1.66896
tr003100,1.825328
tr010814,2.937126
tr007012,0.962123
tr002696,1.609927
tr008348,0.529631
tr012740,0.640251
tr013847,2.731985
tr012676,0.89961
tr005660,1.02286
tr000833,0.666386
tr005830,1.782624
tr001434,2.011483
tr004869,1.040267
tr004173,0.993331
tr014927,2.285134
tr004341,2.359392
tr003259,2.995535
tr011595,1.320825
tr010107,2.545069
tr011421,2.632791
tr002013,2.59813
tr007812,2.637726
tr007484,2.190773
tr014999,1.47017
tr004412,1.639471
tr007597,1.015999
tr014211,2.898885
tr012229,0.894911
tr010020,2.17207
tr002127,1.087597
tr003087,1.44829
tr010586,1.229868
tr014634,1.32939
tr012783,1.68387
tr009294,1.795403
tr004027,2.196358
tr009510,0.90534
tr004956,2.104995
tr000147,2.531617
tr004367,2.514678
tr012327,2.249994
tr007646,2.977388
tr009519,0.585131
tr002375,1.808438
tr008826,0.635727
tr009977,1.310235
tr001416,2.479003
tr010174,1.636211
tr012045,1.788693
tr010307,2.674177
tr002598,2.900873
tr004208,1.691816
tr008009,0.572642
tr014311,2.233769
tr007098,2.587527
tr004357,2.905629
tr011231,0.94282
tr007909,2.492058
tr008129,2.777785
tr013979,1.790362
tr014760,2.423601
tr011503,2.987132
tr009699,1.185351
tr004860,1.425318
tr006725,2.536087
tr002104,1.340982
tr005421,0.877773
tr008172,1.767365
tr008904,2.105058
tr012290,2.18278
tr008538,0.796694
tr005487,2.229819
tr000018,2.075533
tr000321,0.523864
tr013523,0.767055
tr009900,0.972186
tr005605,1.671607
tr014365,0.88528
tr010445,1.046856
tr004566,1.309907
tr003349,1.065381
tr011419,2.214397
tr000672,0.85279
tr007802,1.318364
tr012319,1.015725
tr002938,1.329497
tr002177,1.278062
tr006401,1.199717
tr007080,0.863066
tr010187,0.98296
tr002637,2.376237
tr003059,1.80421
tr004892,1.797444
tr010051,0.729408
tr000758,0.586547
tr012419,1.143806
tr013841,1.578226
tr011920,0.941767
tr007515,2.677853
tr009894,2.668001
tr009107,2.142151
tr010456,2.542121
tr012246,1.456256
tr002051,1.229168
tr012507,2.183852
tr009850,2.704637
tr003947,1.555866
tr006357,1.663549
tr003329,1.694678
tr000851,0.861052
tr009933,0.8778
tr009260,2.778713
tr000091,1.916522
tr003949,0.862004
tr004826,1.781777
tr013409,0.593178
tr013106,2.726495
tr010778,1.782571
tr003399,0.980377
tr010953,2.358439
tr003687,2.984031
tr013242,2.852179
tr005597,2.966361
tr014817,1.60849
tr002974,1.089244
tr011392,0.887773
tr010573,2.750737
tr013803,0.838222
tr001745,1.064887
tr001583,1.365284
tr012782,2.408028
tr001571,0.762002
tr002294,1.60547
tr010032,2.741426
tr001287,2.842876
tr003990,1.157496
tr010585,2.434486
tr012026,0.95599
tr000439,0.887161
tr011441,1.446408
tr013396,2.252052
tr002747,1.881601
tr000412,0.698424
tr003319,1.52475
tr011067,2.478577
tr007635,2.262714
tr003308,1.760917
tr007652,2.59615
tr010240,1.577965
tr008389,2.77214
tr008771,1.817265
tr007139,2.31254
tr007819,2.433601
tr002204,0.768213
tr007824,0.81497
tr007334,1.410568
tr010457,1.316106
tr010529,2.044817
tr002361,1.516464
tr001600,2.439648
tr009306,0.578774
tr009989,0.552221
tr010771,0.748688
tr009577,2.97275
tr012506,2.468803
tr005283,0.787199
tr011735,2.458261
tr011826,1.716115
tr006680,2.421678
tr004295,0.626618
tr013779,1.942906
tr002815,0.574621
tr003232,0.841717
tr001970,2.250722
tr009376,2.421525
tr000466,2.689977
tr011388,0.620791
tr012342,0.548844
tr002460,0.871426
tr004403,1.711459
tr005711,1.38491
tr003724,2.444647
tr007973,0.620465
tr003327,1.080824
tr003712,2.816541
tr005269,2.841814
tr007665,0.693116
tr003428,0.627755
tr003576,2.035683
tr005562,1.428815
tr006150,1.891633
tr012404,0.768305
tr006987,1.541179
tr009199,1.335616
tr011328,2.938537
tr008908,1.861239
tr007069,1.191511
tr007390,2.938464
tr003870,1.480077
tr006871,0.80283
tr003021,2.793199
tr006928,2.731236
tr012947,2.326403
tr001047,1.152533
tr000012,0.813563
tr013268,2.144708
tr005808,2.350756
tr004033,1.287129
tr004580,1.951107
tr004277,1.891519
tr007451,1.110327
tr004377,0.608122
tr011693,2.486739
tr005531,2.718432
tr008105,2.336277
tr009271,2.232818
tr001872,1.175747
tr011811,1.483881
tr011069,1.481834
tr003642,0.57315
tr001493,0.735979
tr006319,2.121047
tr000560,0.744566
tr003871,1.251229
tr014588,1.603839
tr011707,1.657679
tr005120,2.478235
tr014197,1.044086
tr009851,2.419938
tr013788,1.408419
tr000309,2.620617
tr014582,0.653173
tr013526,1.787861
tr013943,2.381876
tr001088,0.803027
tr012567,1.102904
tr013629,1.104671
tr003111,1.151204
tr000344,1.179837
tr008072,2.039553
tr006396,1.781444
tr011065,2.399283
tr005573,1.16758
tr014907,2.041216
tr012636,0.589811
tr010897,2.466133
tr013164,2.985621
tr009948,2.777626
tr002564,0.760572
tr005630,2.188698
tr006340,1.603294
tr006033,1.752883
tr001749,1.784417
tr010536,2.581536
tr000656,2.25639
tr000249,1.896436
tr003391,1.645549
tr009588,2.388138
tr011294,0.694994
tr014188,2.464196
tr008490,2.302067
tr013732,1.320557
tr009353,1.49296
tr004030,1.314856
tr005492,1.676384
tr008161,1.138575
tr014608,2.415817
tr000794,1.087453
tr002942,0.978611
tr000664,0.725368
tr008650,1.659194
tr009323,0.848302
tr012392,2.934087
tr000450,2.256908
tr004748,1.277789
tr012438,0.881928
tr011064,1.044714
tr006533,2.091277
tr005359,1.978196
tr001507,2.757716
tr010701,2.517704
tr007238,2.567468
tr007277,0.943474
tr004503,1.627268
tr011408,0.85669
tr009186,0.649216
tr008088,2.667105
tr002385,1.299454
tr005948,1.852241
tr001593,1.390621
tr000368,2.561742
tr007363,2.639899
tr010387,1.560616
tr014457,2.121081
tr000673,1.484534
tr005739,2.589623
tr001592,0.80404
tr006530,1.393505
tr007532,0.847026
tr000737,0.724215
tr008717,1.370108
tr004089,0.610871
tr003272,0.579154
tr000845,1.827378
tr006583,1.841903
tr006045,0.704341
tr001668,1.711881
tr000039,0.679436
tr006729,1.95784
tr001483,0.684552
tr013691,1.160912
tr004556,0.693392
tr012865,1.86208
tr004283,0.677255
tr002300,2.000045
tr012800,1.269074
tr010251,0.964274
tr014638,2.106996
tr001113,0.804439
tr010367,0.984043
tr003419,2.302313
tr003912,1.74647
tr006679,1.286135
tr005644,1.780146
tr001774,1.436651
tr002832,1.005806
tr005612,1.61517
tr012316,1.401769
tr013110,0.597738
tr006483,1.857438
tr010074,2.243017
tr010746,0.648982
tr013220,2.886955
tr008028,2.234379
tr005510,2.025319
tr001207,2.180083
tr009246,1.937065
tr010105,1.277326
tr007537,2.041834
tr009555,1.858286
tr001497,1.231806
tr014160,0.754664
tr010954,2.966406
tr003700,1.720914
tr008099,2.787345
tr009008,1.829193
tr010228,0.94106
tr007527,1.301477
tr004133,2.649312
tr012106,2.31619
tr006416,2.789834
tr000262,1.08644
tr013084,2.880241
tr000685,0.730597
tr009748,2.806518
tr002663,2.166843
tr009561,1.962486
tr014049,0.520377
tr012367,0.732812
tr013225,0.818946
tr006172,1.020161
tr013985,1.290238
tr007803,2.298048
tr003267,0.931886
tr008116,0.976807
tr002754,2.087613
tr002463,2.107287
tr014599,1.197704
tr009812,0.594032
tr012458,2.91556
tr012122,2.7011
tr014010,1.943638
tr001490,1.871675
tr001424,1.827349
tr012986,2.72678
tr000796,1.155742
tr010031,0.992071
tr000289,1.226935
tr005855,2.889262
tr009344,2.578729
tr012450,0.758428
tr010373,0.889874
tr003591,2.059404
tr007179,0.667178
tr009964,0.592907
tr000873,1.119092
tr011120,2.359582
tr014948,1.27872
tr000169,1.737349
tr000057,1.680743
tr011242,1.981888
tr001686,1.711636
tr002627,0.782585
tr000197,2.213032
tr012544,0.946715
tr007490,1.718596
tr013726,1.325138
tr001470,1.373617
tr001731,2.878869
tr007991,2.829708
tr014403,2.204404
tr004459,2.612292
tr013113,1.500976
tr006287,1.605964
tr001876,1.290563
tr007174,1.680281
tr001573,1.062762
tr014601,1.392799
tr014418,2.787847
tr007590,2.522872
tr003915,1.24971
tr011605,2.651809
tr003114,0.654238
tr006571,2.249311
tr004292,2.734474
tr002912,0.768419
tr011808,1.038242
tr006666,2.505362
tr001934,1.726892
tr004630,1.577209
tr008508,0.836683
tr009881,2.908463
tr011203,2.978356
tr000793,1.880104
tr004345,0.717199
tr011372,1.545356
tr014179,0.848249
tr009739,2.2891
tr003249,1.160386
tr005101,1.1049
tr008616,0.788947
tr007863,1.782528
tr014325,2.629863
tr008695,0.721045
tr012235,1.513105
tr000078,1.296321
tr010116,2.426563
tr008318,0.562182
tr004171,1.541794
tr005720,0.698832
tr014897,2.949596
tr000391,1.506179
tr005976,2.065291
tr003663,1.042283
tr000691,0.651492
tr001703,1.927957
tr013075,0.921372
tr000538,0.928497
tr002305,1.234616
tr005354,0.928255
tr004751,2.541902
tr012271,0.770695
tr004998,1.451471
tr007221,2.236778
tr003324,1.876611
tr002694,2.115038
tr000031,1.039357
tr014707,2.132439
tr014091,1.991909
tr006008,0.908565
tr011442,2.192524
tr004191,1.469574
tr007110,1.823922
tr010444,0.616523
tr006937,1.203543
tr011305,1.773176
tr012088,0.737105
tr014998,2.69357
tr004653,1.302355
tr009721,1.633269
tr000555,0.542955
tr014764,2.843257
tr010772,2.529206
tr009973,0.716636
tr011219,2.393767
tr006300,2.539123
tr010855,1.491322
tr008633,0.509084
tr003950,1.302036
tr001020,2.197549
tr003501,2.122129
tr000736,2.619318
tr004882,1.716307
tr001564,2.808669
tr005147,1.772413
tr000241,2.533461
tr005884,1.051657
tr006565,2.460652
tr005379,1.660393
tr004965,2.229342
tr013800,1.799573
tr000567,2.93499
tr008125,0.985435
tr011193,2.674599
tr011306,1.803262
tr009360,2.526869
tr002570,2.55521
tr002667,2.383857
tr004612,1.789966
tr011416,2.948663
tr008832,2.248704
tr012295,2.392987
tr007205,2.79921
tr011387,1.337402
tr009277,1.172659
tr007743,2.489496
tr004898,1.438607
tr012753,1.283118
tr007236,2.775353
tr014240,1.009088
tr009060,1.865263
tr009994,2.458244
tr005626,2.983876
tr001500,0.884635
tr000596,1.359724
tr006569,2.215443
tr001413,1.313316
tr006762,1.181326
tr005041,1.200414
tr008811,1.248411
tr010835,1.425914
tr013627,0.900615
tr012199,2.313003
tr014224,2.832587
tr009715,1.550478
tr004052,1.954003
tr014598,2.657576
tr010369,1.393724
tr009338,1.105358
tr014925,0.897984
tr002458,0.970514
tr010883,1.645565
tr011366,0.511082
tr012811,2.830115
tr012907,2.535931
tr004475,2.65425
tr006454,0.988725
tr003813,1.234677
tr008022,2.336465
tr001610,1.129059
tr001996,1.599301
tr008003,0.94005
tr012924,2.576386
tr001234,1.600096
tr013750,1.369414
tr001843,1.856134
tr005637,1.514557
tr006932,2.050641
tr005601,0.725012
tr014379,2.494048
tr004945,0.96883
tr003214,2.008874
tr009970,0.540673
tr001857,0.637559
tr008933,1.779635
tr014456,2.042692
tr007612,1.06228
tr003653,1.233441
tr003351,2.911563
tr009377,2.880184
tr012095,2.929155
tr006720,1.108477
tr011042,1.365923
tr014723,0.948992
tr005903,2.366712
tr004393,1.60374
tr001102,1.201311
tr001472,0.702446
tr014945,2.293346
tr001072,2.953167
tr008522,1.88013
tr005583,2.183391
tr004793,2.135403
tr011843,1.705683
tr005273,1.327966
tr005743,1.316184
tr007333,2.707031
tr011934,2.037811
tr014963,1.561044
tr005073,2.966869
tr004768,0.779517
tr010732,2.582449
tr006053,2.96722
tr012704,0.576852
tr010532,2.403516
tr004704,2.204097
tr014562,1.307312
tr006112,1.944372
tr012788,2.354979
tr008705,2.588406
tr005352,2.10217
tr009123,1.136609
tr005839,2.322714
tr005517,1.583337
tr007556,0.981348
tr006949,1.814512
tr007544,1.337405
tr005689,0.970627
tr008487,0.758569
tr014139,0.623294
tr008898,1.99925
tr002239,1.150599
tr007347,1.35112
tr001070,2.914629
tr013776,0.585059
tr004309,1.462948
tr012773,2.886379
tr000611,2.676674
tr002638,0.863734
tr004069,1.344685
tr011454,2.471002
tr010474,0.908521
tr011289,1.52886
tr005387,1.220996
tr013622,2.732623
tr012336,1.73192
tr003899,2.578573
tr000324,0.609154
tr001864,0.656634
tr014219,1.254847
tr002811,1.441044
tr002630,1.299332
tr008782,0.923615
tr000534,0.840549
tr007634,1.561219
tr008041,1.956329
tr002042,1.585107
tr007018,1.271269
tr014641,1.935886
tr004737,1.43993
tr011760,0.991907
tr013771,0.910739
tr000015,2.392911
tr008335,2.359309
tr000104,1.727091
tr000792,0.949081
tr004147,1.680955
tr005525,1.330129
tr002387,1.144356
tr012725,2.572067
tr008869,2.707354
tr014604,2.163091
tr006795,2.630834
tr010902,2.489068
tr009151,2.937371
tr002936,2.562892
tr012697,2.711479
tr013748,2.436907
tr012524,1.531335
tr012685,2.219278
tr010241,2.308119
tr013683,1.953773
tr008658,2.589048
tr013393,1.306927
tr008285,0.963141
tr000286,0.59338
tr010146,1.743396
tr013381,2.922459
tr012242,2.879999
tr004355,2.372895
tr006927,2.21399
tr012519,2.906463
tr009823,2.725158
tr000034,1.539883
tr000902,2.372461
tr004855,2.143567
tr004551,2.709999
tr010382,2.988661
tr012028,2.648609
tr002555,2.84054
tr002316,1.081435
tr010057,1.143236
tr001526,0.511104
tr001992,1.155167
tr008073,2.902427
tr006576,0.614828
tr004567,1.387059
tr008785,2.9058
tr003636,1.747802
tr014469,0.88007
tr003333,2.71311
tr014412,0.696967
tr003832,1.164044
tr003966,1.255117
tr005754,2.396347
tr001840,1.418202
tr008641,2.16456
tr010185,2.922411
tr013618,2.285165
tr011846,2.822853
tr013521,1.408472
tr005866,2.530548
tr002876,2.701569
tr012233,2.384447
tr009959,2.010762
tr002577,2.730854
tr003208,0.978814
tr011999,2.292895
tr003685,0.720094
tr011659,1.422858
tr006614,0.671082
tr003857,1.616542
tr007304,2.859528
tr006389,0.701453
tr000690,1.663131
tr010988,0.829376
tr009304,1.420261
tr002837,2.745714
tr010650,2.629586
tr001570,2.046498
tr009175,1.916467
tr000984,1.464399
tr014735,1.493086
tr005673,0.586523
tr000787,0.873737
tr008451,1.346318
tr000562,1.32102
tr006387,2.578873
tr003436,2.404918
tr003861,2.610778
tr010154,2.254918
tr010110,1.623329
tr007052,1.150104
tr008480,0.507281
tr012910,2.546115
tr007808,2.595902
tr014031,0.966966
tr008312,2.724584
tr008891,2.440625
tr014083,2.346266
tr009880,2.49353
tr004987,0.921292
tr011415,2.176862
tr006110,2.593181
tr003922,1.485504
tr000815,1.035883
tr010262,0.783201
tr009356,0.834488
tr011312,1.424893
tr011003,2.196819
tr004040,1.25149
tr005952,2.758725
tr008678,0.972446
tr007789,0.903395
tr011785,1.76346
tr002971,2.940591
tr009621,2.071062
tr009896,2.570831
tr000591,2.948089
tr011321,1.909787
tr005621,1.280509
tr009934,1.675896
tr012302,0.966007
tr006608,1.717993
tr008180,2.47553
tr011315,2.150879
tr002174,1.197124
tr007798,1.242115
tr002096,2.772152
tr008889,1.965614
tr014454,1.476247
tr011637,2.8016
tr007868,1.391341
tr005098,1.561858
tr007079,1.567035
tr000587,1.490545
tr006939,0.664362
tr011988,1.937598
tr011299,1.914937
tr003401,1.173111
tr004669,2.625423
tr003992,1.251073
tr002467,2.55346
tr001260,0.61118
tr007599,1.526777
tr002919,2.073818
tr008559,1.363015
tr001109,2.379563
tr008545,0.674782
tr009026,2.928318
tr009222,2.062072
tr007073,0.772673
tr013557,1.254236
tr007015,1.770074
tr000058,2.921978
tr012345,0.716893
tr006077,1.296045
tr006152,2.077165
tr006572,1.085271
tr001715,1.913251
tr000265,0.973618
tr002314,2.427352
tr008512,2.980324
tr007421,2.602068
tr013768,0.554504
tr014039,1.0313
tr005138,2.560997
tr013589,1.568207
tr000061,1.816617
tr011043,1.355192
tr012778,0.564538
tr002324,2.196464
tr002101,2.782074
tr007155,2.567067
tr014710,2.833425
tr002905,1.108078
tr007979,0.985898
tr004278,2.651463
tr006867,2.316709
tr010557,1.02557
tr011840,0.718056
tr007389,0.742569
tr007804,1.7718
tr007561,0.883519
tr001309,1.455505
tr008176,1.083966
tr013189,2.24424
tr007930,1.726673
tr014203,2.132508
tr002226,2.641177
tr013136,1.997983
tr005811,2.255148
tr003020,1.351775
tr011304,0.651921
tr004378,2.097128
tr012202,2.186154
tr002831,1.967462
tr005736,1.11308
tr014805,0.697299
tr006612,2.142638
tr011961,2.002326
tr001652,0.964718
tr004446,1.097022
tr011725,2.57564
tr003730,2.784911
tr010432,2.090752
tr000020,2.809292
tr009017,2.2222
tr007291,0.689575
tr008839,0.673411
tr011004,2.643532
tr002075,1.766612
tr004068,2.593027
tr008850,1.643117
tr004572,2.670707
tr013214,2.486994
tr007610,2.741233
tr005604,2.560072
tr008142,1.788502
tr000485,2.675977
tr003824,0.78073
tr004505,0.505427
tr012140,2.962118
tr004103,2.954444
tr010501,1.927748
tr007584,0.558539
tr001708,0.870437
tr011898,0.857531
tr006629,0.715747
tr001086,0.635283
tr009763,0.967159
tr013453,2.302325
tr005370,1.239707
tr001195,1.953056
tr002244,2.771137
tr013598,2.752413
tr008967,1.759692
tr002388,2.030882
tr008108,1.264063
tr003266,2.376201
tr000974,1.989151
tr000671,0.502033
tr010038,1.635187
tr010448,0.648159
tr006461,1.323702
tr003205,2.732224
tr006085,1.306443
tr006970,2.32228
tr012765,1.954771
tr012012,0.526195
tr013134,1.081037
tr003013,1.752016
tr005205,2.238475
tr009535,1.162042
tr013151,0.760176
tr008445,1.84725
tr011600,2.662892
tr013893,1.320999
tr008424,1.141346
tr014964,2.868127
tr001302,1.892346
tr002107,0.528224
tr010955,2.337244
tr002348,2.88486
tr012059,2.865422
tr007017,2.244992
tr011216,2.601151
tr012657,1.370175
tr007653,1.553217
tr008777,0.519123
tr007311,2.836984
tr003190,0.697289
tr003796,2.495601
tr008178,1.199204
tr001313,0.948367
tr005622,1.530671
tr012918,1.548441
tr012148,2.279527
tr007671,2.805196
tr014339,1.371693
tr012082,1.792408
tr002703,2.91901
tr010851,2.364118
tr014577,1.199913
tr011570,2.697787
tr005592,0.738229
tr010199,1.715267
tr005262,0.704466
tr014865,2.902304
tr002814,2.526613
tr007235,1.930598
tr003002,1.85807
tr003927,1.802191
tr002453,1.812605
tr007209,1.031602
tr012645,1.782149
tr007353,0.857318
tr010181,2.821939
tr008283,2.59959
tr007960,0.616651
tr001943,1.689317
tr010113,2.335627
tr011697,2.085075
tr014888,2.461221
tr001948,2.706867
tr002358,1.506182
tr002151,2.388983
tr006908,2.30696
tr009499,1.890345
tr007796,2.382852
tr012479,2.335384
tr006055,2.74346
tr012094,0.92437
tr005603,1.226453
tr003433,1.845109
tr008416,0.746016
tr005245,1.217299
tr014290,0.600153
tr006769,2.503944
tr001563,2.670639
tr000479,1.224532
tr010483,2.897011
tr001177,1.513843
tr010684,1.883926
tr007183,0.879074
tr005361,1.458759
tr010421,2.913798
tr008928,2.135537
tr010537,0.831129
tr002122,2.684536
tr005560,1.756195
tr009405,2.386122
tr009618,1.295702
tr012182,2.268819
tr002892,1.062256
tr004513,1.727468
tr014372,1.519097
tr006973,2.455213
tr013085,2.322039
tr006343,1.805319
tr005433,0.974516
tr011853,1.981437
tr003261,0.925661
tr009636,0.690256
tr013819,1.960995
tr009391,2.831245
tr001259,0.572089
tr003063,2.422345
tr008743,1.175386
tr004303,2.553391
tr011639,0.669259
tr000224,2.894041
tr012669,0.73898
tr012534,2.700511
tr009036,2.684926
tr005764,1.595574
tr006881,0.543135
tr008556,0.999241
tr011871,2.789437
tr001718,0.967587
tr010719,0.514072
tr011625,1.923951
tr012029,1.946411
tr006922,0.936521
tr007449,2.238967
tr011668,1.305001
tr000000,1.690832
tr012784,0.911586
tr006382,2.107455
tr012136,1.614026
tr004273,2.608045
tr011922,1.45883
tr008971,0.976647
tr008256,0.595473
tr006936,0.501354
tr011200,1.400129
tr010766,1.364163
tr003536,0.813994
tr008772,2.233777
tr004609,0.660667
tr010002,0.792302
tr009810,1.874466
tr008868,1.633659
tr001706,1.645542
tr011833,2.018633
tr011782,2.401039
tr009947,2.252899
tr005232,0.849215
tr008268,2.169198
tr008064,0.588003
tr010686,2.544474
tr008690,2.6201
tr011386,2.925749
tr013674,1.982588
tr005298,0.821915
tr001623,1.669057
tr005803,1.042892
tr004787,1.950046
tr007135,1.677436
tr011701,1.157738
tr005836,2.382242
tr009502,2.631642
tr003855,2.874058
tr011956,1.666817
tr006594,2.970383
tr004819,2.411352
tr010073,2.593744
tr014402,2.801832
tr014038,1.436182
tr013052,0.819871
tr000174,1.715988
tr004150,0.629914
tr011683,1.76331
tr002202,2.24396
tr010155,0.59377
tr006760,1.11233
tr003720,1.373032
tr007322,2.712044
tr003775,1.956922
tr001181,1.012758
tr005716,0.98995
tr003598,0.918358
tr012610,0.899197
tr002739,2.959223
tr012151,1.898949
tr011900,2.965749
tr009459,1.414106
tr003260,2.511929
tr001067,2.057374
tr004002,2.814012
tr013385,1.566956
tr002370,1.821216
tr011866,2.30313
tr007486,2.942474
tr008558,2.328613
tr003596,0.843769
tr014286,0.727141
tr008403,2.955917
tr002141,1.170788
tr010522,1.692303
tr013064,0.861175
tr001437,2.001558
tr002540,2.936479
tr005794,1.189938
tr008359,2.235476
tr006983,1.307781
tr009815,2.499119
tr003046,2.714184
tr014519,1.932464
tr005788,2.157906
tr011411,0.92006
tr002293,1.507532
tr000949,0.695211
tr006728,1.418113
tr008793,0.866406
tr005999,2.116252
tr008244,0.866324
tr003458,2.410557
tr009095,1.515813
tr008745,1.456263
tr013729,1.772996
tr008608,2.92931
tr013120,0.794488
tr004814,0.722517
tr009560,2.780171
tr001134,1.277265
tr002072,2.856913
tr006113,2.213205
tr005129,2.665762
tr003448,1.719778
tr009365,2.198072
tr012060,2.395285
tr006069,1.39659
tr013485,1.474077
tr003996,0.991628
tr003180,1.845215
tr014140,2.37391
tr007904,1.588738
tr012436,2.971917
tr005738,0.872338
tr006392,2.024724
tr004139,1.819995
tr003766,1.669036
tr013439,2.705635
tr002079,1.791477
tr000351,2.282563
tr001655,2.785409
tr008993,2.818059
tr003987,2.403053
tr000537,2.426098
tr012974,2.758732
tr000600,2.934691
tr010078,0.970335
tr014194,1.648115
tr006953,2.779588
tr003410,2.440957
tr014324,1.522916
tr001266,1.633973
tr003071,1.625992
tr007410,2.7291
tr002273,1.512843
tr006383,1.069444
tr006393,0.601757
tr013200,0.754897
tr008780,0.636718
tr005513,1.915584
tr003440,0.969733
tr004101,0.910578
tr005715,1.149406
tr010910,1.088596
tr011579,1.386218
tr009905,2.537795
tr004758,0.945301
tr011945,0.803515
tr014609,2.742039
tr012755,2.818761
tr009281,1.594507
tr000701,0.871712
tr011827,2.437669
tr011269,1.4266
tr007036,1.583021
tr013801,0.611662
tr002806,0.782824
tr000863,0.55908
tr004085,2.875073
tr000138,2.376194
tr002338,2.270523
tr012275,0.772779
tr010070,2.418334
tr010600,0.657995
tr006963,2.692115
tr008273,2.137923
tr014567,1.067915
tr006512,1.856448
tr005256,1.915999
tr002315,1.058672
tr009779,1.211878
tr004444,1.526779
tr010235,2.787793
tr014123,2.380419
tr013443,2.840201
tr002143,1.776864
tr002595,0.814491
tr014130,2.375468
tr013147,2.177076
tr007268,2.213267
tr004809,1.552347
tr012546,1.424222
tr011563,2.68232
tr009956,1.169554
tr010972,1.582568
tr006384,2.332857
tr007931,0.50104
tr001575,1.787163
tr008021,1.500544
tr000419,1.980716
tr004185,1.053137
tr013571,1.397439
tr000650,2.126263
tr004209,2.664484
tr013579,1.386278
tr004381,2.002805
tr011987,0.848607
tr005434,1.591844
tr011001,1.867609
tr006791,2.88274
tr003574,2.611413
tr001503,1.566183
tr011526,1.740923
tr006252,1.737329
tr014920,1.532994
tr003535,1.344011
tr011661,1.904417
tr003080,0.979999
tr001035,2.105442
tr005082,1.370302
tr003506,0.64755
tr010783,1.706276
tr008595,2.636268
tr005802,2.225924
tr009505,2.98083
tr003377,2.997752
tr002001,0.645283
tr014396,2.817003
tr006213,2.203805
tr002474,1.020791
tr010589,0.968346
tr004848,2.866092
tr014102,2.833818
tr012787,1.122813
tr014987,2.515607
tr003294,1.539735
tr005507,1.879855
tr007056,1.74061
tr010443,2.642841
tr002135,0.600231
tr004800,2.110982
tr012425,2.076176
tr003847,0.734435
tr006156,1.915663
tr002116,1.465708
tr007252,0.93351
tr002450,1.110253
tr000019,1.791891
tr011160,0.704688
tr002720,2.055175
tr005025,2.399402
tr000961,2.831464
tr010136,0.645372
tr008310,1.772869
tr012674,1.515009
tr004365,2.633163
tr004623,2.572024
tr004254,1.362327
tr000217,1.035003
tr005181,2.009649
tr014687,2.027277
tr012942,2.158927
tr007093,2.230811
tr007855,0.773454
tr003116,0.829662
tr008062,2.842855
tr002845,1.369902
tr002761,2.450216
tr012375,1.620919
tr007784,1.685323
tr003771,0.932141
tr001669,2.508533
tr005699,2.566069
tr014068,1.283653
tr013179,1.348253
tr012877,1.748241
tr005254,0.586292
tr010780,1.443221
tr007478,1.810627
tr002289,2.426793
tr005237,0.537333
tr002793,2.097862
tr012804,1.340683
tr001645,2.763183
tr005800,1.331603
tr003098,1.150521
tr008303,2.753865
tr007899,1.205699
tr013957,2.312376
tr008071,2.899515
tr011017,0.551354
tr003430,2.411289
tr000370,1.356153
tr009110,2.111359
tr002616,1.742555
tr000852,1.265505
tr002233,1.145711
tr014499,1.54762
tr003297,1.859935
tr003527,1.336881
tr007729,2.797124
tr006638,0.711157
tr009384,2.617516
tr009591,0.917533
tr011100,1.953294
tr012844,1.472913
tr000564,1.30371
tr007274,1.509662
tr006189,2.496423
tr014819,0.875743
tr003659,0.581394
tr007565,0.920998
tr007479,2.943745
tr005937,1.795323
tr006228,1.228918
tr011685,1.832742
tr007748,2.91223
tr002399,1.194989
tr010706,2.984107
tr005353,0.970343
tr010590,2.482719
tr003546,2.285722
tr004736,2.094417
tr014176,1.594339
tr005786,1.288161
tr006910,0.754401
tr006659,1.078896
tr011364,1.398355
tr006697,2.980026
tr012611,1.695641
tr013203,0.668461
tr002596,2.19202
tr007427,0.762862
tr003666,0.784022
tr009430,1.03329
tr011076,0.853338
tr010916,0.667426
tr008740,1.868573
tr007512,0.818036
tr006151,2.725213
tr013298,1.557294
tr014443,1.099609
tr013283,1.642413
tr008498,2.801571
tr005613,1.28588
tr013623,1.978905
tr009093,2.685767
tr014212,1.892763
tr009317,2.197855
tr009581,2.519166
tr011877,1.397175
tr000662,0.870767
tr000431,2.381957
tr004773,1.628774
tr005066,1.363319
tr013777,2.129406
tr011434,0.559358
tr000308,1.949274
tr000803,0.803388
tr005199,1.038805
tr001179,2.112329
tr002471,1.32726
tr013936,2.300824
tr013487,1.319499
tr007003,1.403787
tr008086,2.967588
tr003461,2.598106
tr009713,2.545202
tr003045,1.711695
tr004590,1.692703
tr013704,2.116219
tr014803,2.218607
tr003476,1.306221
tr011835,1.321004
tr005467,2.136428
tr001522,1.89441
tr005441,2.631159
tr012749,1.379123
tr002655,0.603181
tr007624,1.237867
tr012355,1.014295
tr007869,0.535384
tr011427,1.917375
tr003217,2.858232
tr013431,2.114674
tr002070,2.890511
tr013900,1.462005
tr011485,0.91063
tr014001,2.635669
tr007608,1.681271
tr009424,2.373721
tr010226,0.876232
tr009204,1.096796
tr000742,1.52813
tr006167,1.121994
tr005124,2.880985
tr014545,1.247579
tr014730,1.093943
tr003018,0.940431
tr014351,1.812511
tr010384,2.564029
tr011481,2.981113
tr004982,1.024015
tr000621,0.942357
tr003068,2.107894
tr001896,0.984689
tr002822,2.212857
tr000270,2.444908
tr008184,1.731209
tr008579,2.276143
tr003465,0.792024
tr003557,1.583659
tr009783,1.581302
tr010994,1.833961
tr000901,1.018309
tr008353,1.653788
tr004693,0.90786
tr004424,1.758962
tr006022,2.629993
tr010047,2.852799
tr001249,1.769394
tr010279,1.880565
tr006854,2.766208
tr014718,1.962277
tr003336,1.787751
tr000470,0.796818
tr001842,1.339454
tr003257,0.736144
tr001077,1.03786
tr006380,1.198859
tr005647,0.859465
tr009554,2.707183
tr000595,0.532272
tr002992,1.487835
tr004709,1.548534
tr012129,2.772389
tr009318,0.580729
tr003797,2.00315
tr005438,1.623142
tr013072,1.874477
tr006487,0.804266
tr000359,0.640339
tr008532,1.047405
tr009253,2.434072
tr005980,2.185109
tr002260,0.595433
tr011159,1.43035
tr009491,2.875056
tr014280,1.98037
tr001253,0.964758
tr001243,1.85933
tr003285,1.554576
tr013392,1.045859
tr011538,2.699847
tr000893,2.631432
tr004784,1.040121
tr014693,2.101555
tr009147,0.554429
tr012824,1.253711
tr010921,0.858981
tr005572,2.172807
tr011814,1.572369
tr001100,0.596475
tr008634,1.467363
tr010644,0.68737
tr005815,0.771009
tr014259,2.327303
tr003489,2.755024
tr007560,1.687173
tr004666,1.248439
tr010885,1.207152
tr014063,2.633049
tr008210,0.506107
tr004214,2.060052
tr000995,0.90993
tr013737,1.882252
tr013811,1.648013
tr002498,2.321504
tr014415,2.550499
tr014870,1.988156
tr010664,1.032323
tr009954,1.914576
tr004200,1.047318
tr001634,0.959223
tr013124,2.215146
tr002339,2.847366
tr000257,2.290899
tr009483,2.035642
tr006079,1.203377
tr013156,0.714854
tr009673,2.568734
tr006448,1.722842
tr007211,1.578994
tr006488,1.605254
tr010324,2.92508
tr011524,1.238514
tr008302,0.623862
tr006642,1.029568
tr014838,2.881546
tr010517,1.576808
tr000376,2.800887
tr014136,1.839369
tr012889,0.755514
tr012411,2.43155
tr003671,0.616328
tr009064,1.022241
tr009638,2.258172
tr007078,1.960528
tr000569,2.023871
tr001456,0.681442
tr003825,0.927249
tr013785,0.873077
tr001733,1.108743
tr013889,2.986763
tr000827,2.507034
tr006042,0.911798
tr007558,2.797866
tr003027,2.923518
tr012495,2.520209
tr003155,1.786231
tr003338,1.466049
tr004193,1.965329
tr013602,2.393806
tr006561,1.656476
tr000372,1.837601
tr007901,1.624076
tr011060,2.475149
tr006948,2.944536
tr014060,1.326734
tr010291,0.514257
tr002547,1.609387
tr009908,1.442999
tr013139,1.699634
tr013074,2.558455
tr002274,0.993419
tr003756,2.734317
tr007407,2.564156
tr008313,2.695533
tr001789,1.142387
tr009687,1.6559
tr014241,1.854551
tr002704,1.28814
tr010770,1.36456
tr014033,1.040754
tr008106,1.759242
tr011722,0.940896
tr007719,1.42222
tr012751,1.194055
tr007548,1.575613
tr012116,2.60597
tr010692,0.598104
tr007240,2.168594
tr010440,1.82467
tr004749,1.733791
tr013353,1.244794
tr007089,1.668577
tr003293,2.280569
tr005453,0.970284
tr008952,1.784816
tr005463,1.760416
tr003475,0.824433
tr007525,1.555119
tr009532,2.399495
tr010316,1.401897
tr012613,1.184219
tr005072,2.136929
tr004738,2.048035
tr011859,0.628313
tr001841,0.522041
tr011867,0.789972
tr005121,2.30538
tr009797,2.578377
tr013642,2.469799
tr000299,2.161246
